"ASVID","nahant_unf_d0_1080","nahant_unf_d1_1083","nahant_unf_d2_1086","nahant_unf_d3_1089","nahant_unf_d4_1092","nahant_unf_d5_1095","nahant_unf_d6_1098","nahant_unf_d7_1101","nahant_unf_d8_1104","nahant_unf_d9_1107","nahant_unf_d10_1110","nahant_unf_d11_1113","nahant_unf_d12_1116","nahant_unf_d13_1119","nahant_unf_d14_1122","nahant_unf_d15_1125","nahant_unf_d16_1128","nahant_unf_d17_1131","nahant_unf_d18_1134","nahant_unf_d19_1137","nahant_unf_d20_1140","nahant_unf_d21_1143","nahant_unf_d22_1146","nahant_unf_d23_1149","nahant_unf_d24_1152","nahant_unf_d25_1155","nahant_unf_d26_1158","nahant_unf_d27_1161","nahant_unf_d28_1164","nahant_unf_d29_1167","nahant_unf_d30_1170","nahant_unf_d31_1173","nahant_unf_d32_1176","nahant_unf_d33_1180","nahant_unf_d34_1182","nahant_unf_d35_1185","nahant_unf_d36_1188","nahant_unf_d37_1191","nahant_unf_d38_1194","nahant_unf_d39_1197","nahant_unf_d40_1200","nahant_unf_d41_1203","nahant_unf_d42_1206","nahant_unf_d43_1209","nahant_unf_d44_1212","nahant_unf_d45_1215","nahant_unf_d46_1218","nahant_unf_d47_1221","nahant_unf_d48_1224","nahant_unf_d49_1227","nahant_unf_d50_1230","nahant_unf_d51_1233","nahant_unf_d52_1236","nahant_unf_d53_1239","nahant_unf_d54_1242","nahant_unf_d55_1245","nahant_unf_d56_1248","nahant_unf_d57_1251","nahant_unf_d58_1254","nahant_unf_d59_1257","nahant_unf_d60_1260","nahant_unf_d61_1263","nahant_unf_d62_1266","nahant_unf_d63_1269","nahant_unf_d64_1272","nahant_unf_d65_1275","nahant_unf_d66_1278","nahant_unf_d67_1281","nahant_unf_d68_1284","nahant_unf_d69_1287","nahant_unf_d70_1290","nahant_unf_d71_1293","nahant_unf_d72_1296","nahant_unf_d73_1301","nahant_unf_d75_1304","nahant_unf_d76_1307","nahant_unf_d77_1310","nahant_unf_d78_1313","nahant_unf_d79_1316","nahant_unf_d81_1322","nahant_unf_d82_1325","nahant_unf_d83_1328","nahant_unf_d85_1334","nahant_unf_d86_1337","nahant_unf_d87_1340","nahant_unf_d88_1343","nahant_unf_d89_1346","nahant_unf_d90_1349","nahant_unf_d91_1352","nahant_unf_d92_1355"
"OTU_2",505,691,718,928,583,637,508,653,654,129,627,282,299,194,356,379,181,124,145,87,437,210,355,416,403,249,346,578,603,582,512,146,133,130,150,200,175,75,36,46,44,37,49,138,42,142,32,17,16,16,222,113,173,76,145,101,218,121,96,93,173,249,113,70,242,71,23,117,121,132,62,78,57,33,75,170,239,197,230,181,117,210,68,167,67,42,72,72,55,91
"OTU_14",77,108,110,106,75,178,45,88,106,49,224,59,88,88,53,41,29,89,71,59,148,268,325,269,272,119,201,144,179,186,192,177,81,41,41,59,37,15,20,13,23,84,50,116,17,89,92,31,35,42,280,213,507,348,178,144,212,104,34,146,59,120,59,205,100,140,52,292,332,407,49,200,151,83,208,73,134,134,113,36,52,48,69,87,78,102,127,83,123,138
"OTU_9",31,48,57,31,35,64,57,67,52,41,71,57,66,84,110,35,45,161,60,37,72,21,81,19,17,29,52,76,144,95,94,81,55,25,30,55,84,33,25,7,19,152,47,55,29,63,72,37,38,33,71,27,56,45,23,111,153,65,20,151,61,173,69,337,445,184,24,57,94,49,53,55,67,20,50,16,77,109,89,55,65,44,107,60,52,134,147,110,141,206
"OTU_4",5,14,18,17,4,7,14,8,4,17,3,51,150,176,444,327,415,397,241,57,166,6,12,8,21,21,31,22,9,6,1,24,38,32,36,10,173,142,39,31,106,62,134,54,107,22,220,66,209,3,8,1,15,5,8,14,52,17,26,9,40,37,25,14,16,9,31,7,3,1,16,9,17,9,35,19,38,49,53,47,30,42,84,83,106,105,45,102,80,29
"OTU_46",29,59,78,87,35,98,20,34,42,12,85,12,12,19,9,9,4,18,21,8,33,44,71,86,69,37,54,45,49,63,61,94,50,37,16,41,12,5,8,5,6,35,8,48,9,44,42,7,15,17,120,91,289,325,177,171,290,109,37,151,45,119,31,135,26,73,52,215,166,243,36,95,67,41,87,24,36,31,31,13,15,12,28,28,18,23,57,27,23,39
"OTU_5",0,0,2,2,1,0,2,3,1,5,1,15,22,13,43,25,16,46,7,0,17,3,2,0,2,5,12,34,0,1,1,12,38,17,10,1,26,44,1,8,75,12,94,31,186,21,377,63,924,7,23,1,12,15,32,24,48,13,40,3,13,28,18,24,40,27,83,24,18,4,97,55,76,27,96,71,121,50,70,26,21,69,162,118,232,220,178,252,408,145
"OTU_1574",0,0,0,0,0,0,0,0,0,0,0,0,0,0,0,0,0,0,0,0,0,0,0,1,1,0,0,0,0,0,0,8,8,6,6,22,25,34,41,34,16,13,30,33,27,21,21,6,5,13,42,64,57,16,26,8,18,22,11,5,19,10,12,24,63,78,51,333,178,212,19,295,156,87,433,297,331,525,132,203,201,364,63,203,81,38,47,35,31,30
"OTU_17",31,45,35,59,53,66,53,46,102,18,108,28,53,43,30,80,38,37,25,30,67,98,77,65,73,52,72,30,54,108,130,37,57,45,57,81,51,30,22,14,15,21,21,37,10,41,30,25,18,29,42,50,78,100,66,47,151,48,23,84,62,85,46,85,86,40,33,90,116,75,28,89,56,44,142,80,103,99,61,57,57,87,41,78,42,29,57,34,32,49
"OTU_28",149,57,29,23,103,84,116,84,85,19,37,81,159,224,224,160,147,222,142,106,72,52,60,46,40,66,56,24,19,12,17,18,13,22,29,58,55,20,6,5,12,26,63,35,22,61,72,32,43,19,69,23,28,99,29,51,88,46,20,46,28,65,50,61,105,43,16,32,43,31,19,15,33,11,20,14,25,33,33,19,27,22,25,21,40,51,48,44,83,87
"OTU_7",207,224,97,128,129,128,78,96,97,39,78,35,73,57,36,37,33,14,72,24,45,105,153,246,134,109,115,128,75,55,128,21,89,42,55,17,11,11,2,8,21,15,12,14,35,23,43,0,7,0,8,2,26,34,50,25,28,28,51,31,28,24,2,1,0,0,1,6,22,21,26,9,15,34,41,67,53,37,105,15,30,82,46,60,55,68,58,56,29,92
"OTU_43",158,133,78,78,126,105,139,117,108,30,65,52,82,57,75,82,60,74,101,68,62,145,130,54,41,58,84,63,75,56,89,36,27,18,24,21,12,15,7,4,13,47,51,24,14,48,36,6,14,5,15,5,4,26,10,47,37,36,15,63,14,42,22,8,11,8,2,16,68,53,42,12,36,45,47,33,57,42,74,30,40,54,49,25,62,50,66,48,41,71
"OTU_6",23,24,17,15,13,11,12,10,11,2,6,3,7,7,5,5,3,2,4,3,3,13,20,21,13,10,15,13,12,7,22,36,196,123,109,58,12,16,0,21,36,30,26,40,54,65,87,3,3,1,10,4,66,65,101,52,64,65,116,65,62,54,8,3,3,0,4,16,34,41,78,31,42,72,78,189,100,87,241,75,95,149,121,147,151,149,152,159,97,182
"OTU_3",1,0,1,2,0,0,0,0,0,0,0,2,4,0,0,0,0,1,1,0,2,0,2,0,0,0,3,11,0,0,0,3,5,2,1,0,2,14,0,2,7,0,7,0,2,0,2,0,10,0,1,0,1,1,14,10,32,30,98,20,85,39,151,645,278,370,597,278,100,51,877,301,125,19,27,27,26,0,2,0,0,1,3,6,1,4,1,3,26,2
"OTU_182",33,30,24,25,27,45,41,18,36,10,26,20,81,65,34,91,71,21,47,27,12,23,32,60,57,60,66,51,35,46,64,26,38,15,32,61,14,26,8,9,11,14,48,43,66,156,96,16,23,17,31,16,29,55,31,40,73,48,28,124,35,104,15,13,2,2,1,9,33,28,56,18,16,16,21,31,32,31,73,44,63,32,88,54,141,118,152,124,88,193
"OTU_13",2,1,4,2,0,0,4,0,1,4,0,8,1,3,0,4,12,1,2,2,5,3,3,3,9,6,5,0,2,3,1,36,4,42,75,98,110,174,443,243,150,165,315,66,123,39,154,119,35,77,78,137,53,125,70,101,27,36,69,21,46,23,55,13,115,51,52,24,31,9,39,32,41,7,6,2,0,32,7,69,55,17,16,7,8,16,2,9,4,0
"OTU_302",182,101,79,42,86,109,146,162,127,102,94,93,92,160,171,122,148,254,304,214,104,125,114,63,32,65,108,103,116,58,73,0,0,0,0,0,0,0,1,0,0,1,0,0,0,0,1,0,0,0,0,0,0,0,0,0,0,0,1,0,0,0,0,0,0,0,0,0,0,0,0,0,0,0,0,0,0,0,1,0,0,0,0,0,0,0,2,1,0,1
"OTU_197",13,6,7,11,11,11,16,10,10,17,9,7,14,12,23,7,22,26,23,18,17,10,14,5,4,13,5,7,4,6,2,84,27,19,42,41,50,34,60,43,40,99,48,63,31,39,45,95,49,90,57,41,40,46,36,88,75,39,32,88,56,72,47,198,262,69,41,53,69,41,40,34,46,19,26,14,29,56,54,34,41,12,41,33,39,74,65,63,60,94
"OTU_23",27,43,38,35,29,29,30,11,32,12,39,14,16,11,10,27,19,10,15,5,25,46,7,9,23,9,17,10,15,17,21,13,7,7,9,17,15,11,23,36,20,10,19,26,37,14,18,10,6,6,23,91,45,24,12,11,15,11,16,9,18,9,8,10,28,25,35,183,67,108,14,169,79,43,249,138,155,281,58,103,103,186,36,98,33,17,22,21,13,19
"OTU_19",2,4,20,15,4,18,6,7,5,26,19,7,9,22,12,17,4,4,2,4,21,79,35,63,78,10,41,11,25,80,53,37,204,121,105,170,44,31,5,17,24,36,29,49,18,23,15,1,10,8,6,2,92,85,72,9,8,9,20,16,51,42,8,8,23,5,4,26,31,13,6,17,11,5,80,116,110,63,43,18,18,55,24,76,22,28,4,9,11,24
"OTU_319",46,81,92,71,62,57,43,58,62,31,53,19,35,12,6,12,6,15,10,19,36,44,54,62,72,58,62,43,44,124,68,52,71,38,34,56,23,14,11,13,25,22,9,41,18,22,19,0,6,1,15,11,30,18,34,28,62,19,17,56,30,38,10,4,1,0,2,6,17,21,10,8,4,3,24,29,23,31,44,29,39,21,21,35,8,15,13,9,18,24
"OTU_58",66,21,21,7,39,50,93,86,47,44,64,179,209,343,257,217,151,204,116,108,41,31,17,6,13,19,25,12,8,6,9,2,5,7,7,10,16,4,1,0,1,1,19,2,4,26,4,7,5,3,6,0,2,3,0,2,2,3,0,2,1,5,1,1,2,5,0,0,1,0,1,1,0,1,0,0,3,0,0,3,1,2,0,0,1,4,2,3,0,2
"OTU_52",51,113,125,161,119,157,68,66,79,11,49,31,44,32,44,32,21,13,18,7,42,13,55,40,35,22,70,181,202,156,215,22,18,11,11,10,18,6,4,5,9,13,9,8,4,15,2,1,4,1,32,8,13,13,13,2,15,2,2,8,9,10,1,0,4,0,0,6,2,4,5,4,5,0,4,6,18,7,14,3,2,5,1,4,4,2,2,4,4,5
"OTU_147",4,8,3,2,7,7,5,5,3,1,3,1,4,4,6,2,1,0,5,0,1,0,4,4,3,1,7,7,1,5,4,6,41,32,61,38,18,22,5,13,35,13,83,49,299,200,142,19,11,11,19,8,25,20,44,11,40,45,75,45,26,60,4,3,1,0,0,1,1,0,29,12,7,5,6,38,36,25,47,18,37,29,89,68,138,112,90,84,54,98
"OTU_21",32,54,29,28,36,27,18,23,30,8,10,9,7,15,8,17,6,2,15,6,7,24,38,42,46,34,27,28,15,12,20,21,84,60,51,18,13,13,0,2,18,20,14,18,33,42,44,2,4,1,10,3,29,30,53,29,44,29,47,26,31,26,5,0,1,1,4,4,15,16,27,12,18,43,38,95,60,46,86,20,60,92,43,51,75,58,71,85,57,72
"OTU_29",16,85,26,46,54,56,22,21,40,7,28,8,24,17,9,25,10,3,13,6,27,16,46,34,26,14,46,40,48,46,84,32,72,46,40,45,11,11,10,7,7,18,16,5,19,42,26,0,5,2,25,9,19,13,11,5,19,14,20,27,27,51,7,5,5,0,3,6,18,21,21,15,13,17,42,58,57,61,111,26,76,110,44,44,38,49,36,36,43,50
"OTU_140",4,16,27,37,24,71,9,34,10,17,45,11,14,14,2,6,1,2,2,6,4,22,25,83,70,25,83,63,105,72,75,156,85,96,59,84,20,25,9,13,35,122,16,72,28,47,8,5,2,3,19,7,23,38,38,10,44,20,14,13,23,29,3,3,3,0,1,1,3,0,5,1,1,5,18,11,25,7,8,4,2,11,10,14,3,3,4,7,6,9
"OTU_146",0,0,0,0,0,0,0,0,1,0,0,0,0,0,0,1,0,0,0,0,0,0,0,0,0,0,1,0,1,0,0,13,14,3,7,12,5,8,3,4,4,6,12,19,17,36,21,5,13,8,18,4,14,20,14,14,28,32,20,52,21,40,11,5,3,2,1,14,33,37,42,20,22,10,19,34,36,45,93,47,85,57,104,52,165,135,204,149,124,226
"OTU_18",63,107,31,30,129,45,57,46,55,11,30,14,35,37,22,52,28,5,10,17,25,15,31,29,42,29,42,45,31,19,38,13,31,24,20,12,7,5,13,10,11,9,7,11,15,11,6,4,9,6,20,5,13,11,12,4,3,14,18,2,8,6,16,30,17,18,10,17,8,31,22,9,10,10,20,85,53,30,62,26,10,42,21,69,23,22,8,13,14,18
"OTU_26",3,0,1,2,3,0,8,2,4,5,1,11,0,1,1,2,10,1,4,6,0,3,2,3,9,10,0,0,1,1,0,21,3,27,32,55,62,89,204,165,78,89,169,55,60,18,78,49,23,40,56,73,38,72,34,60,9,22,35,10,33,6,31,7,58,29,20,11,13,5,17,13,12,3,2,2,0,22,4,28,28,6,10,8,0,5,2,8,1,1
"OTU_272",40,53,51,58,43,73,36,55,37,16,72,7,18,17,2,3,6,6,8,16,23,60,108,97,82,53,106,68,62,65,59,33,10,15,9,16,5,4,0,2,6,26,2,17,4,19,7,3,6,1,10,2,12,12,12,18,25,9,3,34,10,23,4,3,1,2,1,4,11,17,3,4,2,2,3,7,2,0,5,0,0,2,3,2,2,0,9,1,2,3
"OTU_133",5,15,15,19,8,11,18,16,19,20,12,14,7,5,11,4,11,27,11,15,33,93,43,10,11,11,12,7,33,32,27,27,10,14,2,21,15,8,9,5,2,50,6,24,3,11,14,8,10,9,25,27,16,39,21,41,45,24,6,44,30,21,14,121,73,35,11,22,45,26,11,13,19,21,17,6,10,15,17,6,11,16,17,11,9,18,22,16,13,18
"OTU_25",2,4,8,4,4,3,9,7,5,2,5,25,5,3,0,3,8,1,0,5,7,3,6,5,11,16,10,2,3,4,9,11,2,5,11,69,128,100,112,76,76,38,76,35,24,55,35,15,5,26,37,116,58,22,51,26,14,23,33,7,17,6,16,5,0,6,15,19,9,7,5,14,3,2,0,3,4,35,8,33,31,20,3,6,10,9,1,10,2,1
"OTU_174",80,43,34,28,32,41,41,48,35,6,38,18,20,26,16,16,18,41,32,43,38,62,33,29,19,14,22,19,29,20,30,21,12,14,13,24,13,8,7,6,13,53,12,19,8,24,30,6,12,3,13,10,8,66,22,68,30,41,14,74,34,17,15,9,1,1,1,1,8,6,5,0,3,1,1,1,1,0,0,3,1,2,5,5,3,4,9,4,2,5
"OTU_84",0,4,7,7,1,16,0,11,11,18,14,7,3,2,6,3,3,16,9,9,11,32,28,7,4,1,15,15,44,44,40,19,2,4,6,4,10,4,0,3,6,30,6,11,3,12,8,2,14,4,30,20,20,37,14,108,45,33,11,100,35,41,32,131,103,81,12,38,63,49,14,23,22,7,10,6,7,17,8,5,9,4,6,2,3,13,9,15,7,16
"OTU_99",23,34,27,14,30,30,36,33,28,14,44,29,47,51,22,37,26,24,9,10,7,15,11,17,13,19,47,59,35,61,56,15,12,18,19,31,14,20,3,7,7,19,9,15,4,20,6,3,10,1,16,7,5,9,1,2,11,5,6,16,12,26,8,1,2,2,1,1,21,6,3,6,2,10,11,29,26,28,61,37,31,63,17,16,18,11,9,6,22,22
"OTU_123",19,13,33,43,24,97,25,56,39,57,74,27,13,20,16,12,6,14,10,10,30,92,43,26,34,22,36,28,31,44,56,23,14,28,15,19,19,22,3,4,8,39,11,29,7,25,10,1,7,4,29,20,26,74,24,33,27,17,13,14,10,23,11,1,4,3,0,1,0,0,0,0,3,5,1,4,1,4,0,1,1,2,0,0,2,3,0,1,2,3
"OTU_67",9,22,42,58,12,50,12,26,13,45,35,19,11,9,14,5,3,25,17,12,28,39,34,5,6,9,18,30,71,56,51,43,23,24,23,38,57,13,15,12,13,147,18,24,3,4,28,5,10,7,9,10,14,12,7,29,18,14,1,30,9,15,11,51,24,6,3,6,11,7,4,5,9,2,2,2,4,2,1,1,0,3,1,2,1,1,1,0,2,1
"OTU_51",0,1,0,0,0,0,0,0,0,0,0,0,0,0,0,0,1,0,0,0,0,0,0,0,0,0,0,0,0,0,0,28,39,9,17,39,13,15,4,5,12,18,9,22,23,26,29,4,7,3,21,19,24,9,32,13,53,15,15,53,16,15,5,12,8,2,8,17,86,81,35,26,18,8,37,50,32,33,27,38,40,24,54,71,29,38,68,45,63,50
"OTU_94",31,29,60,34,76,63,47,55,54,5,20,32,102,66,70,86,57,49,38,11,53,5,20,20,16,13,19,80,46,32,23,7,13,3,5,7,13,6,3,1,2,1,5,2,14,22,5,2,5,1,14,3,4,2,3,4,7,5,3,6,5,11,2,2,2,1,0,0,0,1,1,0,0,0,2,5,10,4,9,3,2,5,2,7,10,12,10,4,9,13
"OTU_434",60,35,30,17,31,37,58,70,49,43,38,34,26,76,91,51,84,121,107,111,38,53,57,26,16,33,38,58,38,21,25,1,1,0,0,0,0,0,0,0,0,0,1,0,0,0,1,0,0,0,0,0,0,0,0,2,0,0,0,1,0,0,0,0,1,0,0,0,0,0,0,0,0,0,0,1,0,0,0,1,0,0,1,0,0,0,0,0,1,1
"OTU_179",10,12,1,3,13,16,14,9,21,1,8,2,25,26,10,18,10,6,11,5,2,10,6,13,9,8,17,6,6,4,2,7,13,8,10,11,8,10,2,7,7,6,19,17,20,46,21,11,8,7,23,10,19,20,13,10,25,11,6,22,11,48,21,12,32,7,7,21,43,37,15,16,20,30,29,35,51,45,37,18,23,32,21,24,37,41,39,31,47,49
"OTU_92",20,44,24,25,40,33,32,20,37,11,28,20,31,25,22,10,16,33,30,31,28,31,37,12,6,9,24,31,39,15,30,16,6,8,3,6,2,3,1,3,2,7,7,2,5,13,17,3,6,2,9,8,4,11,1,13,21,8,5,19,12,18,6,6,14,1,2,8,32,59,26,25,35,11,15,20,24,22,39,11,25,12,18,7,12,21,22,14,14,10
"OTU_119",113,47,41,35,50,50,67,61,46,28,27,34,36,59,97,58,68,89,83,73,14,61,49,12,8,14,11,10,8,10,16,0,0,4,1,2,3,0,1,3,1,1,1,1,2,1,5,1,0,2,2,1,0,4,1,3,1,1,3,3,0,1,3,3,2,2,0,3,2,8,2,0,2,2,1,0,0,0,1,0,0,1,0,0,0,1,0,0,0,3
"OTU_64",6,35,32,33,21,21,21,16,9,14,20,12,7,5,3,8,8,4,6,5,13,35,12,25,45,28,25,23,20,63,52,23,18,22,28,46,24,9,3,9,3,13,7,26,2,22,17,0,2,4,30,10,27,5,12,1,7,10,4,4,6,2,4,3,19,5,1,17,27,22,15,9,8,0,17,15,17,15,10,9,27,33,16,29,9,19,16,20,20,26
"OTU_47",5,6,9,4,7,2,7,5,2,5,5,6,5,2,6,11,5,24,13,9,19,7,13,12,13,10,3,5,9,10,0,27,10,21,24,27,19,31,36,30,19,24,21,27,13,7,8,7,8,16,23,20,20,11,13,18,18,15,14,17,22,28,17,37,31,10,22,12,16,10,21,27,24,14,31,16,29,36,24,30,20,13,26,14,11,14,11,19,14,11
"OTU_15",0,2,0,0,1,0,0,2,0,0,0,0,2,0,0,0,0,0,0,0,0,0,0,0,0,0,0,0,0,0,0,21,87,12,40,11,16,12,1,7,31,6,23,8,50,7,26,3,2,1,4,1,11,7,57,11,37,35,40,7,22,11,1,5,1,2,3,6,4,1,42,19,9,1,3,10,33,5,49,18,17,12,34,83,50,36,88,95,52,71
"OTU_132",7,0,0,1,0,2,2,1,5,9,6,17,25,26,27,35,9,24,8,0,22,0,1,3,4,3,9,14,3,6,2,4,8,14,14,1,4,2,1,6,5,2,7,1,5,7,4,2,6,0,5,3,6,4,13,9,17,8,11,9,8,22,4,4,9,26,17,25,17,5,48,32,18,27,23,40,55,58,55,26,17,100,60,28,31,28,20,44,53,12
"OTU_181",1,2,3,1,2,1,3,1,1,1,4,0,1,0,1,1,0,1,2,0,0,5,6,2,1,1,3,8,11,5,9,8,3,2,3,2,1,1,2,3,2,9,24,24,7,31,23,3,11,2,51,12,7,43,13,51,47,45,16,95,28,67,4,4,7,1,0,5,10,10,16,4,4,7,13,10,26,33,45,22,22,35,30,21,65,34,35,25,42,70
"OTU_93",11,33,19,20,23,14,17,19,22,7,14,3,20,10,15,9,3,18,15,7,14,17,17,13,9,8,16,17,14,7,9,11,4,5,5,3,2,1,2,0,0,7,1,4,1,5,11,1,4,1,6,4,2,15,2,12,12,5,3,15,4,16,3,5,24,5,1,13,41,75,32,14,53,21,35,8,39,33,49,23,24,19,9,12,14,29,25,11,17,28
"OTU_912",163,47,45,23,49,68,44,51,52,10,26,32,34,38,49,42,51,59,50,41,21,38,48,26,7,24,29,24,14,10,17,0,0,0,0,0,0,0,0,0,0,0,0,0,0,0,0,0,0,0,0,0,0,0,0,0,0,0,0,0,0,0,0,0,0,0,0,0,0,0,0,0,0,0,0,0,0,0,0,0,0,0,0,0,0,0,0,0,0,0
"OTU_56",0,1,1,0,1,0,3,0,0,1,0,3,1,0,1,2,0,0,3,1,1,0,0,4,3,1,0,0,0,2,4,2,0,1,4,114,348,91,43,28,13,11,23,6,7,18,23,6,0,13,25,149,34,4,19,9,19,7,17,0,2,5,0,16,0,6,3,3,2,1,2,4,0,0,0,0,1,39,3,27,21,6,0,5,3,3,0,6,2,1
"OTU_61",63,81,31,37,27,35,33,34,42,13,25,6,25,26,10,18,7,3,20,9,16,37,52,68,55,34,35,25,29,17,40,2,17,10,12,6,1,3,0,1,3,3,3,2,4,2,8,1,1,0,0,1,5,5,11,3,5,10,10,6,3,3,0,0,0,0,0,1,4,2,1,1,1,3,5,6,2,5,12,0,5,8,8,9,3,8,5,14,5,14
"OTU_102",10,1,5,1,2,6,4,5,3,4,5,11,11,21,22,11,12,30,19,16,7,9,3,2,3,3,7,1,7,5,11,4,2,4,4,1,5,3,1,2,3,18,14,6,8,51,40,22,49,15,36,6,2,11,5,41,43,36,13,109,18,29,22,19,11,10,3,3,8,12,10,6,3,18,3,4,14,9,23,2,4,14,17,6,8,34,25,25,14,29
"OTU_1570",23,12,18,34,31,59,32,56,29,25,18,17,10,13,25,5,11,24,12,7,19,6,5,4,6,8,7,4,9,11,8,30,14,11,11,15,5,9,25,16,19,11,4,12,5,3,3,15,13,26,9,12,11,5,16,17,10,13,9,10,12,12,11,14,20,12,24,17,7,5,8,15,14,9,15,6,4,7,6,30,15,3,9,4,7,4,3,9,1,3
"OTU_189",0,0,0,0,0,0,0,0,0,0,0,0,0,0,0,0,0,0,0,0,1,0,0,0,0,0,0,0,0,0,0,0,0,0,0,0,1,0,0,0,1,1,2,0,2,2,7,6,7,0,0,0,0,1,0,1,0,3,0,5,3,1,11,5,0,8,0,0,1,0,0,2,1,0,3,1,8,14,9,9,5,6,44,18,148,172,233,168,107,55
"OTU_75",11,6,0,3,5,4,14,11,11,6,3,12,20,17,29,17,15,15,10,16,9,11,1,2,5,5,2,1,2,2,1,8,2,15,4,7,6,7,0,2,2,10,6,12,9,50,22,31,31,13,14,6,6,7,2,24,17,17,8,41,11,36,43,38,23,10,8,8,8,11,10,4,7,27,5,1,1,3,12,6,3,13,9,5,19,27,21,16,11,23
"OTU_2094",0,0,0,0,0,0,0,0,0,0,0,0,0,0,0,0,1,0,0,0,0,0,0,0,2,1,1,0,0,0,0,2,3,1,4,9,4,5,2,4,3,5,16,9,9,25,19,3,5,1,10,4,13,6,6,7,9,7,4,11,4,19,5,7,44,6,2,15,52,27,10,14,22,19,48,33,54,45,43,25,13,32,35,34,41,36,43,32,39,45
"OTU_101",1,0,0,0,0,0,0,0,0,0,0,0,0,0,0,0,0,0,0,0,0,0,1,1,0,0,1,0,0,0,0,5,10,13,13,5,0,1,1,1,8,0,1,8,11,9,23,1,2,0,6,1,13,6,15,6,27,14,36,12,16,14,2,3,1,0,2,3,8,2,16,4,7,10,7,37,13,9,48,20,14,31,47,61,94,38,59,98,62,73
"OTU_203",27,15,3,3,36,26,26,38,31,21,18,44,67,92,84,50,57,111,63,21,9,7,7,3,2,22,11,6,6,2,2,3,1,2,6,3,2,1,3,3,8,2,2,0,3,4,1,2,1,1,1,3,0,0,2,5,2,3,0,7,2,3,0,0,1,2,2,0,0,0,3,2,0,1,1,2,1,0,0,0,0,2,2,1,2,1,1,1,2,0
"OTU_163",0,1,0,0,4,2,0,0,0,0,0,0,0,0,0,0,0,1,0,0,0,9,2,3,2,1,5,2,0,1,7,2,13,15,13,21,3,1,2,3,17,12,22,21,12,25,6,1,10,2,6,5,37,56,31,8,13,6,9,6,6,33,3,4,9,5,3,7,12,3,7,6,9,5,88,103,69,27,35,15,9,28,11,42,17,3,3,1,6,4
"OTU_168",0,0,0,0,0,0,0,0,0,0,0,0,0,0,0,0,0,0,0,0,0,0,0,0,0,0,0,0,0,0,0,0,0,0,0,0,0,1,0,0,0,0,0,0,0,0,0,0,0,0,0,0,1,1,0,0,0,0,0,0,0,1,0,0,7,12,34,231,273,377,21,1,6,4,0,1,0,0,0,0,0,0,0,0,0,0,0,0,0,0
"OTU_50",5,9,4,4,14,2,5,3,4,10,8,8,8,2,11,2,8,3,5,11,20,5,6,8,9,9,9,1,3,17,0,23,7,18,14,11,10,5,16,14,8,17,9,19,4,12,2,19,19,28,25,5,11,5,15,10,4,36,16,14,21,5,31,6,20,23,25,18,11,7,2,14,55,29,20,9,4,5,2,7,9,4,9,8,3,2,3,4,3,0
"OTU_138",10,10,6,2,4,15,10,19,14,9,8,14,35,37,72,30,34,57,37,12,32,8,7,8,7,5,10,5,9,8,7,5,4,0,3,2,12,3,0,0,0,4,7,1,12,5,9,13,4,9,8,1,1,3,1,22,17,5,2,15,6,15,2,19,22,10,0,1,4,4,8,1,9,1,3,0,5,11,11,6,3,2,9,9,8,12,10,11,19,20
"OTU_150",0,2,8,6,3,12,6,0,4,6,11,0,2,5,3,1,0,5,0,2,4,7,6,7,8,3,15,5,18,52,21,42,49,25,20,11,7,6,0,2,15,14,10,6,3,4,8,0,10,1,5,10,44,55,27,6,10,8,11,11,22,37,6,0,13,3,1,7,15,11,11,8,2,1,10,16,26,11,10,3,9,14,9,5,4,3,0,3,3,8
"OTU_541",11,12,18,16,10,8,7,6,9,13,5,22,2,3,3,7,7,4,7,7,3,8,5,3,4,10,4,0,1,1,5,7,1,11,11,7,10,14,44,26,30,32,21,7,16,2,21,8,5,9,8,9,13,6,11,3,4,6,8,9,9,4,15,10,12,22,15,14,10,10,12,16,20,15,5,7,0,7,2,25,34,8,6,6,3,9,5,4,1,1
"OTU_10",0,0,1,0,0,0,0,0,0,0,2,0,0,0,0,0,0,0,0,3,0,2,0,0,0,0,0,0,0,0,3,0,0,1,0,0,0,2,0,1,11,39,16,68,23,74,19,141,105,206,34,37,10,12,11,5,3,7,4,6,5,1,2,0,3,0,1,0,0,1,1,1,1,3,1,0,0,0,0,0,0,0,0,0,0,0,0,0,0,0
"OTU_128",7,4,1,4,5,12,3,4,10,1,4,0,1,2,0,1,0,0,2,0,1,2,4,9,2,7,2,7,3,2,3,4,34,25,31,10,4,5,0,2,11,4,12,9,54,15,47,3,1,0,2,1,1,9,9,1,4,10,28,4,9,7,0,2,0,0,0,0,1,1,16,1,0,5,7,19,17,5,28,7,4,17,30,45,52,34,20,36,24,34
"OTU_1256",77,32,25,16,22,28,23,52,34,7,23,20,21,25,35,26,26,51,36,38,16,27,32,16,16,14,18,27,17,13,13,0,1,0,0,0,0,0,0,0,0,2,0,1,0,0,1,1,0,0,0,0,0,1,0,0,0,2,1,0,0,0,0,0,0,0,0,0,0,0,0,0,0,0,0,0,0,0,0,0,0,0,0,0,0,0,1,1,0,2
"OTU_423",10,1,8,17,8,24,5,17,10,1,24,2,3,1,2,4,1,1,5,2,6,13,44,48,25,17,31,22,31,31,43,51,28,11,13,20,7,5,2,2,4,11,3,11,2,2,3,1,2,0,5,2,10,12,10,18,15,10,2,15,8,14,3,2,1,2,1,1,2,1,0,1,2,2,2,2,6,2,3,1,0,2,4,0,4,6,12,2,3,4
"OTU_1193",33,16,16,10,16,21,27,37,25,20,20,11,16,40,43,22,40,64,67,48,32,16,26,9,10,18,21,32,27,19,12,0,0,0,0,0,0,0,0,0,0,0,0,0,0,0,0,0,0,0,0,0,0,0,0,0,0,0,0,0,0,0,0,0,0,0,0,0,0,0,0,0,0,0,0,0,0,0,0,0,0,0,0,0,0,0,0,0,0,0
"OTU_440",48,51,53,54,30,22,16,19,15,9,12,12,10,10,3,7,7,13,13,24,17,31,13,13,15,10,6,10,1,2,6,4,9,6,14,5,7,1,4,4,5,15,6,8,3,8,4,3,2,2,2,2,6,11,12,15,11,10,4,19,8,10,3,1,0,0,0,1,0,1,1,0,1,0,2,0,1,0,1,0,0,0,1,0,0,4,2,0,2,1
"OTU_206",1,1,2,1,1,2,0,0,1,0,5,3,1,1,0,0,0,0,1,1,0,2,1,4,1,4,6,4,3,6,6,5,9,5,8,6,2,0,1,3,3,5,18,20,14,36,14,6,4,3,17,6,20,30,17,17,44,21,10,25,10,38,2,5,2,0,0,4,9,12,2,4,5,5,15,15,12,2,14,6,7,5,18,18,19,16,36,15,32,39
"OTU_85",9,4,13,11,3,10,10,7,13,10,8,9,8,5,1,9,8,4,6,14,7,14,4,13,10,14,6,3,5,3,7,14,12,17,10,6,10,7,27,22,11,15,3,16,4,3,6,7,4,13,9,5,9,7,8,13,3,12,7,3,6,13,2,23,25,12,19,22,15,5,8,13,11,10,13,6,3,5,6,8,11,1,11,2,0,2,3,2,1,4
"OTU_41",0,0,0,0,0,0,0,0,0,0,0,0,0,0,0,0,0,0,0,0,0,0,0,0,0,0,0,0,0,0,0,0,0,0,0,0,0,0,0,1,0,0,0,0,0,0,0,0,1,0,0,0,0,0,2,1,0,1,4,0,1,0,3,2,4,9,20,19,4,1,18,32,62,12,37,6,9,3,2,1,8,38,60,39,12,21,23,20,289,24
"OTU_69",2,3,3,1,0,0,0,0,0,4,0,0,0,0,0,0,0,0,0,0,0,0,2,0,0,0,1,0,1,0,0,2,1,7,4,7,4,13,11,12,10,19,27,26,31,25,6,196,43,108,25,28,18,15,19,23,8,6,4,3,2,2,3,3,17,1,1,0,0,0,0,1,0,8,1,2,1,9,0,4,4,1,1,0,0,0,0,1,0,0
"OTU_135",0,0,0,0,0,0,0,0,0,0,0,0,0,0,0,0,0,0,0,0,0,0,0,0,0,0,0,0,0,0,0,5,3,3,0,3,0,0,0,1,1,0,1,7,0,5,9,2,4,0,12,5,7,21,10,10,32,8,7,16,6,16,5,3,9,5,0,2,23,19,21,11,13,10,28,23,45,23,34,24,18,20,30,25,30,24,37,8,38,51
"OTU_589",0,0,2,2,0,1,1,1,1,1,2,1,0,0,1,0,2,1,2,1,0,3,4,2,0,2,1,3,5,7,4,23,13,24,25,20,21,11,3,3,10,22,10,36,7,30,16,5,7,6,15,8,24,64,25,32,16,13,7,14,10,23,11,7,8,9,4,8,9,1,2,4,2,3,12,12,3,10,8,2,8,11,5,5,3,8,2,7,7,3
"OTU_96",0,0,1,2,0,0,0,0,2,7,1,8,21,18,26,30,21,34,22,22,51,7,6,5,2,2,17,5,6,4,3,7,4,6,4,0,16,16,3,4,12,25,37,17,17,10,33,15,32,5,5,0,1,1,1,4,1,2,1,3,1,1,2,3,0,3,1,0,1,0,0,0,3,2,4,1,5,2,7,1,2,4,8,5,18,25,16,15,16,3
"OTU_129",0,0,0,0,0,0,0,0,0,0,0,0,0,0,0,0,0,0,0,0,0,0,0,0,0,0,0,0,0,0,0,3,7,2,3,6,3,4,1,1,1,5,2,8,3,3,3,1,2,1,2,1,2,5,7,6,6,2,5,11,1,6,5,2,1,0,3,7,11,15,3,8,9,7,45,53,41,35,72,51,56,26,33,46,17,14,24,23,23,9
"OTU_8",1,1,0,1,0,1,0,1,1,12,2,8,4,1,13,2,0,0,3,1,26,5,7,5,5,4,47,108,18,6,4,31,94,16,9,0,7,14,0,4,11,3,4,8,15,1,15,8,38,1,12,4,1,9,8,8,2,1,5,2,2,0,5,4,3,3,4,4,1,1,5,6,6,8,6,4,8,0,4,0,0,7,4,2,5,7,2,3,17,10
"OTU_445",0,0,0,0,0,0,0,0,0,0,0,0,0,0,0,0,0,0,0,0,0,0,0,0,0,0,0,0,0,0,0,5,0,1,1,23,57,55,34,35,20,9,12,16,13,15,20,5,2,14,18,53,12,4,15,5,16,8,12,4,3,7,4,4,2,3,3,2,3,15,5,5,2,0,3,1,0,19,7,55,60,9,14,8,9,3,2,11,0,2
"OTU_31",20,13,16,13,7,13,17,8,12,9,6,9,8,3,9,12,11,10,5,17,13,16,10,4,7,2,3,4,4,7,5,3,1,2,4,1,5,1,5,0,3,7,3,6,4,9,8,13,20,17,30,4,4,11,2,5,3,4,2,4,2,5,9,39,16,88,9,6,9,8,6,6,3,10,4,0,2,2,3,4,0,4,4,2,0,2,3,1,2,1
"OTU_30",16,2,5,6,5,5,26,8,8,44,10,43,8,7,7,7,23,6,14,33,9,15,9,9,12,27,9,3,6,4,2,4,1,4,1,2,2,4,5,2,4,5,1,2,2,2,6,2,2,5,7,15,4,11,13,50,8,17,22,5,7,13,31,13,10,18,7,2,2,3,2,4,2,3,1,0,0,0,0,3,3,1,1,0,0,0,1,0,0,0
"OTU_202",12,5,6,2,6,4,6,9,7,1,4,16,72,104,53,61,46,45,27,10,0,0,3,1,3,11,7,4,2,0,0,1,3,3,5,10,14,3,0,0,0,3,7,1,10,21,6,5,10,5,5,0,0,1,1,3,3,1,1,2,0,4,1,0,2,0,1,0,0,0,2,2,1,0,1,0,1,2,2,1,1,1,6,1,6,12,4,3,2,6
"OTU_27",2,6,1,3,1,5,1,2,1,0,1,0,2,3,2,2,1,1,4,2,0,3,2,8,7,4,4,2,1,0,1,6,17,15,17,4,0,1,0,2,4,3,1,0,16,12,18,1,2,1,3,0,7,8,10,2,9,14,14,10,10,10,0,0,1,1,0,2,1,3,9,3,1,4,6,13,6,3,24,9,14,21,26,33,45,38,43,44,32,40
"OTU_199",0,0,1,0,0,0,0,0,0,0,0,0,0,0,0,0,0,2,1,0,2,1,0,0,0,0,2,4,1,0,1,3,11,3,3,0,1,6,0,0,8,3,8,2,8,11,9,5,99,10,12,1,3,23,3,22,24,3,6,5,4,4,11,64,32,8,4,4,4,10,1,13,16,2,21,21,23,2,21,4,5,17,20,5,4,12,20,16,15,12
"OTU_79",3,6,6,4,2,12,1,2,3,7,5,7,20,20,20,12,7,18,9,11,10,4,2,0,1,0,5,5,3,2,2,1,2,7,6,3,16,24,4,2,10,10,28,8,18,12,41,34,83,4,9,3,1,3,2,4,1,5,3,6,6,1,5,16,8,3,2,1,0,0,0,1,5,3,2,5,4,3,2,0,9,6,10,4,7,7,10,5,13,2
"OTU_32",0,0,0,1,0,0,1,0,1,0,0,2,0,0,0,0,0,0,0,1,0,1,0,1,1,6,1,1,0,0,1,1,1,2,2,1,1,1,10,8,3,6,6,8,8,6,4,1,0,3,15,21,8,51,32,46,4,13,35,8,58,38,64,11,17,12,54,24,10,11,10,21,14,3,0,2,1,2,0,5,7,0,4,2,0,0,1,0,0,0
"OTU_738",2,1,0,0,1,0,0,0,1,4,1,1,1,0,0,1,1,0,2,4,1,0,4,5,2,3,1,0,2,6,4,8,1,6,4,9,8,21,24,20,16,11,6,17,14,10,5,84,21,63,28,24,12,10,16,13,13,16,9,7,4,6,2,0,14,4,3,3,2,2,3,7,9,11,8,1,0,3,1,24,12,2,9,4,3,5,2,5,0,0
"OTU_722",0,0,0,0,1,0,0,0,0,0,1,0,0,0,0,0,2,0,1,1,2,3,0,0,1,2,2,1,0,0,4,8,3,9,7,8,3,7,25,20,20,16,12,4,3,4,4,2,7,6,7,4,4,11,6,4,6,8,4,10,9,12,41,7,22,16,70,28,13,18,13,21,50,26,15,5,0,2,3,14,15,5,8,4,3,3,2,7,0,1
"OTU_1127",1,0,1,0,0,0,1,0,0,1,0,5,0,0,0,0,2,0,0,0,1,0,1,0,1,2,2,0,0,0,0,7,0,4,3,4,3,9,17,19,9,14,12,3,7,8,3,7,5,6,4,7,4,25,16,24,4,13,15,3,24,12,46,7,15,21,71,24,21,14,24,22,23,12,8,5,1,4,1,9,11,2,11,7,5,5,3,4,1,0
"OTU_48",0,0,0,0,0,1,1,1,0,0,0,0,0,0,0,0,0,0,0,0,0,0,0,0,0,0,0,0,0,0,1,7,24,18,31,7,3,1,0,4,4,1,2,7,28,11,21,1,3,0,1,0,5,5,10,3,9,8,10,7,5,15,0,0,0,1,0,3,3,0,12,4,7,5,3,18,8,7,20,7,10,21,18,27,53,33,50,53,23,40
"OTU_901",11,16,17,29,14,13,10,14,14,12,26,26,28,24,21,27,19,16,4,1,12,23,19,30,32,11,22,15,11,20,14,6,5,3,0,2,0,1,2,3,4,2,1,2,0,8,1,1,0,0,0,1,1,7,2,1,3,5,4,1,5,2,5,0,2,0,2,5,0,0,1,4,6,1,3,1,3,0,0,0,1,0,1,0,1,1,3,0,2,4
"OTU_1449",42,18,22,15,23,25,29,33,29,10,20,16,13,19,29,21,26,27,20,23,11,24,29,14,12,8,18,19,7,21,18,0,0,0,0,0,0,0,0,0,0,0,0,1,0,0,0,0,1,0,0,0,0,0,0,0,1,0,0,0,0,0,1,0,0,0,0,0,0,0,0,0,0,0,0,0,0,0,0,0,0,0,0,0,0,0,1,2,0,0
"OTU_239",2,4,9,0,4,1,4,2,5,2,4,7,1,0,2,2,5,2,4,5,6,4,1,1,1,2,3,0,1,2,6,15,3,10,13,6,10,11,33,42,30,9,17,8,8,6,15,4,1,3,9,14,6,5,2,1,1,5,2,3,7,2,12,8,7,18,25,15,14,3,5,14,25,8,4,2,1,3,4,13,25,12,8,5,2,8,0,4,2,3
"OTU_38",0,1,2,3,1,1,0,1,0,2,1,4,1,1,1,4,8,0,2,0,22,4,9,15,6,11,13,3,2,5,2,10,8,23,48,94,38,41,27,6,5,0,2,2,6,4,0,0,2,1,8,3,6,1,0,2,4,4,2,1,7,14,4,4,8,9,0,4,3,5,3,5,3,2,3,9,4,15,5,23,5,3,4,4,5,3,2,5,4,1
"OTU_78",0,0,0,0,0,0,2,0,0,0,0,8,20,3,3,17,5,4,0,0,3,0,0,1,0,2,12,4,1,0,1,5,23,18,45,0,11,9,0,2,4,0,2,0,6,0,2,0,1,0,0,0,0,5,1,6,21,11,29,1,14,2,2,39,14,26,3,7,7,3,5,3,5,2,10,38,15,1,4,6,4,41,33,25,8,5,4,6,6,2
"OTU_452",13,19,18,16,20,13,31,29,16,7,34,9,18,13,11,11,5,21,15,17,20,23,16,8,10,5,13,23,16,5,18,3,0,0,1,0,1,0,0,0,0,2,1,0,0,1,2,0,3,0,3,1,2,1,1,6,2,0,0,0,3,1,0,0,2,0,1,4,10,14,2,3,8,1,3,1,4,8,8,1,2,2,2,2,0,3,6,1,5,2
"OTU_57",2,4,0,6,3,9,1,1,8,0,18,2,2,5,1,0,2,0,1,0,1,9,22,8,3,2,21,24,38,42,59,9,21,15,9,0,7,3,0,1,2,9,1,2,0,5,14,0,1,1,1,0,12,8,4,4,1,0,6,2,9,5,3,1,1,0,0,3,6,19,7,3,2,0,6,6,18,26,22,2,8,13,1,3,6,5,1,1,2,6
"OTU_426",9,17,10,13,26,42,23,24,31,22,9,30,14,22,17,41,29,8,9,8,12,9,32,13,21,6,40,6,4,8,15,1,3,3,2,1,4,5,0,0,2,3,4,1,0,0,1,0,1,0,0,0,2,0,0,0,0,0,0,0,0,1,0,0,0,0,0,0,0,0,0,0,0,0,0,0,1,0,3,0,1,3,0,1,0,0,0,0,1,2
