"ASVID","TSP_23_02","TSP_24_02","TSP_25_02","TSP_26_02","TSP_27_02","TSP_28_02","TSP_01_03","TSP_02_03","TSP_03_03","TSP_04_03","TSP_25_05","TSP_26_05","TSP_27_05","TSP_28_05","TSP_29_05","TSP_30_05","TSP_31_05","TSP_01_06","TSP_02_06","TSP_03_06","TSP_24_08","TSP_25_08","TSP_26_08","TSP_27_08","TSP_28_08","TSP_29_08","TSP_30_08","TSP_31_08","TSP_01_09","TSP_02_09","TSP_25_11","TSP_26_11","TSP_27_11","TSP_28_11","TSP_29_11","TSP_30_11","TSP_01_12","TSP_02_12","TSP_03_12","TSP_04_12"
"OTU_1",1.7712045400557,2.34395321037777,2.69824621253211,1.8974049529234,2.99032604902316,3.39422244535508,2.59242285767326,3.6597796803599,2.80594653095796,2.80342447299032,2.59373072665194,3.18899676159123,2.95799955539581,2.32017244280186,2.32795449523408,2.11695372566372,2.6158173401849,2.43854031017046,2.65526257778071,2.50524995193351,3.01876172717679,3.18102326506745,3.25121338046287,2.70089815532761,2.59654697082542,2.71515550594663,2.955333845411,2.97385721034699,2.66001882568093,2.78286533235598,1.6576496201497,1.64533020631047,2.56695017810919,1.64512701112864,1.93422363673744,1.67397186885856,2.05878128883997,2.32495941793273,1.76446784375171,1.44533683459871
"OTU_2",2.6466732774096,2.01853080994314,1.42528053671923,2.81369568479756,1.439728636612,-0.389967188563182,2.63164357082654,1.32440476454286,1.48419069097564,2.28017632922577,1.42365947400168,-0.524575305113081,1.65871657126555,1.50924222658554,1.83547801013629,1.87579166884683,1.11173994340863,1.21476487854834,1.51013027347771,1.50672112182238,2.03793247416507,1.57158535263335,1.30530323140756,2.08185894692139,1.80808961046115,1.7768858673537,1.37979748465258,1.87524492167888,1.721749187088,1.31652826356256,2.21726540808513,2.51032764379708,1.70195274062258,2.51012444861524,1.78007295691018,1.67397186885856,2.25293730328093,2.44274245358911,2.41505540989286,2.44386566470984
"OTU_3",0.567231735729769,2.16163165358381,0.172517568223859,0.981114221049246,1.28557795678474,0.303179991996763,1.77144230560343,1.32440476454286,1.80264442209417,0.200734787545936,2.22216717021945,2.90941189937206,2.10054932354459,2.52084313826402,1.38349288639323,2.4223353752149,2.6158173401849,2.69636941947256,2.65526257778071,1.35257044199512,-0.536478345882161,1.79472890394756,1.64177546802877,2.15085181840834,0.604116806135214,0.678273578685591,2.07294466521252,0.776632633010774,1.92241988255015,-0.4752312056655,1.77543265580609,1.76311324196686,1.00880556006264,0.664297758116914,-0.0116865123178714,1.89711542017277,1.61694853656093,1.34413016492101,1.76446784375171,1.1088645979775
"OTU_4",-1.80656519771948,0.146728633041548,0.172517568223859,0.287967040489301,-0.506181512443315,0.996327172556708,0.472159321473167,-0.467354704685192,0.50336143796391,0.606199895654101,-1.91925042596214,-0.524575305113081,0.154639174489273,0.52841297357381,0.130729917897865,0.171043576608409,0.41859276284868,-0.39467303388576,0.662832413090505,-0.43918902723293,0.651638113045175,0.878438172073403,0.389012499533403,1.05223952974023,0.891798878586995,-0.420338709982519,-0.411961984575478,0.371167524902609,0.217671790311726,-0.4752312056655,-1.74470825110689,0.259035845190583,0.315658379502694,1.64512701112864,1.2410764561775,0.287677507738668,1.21148342845277,1.74959527302917,1.22547134301903,1.9843333353314
"OTU_6",1.26037891628971,1.0630193649157,0.865664748783804,0.693432148597466,-1.93034455401467,0.303179991996763,0.472159321473167,-0.467354704685192,0.791043510415691,1.11702551942009,-2.09320373308558,-0.524575305113081,0.847786355049219,0.52841297357381,0.82387709845781,-0.522103603951537,0.706274835300461,-0.39467303388576,-0.435779875577605,0.253958153327015,0.24617300493701,-1.84238947207453,-0.304134681026542,0.135948797866078,0.19865169802705,-0.420338709982519,0.686650304092632,-1.79339914843922,0.217671790311726,-1.98472600057155,0.271355259029813,0.952183025750529,0.721123487610859,1.51159561850412,0.393778595790293,0.287677507738668,1.02916187165881,0.65098298436106,-0.720438806036288,0.598038974211511
"OTU_11",-2.07482918431416,1.24534092170966,-2.07169426413742,0.287967040489301,-0.506181512443315,-1.85645463717474,0.472159321473167,0.631257583982918,1.60197372663202,-0.492412393014009,0.325047185333572,0.861719056006809,0.847786355049219,0.52841297357381,-0.56241726266208,0.171043576608409,0.929418386614671,-0.39467303388576,0.257367304982341,0.253958153327015,0.651638113045175,1.57158535263335,0.794477607641568,1.05223952974023,-0.494495482532895,-0.420338709982519,0.974332376544413,0.371167524902609,0.217671790311726,-2.07903668004279,-2.01297223770157,-0.434111335369362,-0.377488801057251,-0.434314530551195,-2.22411789749278,-2.06382104693975,-0.580276040775288,-0.44762930430705,0.665855555083603,-0.500573314456599
"OTU_13",-0.531380552938341,1.0630193649157,-2.2784886774501,-2.13754299107805,-0.506181512443315,-0.389967188563182,0.759841393924948,-2.10902064143883,-0.5952508507042,-2.21755382995243,0.835872809099562,1.42133484394223,0.847786355049219,1.50924222658554,0.130729917897865,-0.522103603951537,1.26589062323588,1.21476487854834,1.1736580368565,0.65942326143518,-2.18825062214282,-0.507856189046487,-0.304134681026542,-0.557198382693867,-2.22564998381162,-2.25116919953192,-2.10689928105819,-0.321979655657336,-2.25066092316253,-2.28583109335547,-2.21976665101425,-2.22542156202994,0.315658379502694,-2.19550757438723,-0.0116865123178714,-2.27061546025243,0.518336247892822,-0.44762930430705,-0.720438806036288,-0.500573314456599
"OTU_10",0.567231735729769,0.839875813601494,0.577982676332024,0.693432148597466,-2.34585999797634,-2.17765940166516,0.0666942133650025,-0.467354704685192,0.0978963298557455,-2.33196418113017,0.612729257785353,0.861719056006809,0.847786355049219,1.22156015413375,-0.56241726266208,0.171043576608409,0.41859276284868,0.298474146674185,-0.435779875577605,0.253958153327015,-2.30266097332057,0.878438172073403,-2.15181318827545,-0.557198382693867,-2.34006033498937,-0.420338709982519,-2.22130963223594,-0.321979655657336,0.62313689841989,-0.4752312056655,-0.421791921530132,-0.434111335369362,0.315658379502694,-0.434314530551195,-2.5453226619832,-2.38502581143018,-0.580276040775288,-0.44762930430705,-0.720438806036288,-2.33368258629119
"OTU_5",-2.42680560747133,-0.546418547518397,0.172517568223859,0.287967040489301,-2.37663165664309,-0.389967188563182,-2.38976293351082,-2.25420265128332,-2.40351069820992,0.200734787545936,-2.539490835714,-2.27405679237378,-2.34087706025346,0.122947865465645,0.82387709845781,-2.30302561079678,-2.44525324290854,-2.27179010450976,-0.435779875577605,-2.40793931042447,-2.33343263198732,0.185290991513458,0.389012499533403,0.541413905974242,-0.494495482532895,-0.420338709982519,-2.25208129090269,-0.321979655657336,-2.39584293300702,0.62338108300261,-2.36494866085875,-0.434111335369362,-0.377488801057251,1.35744493867686,1.4923908844584,0.287677507738668,1.02916187165881,0.245517876252895,1.22547134301903,0.598038974211511
"OTU_9",0.161766627621604,-2.61577934480973,-2.65072813792994,0.287967040489301,-2.60368910727844,-2.43548851096726,-2.61682038414617,-2.48126010191867,-0.5952508507042,1.11702551942009,0.325047185333572,-2.50111424300912,-2.56793451088881,-2.62116096768773,0.82387709845781,0.576508684716573,-2.67231069354389,0.298474146674185,-0.435779875577605,-2.63499676105982,-0.446974175622935,-2.51573402533829,0.389012499533403,-0.557198382693867,0.19865169802705,-2.62340866001176,-0.411961984575478,-0.321979655657336,-0.47547539024822,0.217915974894446,-0.421791921530132,-0.434111335369362,-0.377488801057251,0.664297758116914,0.681460668242074,0.287677507738668,-2.67546479080758,0.245517876252895,0.378173482631822,-2.59151169559329
"OTU_151",0.161766627621604,0.146728633041548,-2.71135275974638,-0.405180140070644,-0.506181512443315,-2.4961131327837,0.759841393924948,-2.54188472373511,-0.5952508507042,-2.65041791224871,-0.0804179227745927,-2.56173886482556,-0.538508006070672,-2.68178558950417,-0.56241726266208,-2.59070768324856,-2.73293531536033,-0.39467303388576,-2.58841639920184,-2.69562138287626,-2.6211147044391,-0.507856189046487,-0.304134681026542,1.05223952974023,0.891798878586995,-0.420338709982519,0.281185195984468,-2.52736832351942,-0.47547539024822,-2.71869517565175,-2.65263073331053,-0.434111335369362,-0.377488801057251,-0.434314530551195,0.681460668242074,-2.70347954254871,-0.580276040775288,1.16180860812705,-0.720438806036288,0.598038974211511
"OTU_101",-0.531380552938341,-2.7864048618405,-0.520629612336086,-2.68040796858865,-0.506181512443315,-0.389967188563182,0.0666942133650025,-2.65188561894943,1.0141870617299,0.606199895654101,-0.773565103334538,0.574036983555028,-2.73856002791957,0.122947865465645,-2.83837442887941,0.576508684716573,0.0131276547405158,-2.66947307217587,-0.435779875577605,-2.80562227809058,-0.446974175622935,0.185290991513458,-0.304134681026542,0.541413905974242,0.19865169802705,-0.420338709982519,0.686650304092632,-2.63736921873375,0.217671790311726,-2.82869607086608,-2.76263162852486,-2.76828653954055,-2.70899722702496,-2.73837255189784,-2.97377728831607,-2.81348043776304,-2.84609030783834,-2.70074366848308,-0.0272916254763428,-2.76213721262406
"OTU_8",-0.531380552938341,0.146728633041548,0.577982676332024,-0.405180140070644,-2.7743146243092,0.303179991996763,-0.626452967194943,-0.467354704685192,-2.80119366587603,0.200734787545936,-2.93717380338011,-2.67173976003989,-2.73856002791957,-2.7917864847185,-0.56241726266208,-0.522103603951537,0.0131276547405158,-2.66947307217587,-2.69841729441617,-0.43918902723293,0.651638113045175,-2.68635954236906,-2.58026781460831,0.135948797866078,0.604116806135214,-2.79403417704253,0.686650304092632,-0.321979655657336,0.217671790311726,0.217915974894446,-2.76263162852486,-2.76828653954055,-2.70899722702496,0.25883265000875,0.681460668242074,-0.405469672821278,-2.84609030783834,-0.44762930430705,-2.97774723211448,-0.500573314456599
"OTU_7",-2.8721166241267,-0.546418547518397,-0.520629612336086,-2.72803601757791,-2.82194267329846,0.708645100104927,0.472159321473167,1.32440476454286,-2.84882171486528,-2.80804685645229,-2.98480185236936,0.168571875446864,0.560104282597438,-2.83941453370775,0.82387709845781,-0.522103603951537,-2.89056425956391,0.298474146674185,-2.74604534340543,-2.85325032707984,-2.77874364864268,-2.73398759135831,-0.304134681026542,-2.80048890179346,0.604116806135214,-2.84166222603178,-2.69739230755805,0.371167524902609,-2.84115394966239,-2.87632411985533,0.271355259029813,0.259035845190583,-2.75662527601422,-0.434314530551195,-0.704833692877817,-2.86110848675229,-2.8937183568276,-0.44762930430705,-3.02537528110374,0.192573866103346
"OTU_12",0.567231735729769,-0.546418547518397,0.577982676332024,-0.405180140070644,0.18696566811663,-0.389967188563182,-0.626452967194943,-0.467354704685192,-2.9248076218432,-0.492412393014009,-3.06078775934729,-2.79535371600706,-0.538508006070672,-2.91540044068567,-0.56241726266208,0.576508684716573,-2.96655016654183,-0.39467303388576,-0.435779875577605,-2.92923623405776,-0.446974175622935,-2.80997349833623,-0.304134681026542,-2.87647480877139,-0.494495482532895,-2.9176481330097,-2.77337821453598,-0.321979655657336,-2.91713985664031,0.217915974894446,0.676820367137978,-0.434111335369362,-2.83261118299214,-2.86198650786502,0.681460668242074,-0.405469672821278,-2.96970426380552,-2.82435762445026,-3.10136118808166,0.192573866103346
"OTU_34",-0.531380552938341,-0.546418547518397,-3.05619324603811,-2.91524755966606,0.592430776224794,-0.389967188563182,0.0666942133650025,-2.88672521002684,0.0978963298557455,-2.99525839854044,-3.17201339445751,-2.90657935111729,-2.97339961899697,-0.5701993150943,-0.56241726266208,-0.522103603951537,-3.07777580165206,-2.90431266325327,0.257367304982341,-0.43918902723293,0.24617300493701,-0.507856189046487,0.389012499533403,-2.98770044388161,-0.494495482532895,-0.420338709982519,-2.8846038496462,0.371167524902609,-3.02836549175054,-3.06353566194348,-0.421791921530132,0.259035845190583,0.315658379502694,-2.97321214297524,-3.20861687939347,-0.405469672821278,0.112871139784657,-0.44762930430705,-3.21258682319188,-2.99697680370146
"OTU_44",-0.531380552938341,-3.05109741606758,-3.08604620918779,-2.94510052281574,0.18696566811663,-0.389967188563182,-3.05213845540401,-2.91657817317652,-0.5952508507042,-3.02511136169012,-0.0804179227745927,-2.93643231426697,0.154639174489273,-3.05647903894558,-0.56241726266208,1.87579166884683,-3.10762876480174,-0.39467303388576,-2.96310984864325,-3.07031483231767,-0.446974175622935,-2.95105209659614,-0.304134681026542,-3.01755340703129,-3.03320751554931,0.678273578685591,-2.91445681279588,-2.90206177296083,-3.05821845490022,-3.09338862509316,0.964502439589759,-3.03297909376763,-2.97368978125204,-3.00306510612492,-3.23846984254315,-0.405469672821278,-3.11078286206543,-2.96543622271016,-3.24243978634156,-0.500573314456599
"OTU_26",0.854913808181549,-0.546418547518397,0.172517568223859,0.287967040489301,0.18696566811663,-2.90157824089186,-0.626452967194943,-2.94734983184327,-0.5952508507042,-3.05588302035687,-3.23263801627395,-2.96720397293372,-0.538508006070672,-0.5701993150943,-3.13383864177325,-0.522103603951537,0.0131276547405158,-0.39467303388576,-0.435779875577605,-0.43918902723293,-0.446974175622935,-0.507856189046487,-2.87573202750215,-0.557198382693867,-3.06397917421607,-3.08949838993636,-0.411961984575478,-2.93283343162759,-3.08899011356697,-3.12416028375991,-3.05809584141869,-3.06375075243439,-0.377488801057251,-0.434314530551195,-0.704833692877817,-3.10894465065688,0.518336247892822,-2.99620788137692,-0.720438806036288,-3.05760142551789
"OTU_33",-3.11995278803128,0.552193741149713,-0.520629612336086,0.287967040489301,-3.06977883720304,-2.90157824089186,-3.08291011407077,-2.94734983184327,0.50336143796391,-3.05588302035687,-3.23263801627395,-0.524575305113081,-0.538508006070672,-0.5701993150943,-3.13383864177325,-2.99617279135672,-0.680019525819429,-2.96493728506971,0.257367304982341,-3.10108649098442,-3.02657981254727,-0.507856189046487,-2.87573202750215,-3.04832506569805,-3.06397917421607,-3.08949838993636,-2.94522847146264,-2.93283343162759,0.217671790311726,-3.12416028375991,-3.05809584141869,0.664500953298748,-3.0044614399188,-0.434314530551195,-3.2692415012099,1.20396823961282,-0.580276040775288,-2.99620788137692,0.665855555083603,-3.05760142551789
"OTU_21",-3.15170148634586,-0.546418547518397,-3.14856656616912,-3.00762087979707,-3.10152753551762,-2.93332693920644,-3.11465881238535,-2.97909853015785,-3.12840657708444,-3.08763171867145,0.325047185333572,-0.524575305113081,-3.06577293912799,0.122947865465645,0.82387709845781,1.08733430848256,-3.17014912178307,-0.39467303388576,-0.435779875577605,0.947105333886961,-3.05832851086185,-0.507856189046487,-2.90748072581673,-3.08007376401263,0.19865169802705,0.272808470577426,-2.97697716977722,-2.96458212994217,-3.12073881188155,-3.15590898207449,-3.08984453973327,-3.09549945074897,-0.377488801057251,-3.06558546310626,-0.704833692877817,-0.405469672821278,-3.17330321904676,-0.44762930430705,-3.3049601433229,-3.08935012383247
"OTU_31",-3.18449130916885,-3.14640759587191,-3.18135638899212,-0.405180140070644,0.18696566811663,-2.96611676202943,-0.626452967194943,0.225792475874754,-3.16119639990743,-3.12042154149444,0.325047185333572,-3.03174249407129,-0.538508006070672,0.81609504602559,0.130729917897865,-3.0607113124943,0.0131276547405158,0.298474146674185,-0.435779875577605,-3.16562501212199,-0.446974175622935,-3.04636227640046,0.389012499533403,-3.11286358683562,-0.494495482532895,-0.420338709982519,-0.411961984575478,-2.99737195276516,-3.15352863470454,-3.18869880489748,-3.12263436255626,-0.434111335369362,-3.06899996105637,-0.434314530551195,-3.33378002234747,-3.17348317179445,-3.20609304186975,-0.44762930430705,-3.33774996614589,-3.12213994665547
"OTU_147",-3.32759215280952,-3.28950843951258,-3.32445723263279,-0.405180140070644,-0.506181512443315,-0.389967188563182,-0.626452967194943,-0.467354704685192,0.50336143796391,-3.26352238513512,-3.44027738105219,-0.524575305113081,-3.24166360559165,-3.29489006239058,0.130729917897865,-0.522103603951537,-3.34603978824673,-3.17257664984795,-0.435779875577605,-3.30872585576266,0.24617300493701,0.878438172073403,-0.304134681026542,-3.25596443047629,0.891798878586995,-0.420338709982519,-3.15286783624088,-3.14047279640583,-3.29662947834521,-3.33179964853816,-3.26573520619694,-3.27139011721263,-3.21210080469704,-3.24147612956992,-3.47688086598815,-3.31658401543512,-3.34919388551042,-0.44762930430705,-3.48085080978656,-3.26524079029614
"OTU_17",-3.3668128659628,-3.32872915266586,-3.36367794578607,-3.22273225941402,-3.31663891513456,-3.14843831882339,-0.626452967194943,-0.467354704685192,-3.34351795670139,-3.3027430982884,-3.47949809420547,-0.524575305113081,-0.538508006070672,-3.33411077554386,-3.38069871970477,-3.24303286928825,-3.38526050140002,-0.39467303388576,-3.24074158524153,0.253958153327015,-3.27343989047879,-0.507856189046487,-3.12259210543368,-0.557198382693867,-3.31083925214759,-0.420338709982519,-3.19208854939416,-0.321979655657336,-3.3358501914985,0.62338108300261,-0.421791921530132,-3.31061083036591,0.315658379502694,0.25883265000875,-0.704833692877817,-3.3558047285884,0.112871139784657,-0.44762930430705,-3.52007152293984,0.192573866103346
"OTU_24",0.161766627621604,-3.36955114718611,0.172517568223859,-3.26355425393427,-0.506181512443315,-0.389967188563182,-3.37059218652255,-3.23503190429505,0.0978963298557455,-3.34356509280865,-3.52032008872573,-3.2548860453855,-3.32170631326519,-3.37493277006411,-3.42152071422503,-3.2838548638085,-3.42608249592027,-0.39467303388576,0.257367304982341,-0.43918902723293,-0.446974175622935,-0.507856189046487,-3.16341409995393,-3.33600713814983,-3.35166124666785,0.678273578685591,-0.411961984575478,-0.321979655657336,-3.37667218601875,-0.4752312056655,-3.34577791387047,-3.35143282488617,-0.377488801057251,-3.32151883724346,-3.55692357366168,0.287677507738668,-0.580276040775288,-3.2838899538287,-3.5608935174601,-3.34528349796968
"OTU_20",-3.40763486048306,-3.36955114718611,-0.520629612336086,-3.26355425393427,-3.35746090965482,-3.18926031334364,-0.626452967194943,-0.467354704685192,-0.5952508507042,-3.34356509280865,-3.52032008872573,-0.524575305113081,-0.538508006070672,-3.37493277006411,-3.42152071422503,-3.2838548638085,-3.42608249592027,-0.39467303388576,-3.28156357976179,-3.3887685634362,-3.31426188499905,-3.26950582771467,-0.304134681026542,0.541413905974242,-3.35166124666785,0.272808470577426,-3.23291054391442,-0.321979655657336,-3.37667218601875,0.911063155454391,-3.34577791387047,-3.35143282488617,0.315658379502694,-3.32151883724346,-3.55692357366168,-3.39662672310866,0.112871139784657,-0.44762930430705,-3.5608935174601,-0.500573314456599
"OTU_51",0.161766627621604,-0.546418547518397,0.172517568223859,-0.405180140070644,0.18696566811663,-3.23181992776244,-3.41315180094134,-3.27759151871385,-0.5952508507042,-3.38612470722745,-0.773565103334538,-0.524575305113081,-0.538508006070672,-3.41749238448291,-3.46408032864382,-3.3264144782273,-3.46864211033907,-3.29517897194029,-0.435779875577605,-3.431328177855,-0.446974175622935,-3.31206544213347,-0.304134681026542,-3.37856675256862,-3.39422086108664,-3.41974007680694,-0.411961984575478,-0.321979655657336,-3.41923180043755,-3.45440197063049,-3.38833752828927,-0.434111335369362,-0.377488801057251,-3.36407845166225,-3.59948318808048,-0.405469672821278,-0.580276040775288,-0.44762930430705,-3.6034531318789,-0.500573314456599
"OTU_19",-3.45019447490186,-0.546418547518397,0.172517568223859,-3.30611386835307,-3.40002052407361,-0.389967188563182,0.759841393924948,-0.467354704685192,-3.42689956564044,0.200734787545936,-3.56287970314452,-3.2974456598043,-3.36426592768398,-3.41749238448291,-3.46408032864382,-0.522103603951537,0.0131276547405158,-0.39467303388576,-3.32412319418058,-3.431328177855,-3.35682149941784,-0.507856189046487,-3.20597371437273,-3.37856675256862,-0.494495482532895,-3.41974007680694,-3.27547015833321,-3.26307511849816,-3.41923180043755,-3.45440197063049,-3.38833752828927,-3.39399243930496,-0.377488801057251,-0.434314530551195,-3.59948318808048,-3.43918633752745,0.112871139784657,-3.3264495682475,-0.720438806036288,-0.500573314456599
"OTU_15",-3.45019447490186,-3.41211076160491,-3.44705955472512,0.287967040489301,-3.40002052407361,-0.389967188563182,-0.626452967194943,-3.27759151871385,-3.42689956564044,-3.38612470722745,-3.56287970314452,-3.2974456598043,-3.36426592768398,-0.5701993150943,-0.56241726266208,-0.522103603951537,-0.680019525819429,-3.29517897194029,0.257367304982341,-0.43918902723293,-3.35682149941784,-3.31206544213347,-3.20597371437273,-3.37856675256862,-3.39422086108664,-3.41974007680694,0.281185195984468,-3.26307511849816,-0.47547539024822,-3.45440197063049,-3.38833752828927,-3.39399243930496,0.721123487610859,0.25883265000875,-0.704833692877817,0.287677507738668,-3.47179620760276,-3.3264495682475,-3.6034531318789,-0.500573314456599
"OTU_45",-3.49464623747269,-3.45656252417574,-3.49151131729595,0.287967040489301,-3.44447228664445,-0.389967188563182,-3.45760356351218,-0.467354704685192,-0.5952508507042,-0.492412393014009,-3.60733146571536,-3.34189742237513,-0.538508006070672,0.122947865465645,-0.56241726266208,0.171043576608409,-3.5130938729099,-3.33963073451112,-3.36857495675142,-3.47577994042583,0.651638113045175,-3.3565172047043,-0.304134681026542,0.135948797866078,-0.494495482532895,-0.420338709982519,-0.411961984575478,-3.307526881069,-3.46368356300838,-3.49885373320132,-3.4327892908601,-3.4384442018758,-0.377488801057251,-3.40853021423309,-3.64393495065131,-3.48363810009829,-3.51624797017359,-3.37090133081833,-3.64790489444973,-3.4322948749593
"OTU_25",0.567231735729769,-0.546418547518397,-0.520629612336086,-0.405180140070644,-3.44447228664445,-3.27627169033327,-3.45760356351218,-3.32204328128468,-3.47135132821127,-3.43057646979828,-0.0804179227745927,-3.34189742237513,-3.40871769025482,-0.5701993150943,-3.50853209121466,-0.522103603951537,-0.680019525819429,-3.33963073451112,-3.36857495675142,-3.47577994042583,-3.40127326198868,0.185290991513458,-3.25042547694356,-0.557198382693867,-3.43867262365748,-3.46419183937777,-0.411961984575478,-0.321979655657336,-3.46368356300838,-0.4752312056655,-3.4327892908601,-0.434111335369362,-0.377488801057251,-3.40853021423309,-3.64393495065131,-3.48363810009829,0.112871139784657,-0.44762930430705,-3.64790489444973,-3.4322948749593
"OTU_65",-0.531380552938341,-0.546418547518397,-0.520629612336086,-0.405180140070644,0.18696566811663,-3.32279170596817,-3.50412357914707,-3.36856329691957,-3.51787134384617,-0.492412393014009,-0.0804179227745927,-3.38841743801003,-3.45523770588971,-0.5701993150943,-3.55505210684955,-3.41738625643303,-3.55961388854479,-3.38615075014601,-3.41509497238631,-3.52229995606072,-3.44779327762357,-0.507856189046487,-3.29694549257845,-3.46953853077435,-3.48519263929237,-3.51071185501267,-0.411961984575478,-3.35404689670389,-0.47547539024822,-0.4752312056655,0.676820367137978,-3.48496421751069,-3.4256749049951,0.25883265000875,-3.6904549662862,-0.405469672821278,-0.580276040775288,-3.41742134645322,-3.69442491008462,-3.4788148905942
"OTU_30",0.161766627621604,0.146728633041548,-3.53803133293085,-3.39708564655879,-3.49099230227934,-3.32279170596817,-0.626452967194943,-3.36856329691957,-3.51787134384617,-3.47709648543317,-0.773565103334538,-3.38841743801003,-3.45523770588971,-0.5701993150943,-0.56241726266208,-3.41738625643303,-3.55961388854479,-3.38615075014601,-3.41509497238631,-3.52229995606072,-3.44779327762357,-3.4030372203392,-0.304134681026542,-3.46953853077435,0.19865169802705,-3.51071185501267,-0.411961984575478,-3.35404689670389,-0.47547539024822,-3.54537374883622,-3.479309306495,0.664500953298748,-3.4256749049951,-0.434314530551195,-3.6904549662862,0.287677507738668,-3.56276798580848,-0.44762930430705,-3.69442491008462,-0.500573314456599
"OTU_16",-0.531380552938341,-3.55187270398007,-3.58682149710028,-3.44587581072823,-3.53978246644877,0.303179991996763,-3.5529137433165,-3.41735346108901,0.0978963298557455,0.200734787545936,-3.70264164551968,-3.43720760217946,-3.50402787005914,-0.5701993150943,0.130729917897865,-3.46617642060246,-0.680019525819429,-3.43494091431544,-3.46388513655574,-3.57109012023015,-3.496583441793,-3.45182738450863,-3.34573565674788,-3.51832869494378,-0.494495482532895,-0.420338709982519,-0.411961984575478,-3.40283706087332,-0.47547539024822,-3.59416391300565,-0.421791921530132,-0.434111335369362,-3.47446506916453,-3.50384039403741,-0.0116865123178714,-0.405469672821278,-3.61155814997792,-3.46621151062265,-3.74321507425405,-3.52760505476363
"OTU_29",-0.531380552938341,-0.546418547518397,-3.58682149710028,-3.44587581072823,0.18696566811663,-0.389967188563182,-3.5529137433165,-3.41735346108901,-0.5952508507042,-3.52588664960261,-3.70264164551968,-3.43720760217946,-3.50402787005914,-0.5701993150943,-3.60384227101898,0.171043576608409,-0.680019525819429,-3.43494091431544,-3.46388513655574,-3.57109012023015,-0.446974175622935,-3.45182738450863,-0.304134681026542,-3.51832869494378,-3.5339828034618,-3.5595020191821,-3.41523210070837,-3.40283706087332,-3.55899374281271,-3.59416391300565,-3.52809947066443,-3.53375438168012,-3.47446506916453,-0.434314530551195,-3.73924513045564,-3.57894827990261,0.806018320344603,-0.44762930430705,-0.720438806036288,-0.500573314456599
"OTU_47",-3.58995641727701,-0.546418547518397,-3.58682149710028,-3.44587581072823,-3.53978246644877,0.303179991996763,-0.626452967194943,-3.41735346108901,-3.5666615080156,-3.52588664960261,-3.70264164551968,-3.43720760217946,-3.50402787005914,-0.5701993150943,0.130729917897865,0.171043576608409,-3.60840405271423,-3.43494091431544,-0.435779875577605,-0.43918902723293,-0.446974175622935,-3.45182738450863,-3.34573565674788,-3.51832869494378,0.19865169802705,-3.5595020191821,-0.411961984575478,-3.40283706087332,-3.55899374281271,-0.4752312056655,0.271355259029813,-3.53375438168012,-3.47446506916453,-0.434314530551195,-3.73924513045564,-3.57894827990261,-3.61155814997792,-0.44762930430705,-3.74321507425405,-3.52760505476363
"OTU_22",-3.58995641727701,-3.55187270398007,-0.520629612336086,-0.405180140070644,-0.506181512443315,0.303179991996763,-3.5529137433165,-3.41735346108901,-3.5666615080156,-3.52588664960261,-3.70264164551968,-3.43720760217946,0.560104282597438,-3.55725432685807,-0.56241726266208,-3.46617642060246,-3.60840405271423,0.298474146674185,-3.46388513655574,-0.43918902723293,-3.496583441793,-3.45182738450863,-0.304134681026542,-3.51832869494378,-3.5339828034618,-3.5595020191821,-3.41523210070837,0.371167524902609,-3.55899374281271,-3.59416391300565,-3.52809947066443,-3.53375438168012,-3.47446506916453,-3.50384039403741,-3.73924513045564,0.287677507738668,-3.61155814997792,0.245517876252895,-3.74321507425405,-0.500573314456599
"OTU_42",-3.64124971166457,-0.546418547518397,-3.63811479148783,-3.49716910511578,-3.59107576083632,-3.42287516452515,-3.60420703770405,-3.46864675547656,-3.61795480240315,-3.57717994399016,-3.75393493990723,-3.48850089656701,-3.55532116444669,-3.60854762124562,-3.65513556540653,-3.51746971499001,-0.680019525819429,0.298474146674185,-3.51517843094329,-3.62238341461771,-3.54787673618055,-0.507856189046487,-0.304134681026542,-3.56962198933133,0.19865169802705,-3.61079531356965,-0.411961984575478,-0.321979655657336,-3.61028703720026,-3.6454572073932,-3.57939276505198,-3.58504767606767,-3.52575836355208,-0.434314530551195,-0.0116865123178714,-3.63024157429016,-3.66285144436547,0.245517876252895,0.378173482631822,-0.500573314456599
"OTU_32",-0.531380552938341,-0.546418547518397,-0.520629612336086,-0.405180140070644,-0.506181512443315,-3.42287516452515,-0.626452967194943,-3.46864675547656,-0.5952508507042,-3.57717994399016,-3.75393493990723,-3.48850089656701,-3.55532116444669,-0.5701993150943,-3.65513556540653,-0.522103603951537,-3.65969734710178,-0.39467303388576,-3.51517843094329,-0.43918902723293,-0.446974175622935,-3.50312067889618,-0.304134681026542,-0.557198382693867,-3.58527609784935,-3.61079531356965,-3.46652539509592,-3.45413035526087,-3.61028703720026,-3.6454572073932,-3.57939276505198,-3.58504767606767,-3.52575836355208,-0.434314530551195,-0.704833692877817,-0.405469672821278,-3.66285144436547,0.245517876252895,-3.7945083686416,-3.57889834915118
"OTU_41",-3.64124971166457,-3.60316599836762,-0.520629612336086,-0.405180140070644,-3.59107576083632,-3.42287516452515,-3.60420703770405,-3.46864675547656,-3.61795480240315,-3.57717994399016,-0.773565103334538,-0.524575305113081,-0.538508006070672,-0.5701993150943,-0.56241726266208,-3.51746971499001,-0.680019525819429,-0.39467303388576,-3.51517843094329,-3.62238341461771,0.24617300493701,-3.50312067889618,0.794477607641568,-3.56962198933133,-3.58527609784935,-3.61079531356965,-0.411961984575478,-3.45413035526087,-3.61028703720026,-3.6454572073932,-0.421791921530132,-3.58504767606767,0.315658379502694,-0.434314530551195,-3.79053842484319,-3.63024157429016,-3.66285144436547,-3.5175048050102,-3.7945083686416,-3.57889834915118
"OTU_452",-3.64124971166457,-3.60316599836762,-3.63811479148783,-0.405180140070644,-3.59107576083632,-3.42287516452515,-0.626452967194943,-0.467354704685192,-0.5952508507042,-3.57717994399016,-3.75393493990723,0.168571875446864,-0.538508006070672,-0.5701993150943,-3.65513556540653,-0.522103603951537,0.0131276547405158,-3.486234208703,0.257367304982341,-0.43918902723293,-3.54787673618055,-0.507856189046487,-3.39702895113544,-0.557198382693867,-3.58527609784935,-3.61079531356965,-3.46652539509592,-3.45413035526087,-0.47547539024822,-3.6454572073932,-3.57939276505198,-3.58504767606767,-3.52575836355208,-3.55513368842496,-3.79053842484319,-3.63024157429016,-3.66285144436547,-3.5175048050102,-0.0272916254763428,-3.57889834915118
"OTU_260",-3.64124971166457,-3.60316599836762,-3.63811479148783,-3.49716910511578,-3.59107576083632,-3.42287516452515,-3.60420703770405,-3.46864675547656,-3.61795480240315,-0.492412393014009,0.612729257785353,-3.48850089656701,-3.55532116444669,-3.60854762124562,0.130729917897865,-3.51746971499001,-3.65969734710178,0.298474146674185,-0.435779875577605,-0.43918902723293,-0.446974175622935,-0.507856189046487,-3.39702895113544,-3.56962198933133,-0.494495482532895,0.272808470577426,-0.411961984575478,-0.321979655657336,-3.61028703720026,-3.6454572073932,-3.57939276505198,-3.58504767606767,-0.377488801057251,-3.55513368842496,-3.79053842484319,-3.63024157429016,-3.66285144436547,-3.5175048050102,-3.7945083686416,-3.57889834915118
"OTU_87",0.161766627621604,-3.60316599836762,0.172517568223859,-3.49716910511578,-3.59107576083632,-3.42287516452515,-0.626452967194943,-3.46864675547656,-3.61795480240315,-3.57717994399016,-3.75393493990723,-0.524575305113081,-3.55532116444669,-3.60854762124562,-3.65513556540653,0.171043576608409,0.0131276547405158,-3.486234208703,-3.51517843094329,-0.43918902723293,-3.54787673618055,-3.50312067889618,-0.304134681026542,-3.56962198933133,-0.494495482532895,-3.61079531356965,0.281185195984468,-3.45413035526087,-3.61028703720026,-3.6454572073932,-0.421791921530132,-0.434111335369362,-0.377488801057251,-0.434314530551195,-3.79053842484319,-3.63024157429016,-3.66285144436547,-3.5175048050102,-3.7945083686416,-3.57889834915118
"OTU_52",-3.69531693293484,-0.546418547518397,-3.69218201275811,-0.405180140070644,-0.506181512443315,-3.47694238579542,-3.65827425897433,-0.467354704685192,-0.5952508507042,-3.63124716526043,-3.80800216117751,-3.54256811783728,0.154639174489273,-3.66261484251589,-3.70920278667681,-3.57153693626029,0.0131276547405158,-3.54030142997327,-0.435779875577605,-0.43918902723293,-3.60194395745083,-0.507856189046487,-3.45109617240571,-0.557198382693867,-3.63934331911963,-3.66486253483992,-0.411961984575478,-3.50819757653115,-3.66435425847053,-3.69952442866347,-0.421791921530132,-3.63911489733795,-0.377488801057251,-3.60920090969524,-3.84460564611346,-0.405469672821278,-0.580276040775288,-3.57157202628048,-3.84857558991188,-3.63296557042146
"OTU_27",-0.531380552938341,-3.6572332196379,-0.520629612336086,-3.55123632638605,-3.6451429821066,-3.47694238579542,-3.65827425897433,-3.52271397674683,0.50336143796391,-3.63124716526043,-0.773565103334538,-0.524575305113081,-0.538508006070672,-3.66261484251589,0.536195026006029,-0.522103603951537,-0.680019525819429,-3.54030142997327,-3.56924565221357,-3.67645063588798,-3.60194395745083,-3.55718790016645,-0.304134681026542,-0.557198382693867,-0.494495482532895,-3.66486253483992,-3.5205926163662,-3.50819757653115,-3.66435425847053,-3.69952442866347,-0.421791921530132,-3.63911489733795,-3.57982558482236,-3.60920090969524,-0.704833692877817,-3.68430879556044,-3.71691866563574,-3.57157202628048,-3.84857558991188,-3.63296557042146
"OTU_37",-3.75247534677479,-3.71439163347784,-3.74934042659805,-3.608394740226,-3.70230139594655,0.303179991996763,-3.71543267281428,-3.57987239058678,-3.72918043751337,-3.68840557910038,-3.86516057501746,-3.59972653167723,-3.66654679955692,-3.71977325635584,-0.56241726266208,-3.62869535010023,-3.770922982212,-0.39467303388576,-0.435779875577605,0.253958153327015,-3.65910237129078,-3.6143463140064,-3.50825458624566,-3.68084762444156,-0.494495482532895,-3.72202094867987,-3.57775103020615,-0.321979655657336,-3.72151267231048,0.217915974894446,0.271355259029813,0.259035845190583,-0.377488801057251,-3.66635932353519,-3.90176405995341,-3.74146720940039,-0.580276040775288,-3.62873044012043,-3.90573400375183,-3.6901239842614
"OTU_94",-0.531380552938341,-3.77501625529428,-3.80996504841449,-3.66901936204244,-3.76292601776298,-3.59472542145181,-3.77605729463071,-3.64049701240322,-3.78980505932981,-0.492412393014009,-0.773565103334538,-3.66035115349367,-3.72717142137335,-3.78039787817228,-3.82698582233319,-3.68931997191667,-3.83154760402844,-3.65808446562965,0.257367304982341,-3.79423367154436,-0.446974175622935,-3.67497093582284,-0.304134681026542,-3.74147224625799,-3.75712635477601,-3.78264557049631,-0.411961984575478,-3.62598061218753,-0.47547539024822,-3.81730746431986,0.271355259029813,-3.75689793299433,-3.69760862047874,-3.72698394535162,0.393778595790293,-3.80209183121682,-3.83470170129213,0.245517876252895,-3.96635862556826,-3.75074860607784
"OTU_98",-3.81309996859122,-0.546418547518397,-3.80996504841449,-3.66901936204244,-3.76292601776298,-0.389967188563182,-3.77605729463071,-3.64049701240322,-3.78980505932981,-3.74903020091682,-3.92578519683389,-3.66035115349367,-0.538508006070672,-3.78039787817228,-0.56241726266208,-3.68931997191667,-3.83154760402844,-0.39467303388576,-3.68702868786995,-3.79423367154436,-3.71972699310721,0.878438172073403,-0.304134681026542,-0.557198382693867,-3.75712635477601,0.678273578685591,-3.63837565202258,-3.62598061218753,-0.47547539024822,-3.81730746431986,-3.75124302197864,-3.75689793299433,-3.69760862047874,-0.434314530551195,-3.96238868176985,-3.80209183121682,-3.83470170129213,-3.68935506193686,-3.96635862556826,-3.75074860607784
"OTU_59",-3.81309996859122,-3.77501625529428,0.172517568223859,-3.66901936204244,-3.76292601776298,-3.59472542145181,-3.77605729463071,-0.467354704685192,-0.5952508507042,-3.74903020091682,-0.773565103334538,-3.66035115349367,-3.72717142137335,-3.78039787817228,-3.82698582233319,-0.522103603951537,-3.83154760402844,-3.65808446562965,-3.68702868786995,-3.79423367154436,-3.71972699310721,-3.67497093582284,-0.304134681026542,-3.74147224625799,-3.75712635477601,-3.78264557049631,0.281185195984468,-3.62598061218753,-0.47547539024822,-0.4752312056655,-0.421791921530132,-3.75689793299433,-0.377488801057251,-0.434314530551195,-3.96238868176985,-3.80209183121682,-0.580276040775288,-0.44762930430705,-3.96635862556826,-3.75074860607784
"OTU_170",-3.8776384897288,-0.546418547518397,-3.87450356955206,0.287967040489301,-3.82746453890055,-3.65926394258938,-3.84059581576828,-3.70503553354079,-3.85434358046738,-0.492412393014009,-3.99032371797146,-3.72488967463124,-3.79170994251092,-3.84493639930985,-3.89152434347076,-3.75385849305424,-3.89608612516601,-3.72262298676723,-3.75156720900752,-3.85877219268194,-3.78426551424478,-3.73950945696041,-3.63341772919967,-3.80601076739556,-3.82166487591358,-3.84718409163388,-3.70291417316015,0.371167524902609,-0.47547539024822,0.62338108300261,-0.421791921530132,-3.8214364541319,-3.76214714161631,-0.434314530551195,-4.02692720290742,-3.86663035235439,-0.580276040775288,0.245517876252895,-4.03089714670583,-3.81528712721541
"OTU_71",0.161766627621604,-3.83955477643185,-3.87450356955206,-0.405180140070644,-3.82746453890055,0.303179991996763,-3.84059581576828,-3.70503553354079,-0.5952508507042,-3.81356872205439,-3.99032371797146,-3.72488967463124,-3.79170994251092,-3.84493639930985,-3.89152434347076,-3.75385849305424,-3.89608612516601,-3.72262298676723,-3.75156720900752,-3.85877219268194,-3.78426551424478,-3.73950945696041,-3.63341772919967,-3.80601076739556,-3.82166487591358,-0.420338709982519,-3.70291417316015,-0.321979655657336,-3.84667581526449,-0.4752312056655,-0.421791921530132,-0.434111335369362,-3.76214714161631,-0.434314530551195,-4.02692720290742,-3.86663035235439,-3.8992402224297,-0.44762930430705,-4.03089714670583,0.192573866103346
"OTU_54",-3.8776384897288,-3.83955477643185,-0.520629612336086,-3.73355788318001,-3.82746453890055,-3.65926394258938,-3.84059581576828,-3.70503553354079,-3.85434358046738,-3.81356872205439,-3.99032371797146,-0.524575305113081,-0.538508006070672,-3.84493639930985,-3.89152434347076,-3.75385849305424,-3.89608612516601,0.70393925478235,-0.435779875577605,-0.43918902723293,-3.78426551424478,-3.73950945696041,-3.63341772919967,-3.80601076739556,-3.82166487591358,-3.84718409163388,-3.70291417316015,-3.6905191333251,-3.84667581526449,0.62338108300261,-3.81578154311621,-3.8214364541319,-3.76214714161631,-3.79152246648919,-4.02692720290742,-3.86663035235439,-3.8992402224297,-3.75389358307444,-0.720438806036288,0.598038974211511
"OTU_75",-3.8776384897288,-3.83955477643185,-3.87450356955206,-3.73355788318001,0.18696566811663,-3.65926394258938,-3.84059581576828,-3.70503553354079,-3.85434358046738,-3.81356872205439,-3.99032371797146,-0.524575305113081,-3.79170994251092,-3.84493639930985,-3.89152434347076,-0.522103603951537,-3.89608612516601,-3.72262298676723,-0.435779875577605,-3.85877219268194,-3.78426551424478,-3.73950945696041,-3.63341772919967,-0.557198382693867,-0.494495482532895,0.272808470577426,-0.411961984575478,-3.6905191333251,-3.84667581526449,-3.88184598545743,-3.81578154311621,0.664500953298748,-3.76214714161631,-3.79152246648919,-4.02692720290742,-3.86663035235439,-0.580276040775288,-3.75389358307444,-4.03089714670583,-0.500573314456599
"OTU_18",-3.8776384897288,-3.83955477643185,-3.87450356955206,-0.405180140070644,-0.506181512443315,-0.389967188563182,-3.84059581576828,-3.70503553354079,-3.85434358046738,-3.81356872205439,-3.99032371797146,-3.72488967463124,-3.79170994251092,-3.84493639930985,-3.89152434347076,0.576508684716573,-3.89608612516601,-3.72262298676723,-3.75156720900752,-3.85877219268194,-3.78426551424478,-3.73950945696041,-3.63341772919967,-0.557198382693867,-3.82166487591358,-3.84718409163388,-3.70291417316015,-0.321979655657336,-0.47547539024822,-3.88184598545743,-3.81578154311621,-3.8214364541319,-3.76214714161631,-3.79152246648919,-4.02692720290742,-3.86663035235439,-3.8992402224297,-3.75389358307444,0.378173482631822,0.598038974211511
"OTU_66",-0.531380552938341,-3.9085476479188,-3.94349644103901,-3.80255075466696,0.18696566811663,-3.72825681407633,-3.90958868725524,-3.77402840502774,-3.92333645195433,-3.88256159354134,-4.05931658945841,-3.79388254611819,-3.86070281399788,-0.5701993150943,-3.96051721495771,-3.82285136454119,-3.96507899665296,-3.79161585825418,-3.82056008049448,-3.92776506416889,-3.85325838573173,-3.80850232844736,-0.304134681026542,-3.87500363888251,-3.89065774740054,-3.91617696312083,-3.7719070446471,-0.321979655657336,-3.91566868675144,0.217915974894446,-0.421791921530132,-3.89042932561885,0.315658379502694,-3.86051533797615,-4.09592007439437,-3.93562322384134,-3.96823309391665,-0.44762930430705,-4.09989001819279,0.192573866103346
"OTU_155",-3.94663136121575,-3.9085476479188,-3.94349644103901,-0.405180140070644,-0.506181512443315,-0.389967188563182,0.472159321473167,-3.77402840502774,-3.92333645195433,-0.492412393014009,-0.773565103334538,-3.79388254611819,-3.86070281399788,-3.9139292707968,-3.96051721495771,-3.82285136454119,-3.96507899665296,-3.79161585825418,-3.82056008049448,-3.92776506416889,-3.85325838573173,-3.80850232844736,-3.70241060068662,-3.87500363888251,-3.89065774740054,-3.91617696312083,-0.411961984575478,-3.75951200481205,-3.91566868675144,-0.4752312056655,-3.88477441460316,-0.434111335369362,-3.83114001310327,-3.86051533797615,-0.0116865123178714,-3.93562322384134,-3.96823309391665,-3.82288645456139,-4.09989001819279,-0.500573314456599
"OTU_14",-3.94663136121575,-3.9085476479188,0.577982676332024,-3.80255075466696,-3.89645741038751,0.708645100104927,-3.90958868725524,-3.77402840502774,-3.92333645195433,0.606199895654101,-4.05931658945841,-3.79388254611819,-3.86070281399788,-3.9139292707968,-3.96051721495771,-3.82285136454119,-3.96507899665296,-0.39467303388576,-3.82056008049448,-3.92776506416889,-0.446974175622935,-3.80850232844736,-3.70241060068662,-3.87500363888251,-3.89065774740054,-3.91617696312083,-3.7719070446471,-3.75951200481205,-3.91566868675144,-0.4752312056655,-3.88477441460316,-3.89042932561885,-3.83114001310327,-3.86051533797615,-4.09592007439437,-0.405469672821278,-3.96823309391665,-3.82288645456139,-4.09989001819279,-0.500573314456599
"OTU_58",-0.531380552938341,-0.546418547518397,-4.01760441319273,-3.87665872682068,-0.506181512443315,0.303179991996763,-3.98369665940896,-3.84813637718146,-3.99744442410805,-0.492412393014009,-4.13342456161214,-3.86799051827191,-3.9348107861516,-3.98803724295052,-4.03462518711144,-3.89695933669491,-4.03918696880668,-0.39467303388576,-3.8946680526482,-0.43918902723293,-3.92736635788546,-3.88261030060108,-3.77651857284034,-3.94911161103624,-0.494495482532895,-3.99028493527455,-3.84601501680083,-3.83361997696578,-3.98977665890516,-4.0249468290981,0.676820367137978,-3.96453729777258,-3.90524798525699,-3.93462331012987,-4.17002804654809,-4.00973119599507,-4.04234106607037,-3.89699442671511,-4.17399799034651,-0.500573314456599
"OTU_28",-0.531380552938341,-0.546418547518397,-4.01760441319273,-0.405180140070644,-3.97056538254123,-3.80236478623005,-3.98369665940896,-3.84813637718146,-3.99744442410805,-0.492412393014009,-4.13342456161214,-3.86799051827191,-3.9348107861516,-0.5701993150943,-4.03462518711144,-3.89695933669491,-4.03918696880668,-3.8657238304079,-3.8946680526482,-4.00187303632261,-3.92736635788546,-0.507856189046487,-3.77651857284034,-3.94911161103624,-3.96476571955426,-3.99028493527455,-3.84601501680083,-0.321979655657336,-3.98977665890516,-4.0249468290981,-0.421791921530132,-3.96453729777258,-0.377488801057251,-3.93462331012987,-0.0116865123178714,-0.405469672821278,-4.04234106607037,-0.44762930430705,-4.17399799034651,-3.95838797085608
"OTU_50",-4.02073933336947,-3.98265562007252,-4.01760441319273,-3.87665872682068,-3.97056538254123,-3.80236478623005,-0.626452967194943,0.631257583982918,-3.99744442410805,-0.492412393014009,-0.773565103334538,-3.86799051827191,-3.9348107861516,-3.98803724295052,-0.56241726266208,-3.89695933669491,-4.03918696880668,-3.8657238304079,-3.8946680526482,-0.43918902723293,-3.92736635788546,-3.88261030060108,-0.304134681026542,-3.94911161103624,0.19865169802705,-3.99028493527455,-3.84601501680083,0.371167524902609,-3.98977665890516,-4.0249468290981,-3.95888238675688,-3.96453729777258,-3.90524798525699,-3.93462331012987,-4.17002804654809,-4.00973119599507,-4.04234106607037,-3.89699442671511,-4.17399799034651,-3.95838797085608
"OTU_73",-4.02073933336947,-3.98265562007252,-4.01760441319273,0.287967040489301,-3.97056538254123,-3.80236478623005,-3.98369665940896,-3.84813637718146,-3.99744442410805,-3.95666956569506,-0.0804179227745927,-3.86799051827191,-3.9348107861516,-3.98803724295052,-4.03462518711144,-0.522103603951537,-4.03918696880668,-3.8657238304079,-3.8946680526482,-0.43918902723293,0.24617300493701,-3.88261030060108,-3.77651857284034,-3.94911161103624,-3.96476571955426,-3.99028493527455,-3.84601501680083,-3.83361997696578,0.62313689841989,-4.0249468290981,-3.95888238675688,-0.434111335369362,-3.90524798525699,-3.93462331012987,-4.17002804654809,-4.00973119599507,-4.04234106607037,-3.89699442671511,-4.17399799034651,-0.500573314456599
"OTU_74",-0.531380552938341,-0.546418547518397,-0.520629612336086,-0.405180140070644,-3.97056538254123,-3.80236478623005,-3.98369665940896,-3.84813637718146,-0.5952508507042,-3.95666956569506,-0.773565103334538,-3.86799051827191,-3.9348107861516,-0.5701993150943,-4.03462518711144,-3.89695933669491,-4.03918696880668,-3.8657238304079,-3.8946680526482,-4.00187303632261,-0.446974175622935,-3.88261030060108,-0.304134681026542,-3.94911161103624,-3.96476571955426,-0.420338709982519,-3.84601501680083,-3.83361997696578,-3.98977665890516,-4.0249468290981,-3.95888238675688,-3.96453729777258,-0.377488801057251,-3.93462331012987,-4.17002804654809,-4.00973119599507,-0.580276040775288,-0.44762930430705,-4.17399799034651,-3.95838797085608
"OTU_191",-4.02073933336947,-3.98265562007252,-4.01760441319273,-3.87665872682068,-0.506181512443315,-3.80236478623005,-3.98369665940896,-0.467354704685192,-3.99744442410805,-3.95666956569506,-4.13342456161214,-0.524575305113081,-3.9348107861516,-0.5701993150943,-4.03462518711144,-3.89695933669491,-0.680019525819429,0.298474146674185,-3.8946680526482,-4.00187303632261,-3.92736635788546,-3.88261030060108,-3.77651857284034,-0.557198382693867,-3.96476571955426,-3.99028493527455,-3.84601501680083,-3.83361997696578,0.217671790311726,-4.0249468290981,-3.95888238675688,-3.96453729777258,-0.377488801057251,-0.434314530551195,-4.17002804654809,-4.00973119599507,-0.580276040775288,-3.89699442671511,-4.17399799034651,-3.95838797085608
"OTU_48",-0.531380552938341,-3.98265562007252,0.172517568223859,-3.87665872682068,-3.97056538254123,-3.80236478623005,-3.98369665940896,-3.84813637718146,-3.99744442410805,-3.95666956569506,-4.13342456161214,-3.86799051827191,-3.9348107861516,-3.98803724295052,-4.03462518711144,-3.89695933669491,-4.03918696880668,-0.39467303388576,-3.8946680526482,0.253958153327015,-0.446974175622935,-3.88261030060108,-3.77651857284034,-3.94911161103624,-0.494495482532895,-0.420338709982519,-3.84601501680083,-3.83361997696578,-3.98977665890516,-4.0249468290981,-3.95888238675688,-3.96453729777258,-3.90524798525699,-0.434314530551195,-0.704833692877817,-0.405469672821278,-4.04234106607037,-3.89699442671511,-4.17399799034651,-0.500573314456599
"OTU_23",-4.02073933336947,-3.98265562007252,-4.01760441319273,-0.405180140070644,0.18696566811663,-0.389967188563182,-3.98369665940896,0.225792475874754,-3.99744442410805,0.200734787545936,0.325047185333572,-3.86799051827191,-3.9348107861516,-3.98803724295052,0.130729917897865,-3.89695933669491,-4.03918696880668,-3.8657238304079,-3.8946680526482,-4.00187303632261,-3.92736635788546,-3.88261030060108,-3.77651857284034,-3.94911161103624,-3.96476571955426,-3.99028493527455,-3.84601501680083,-3.83361997696578,-3.98977665890516,-4.0249468290981,-3.95888238675688,-3.96453729777258,-3.90524798525699,-3.93462331012987,-4.17002804654809,-4.00973119599507,-4.04234106607037,-3.89699442671511,-4.17399799034651,-3.95838797085608
"OTU_237",-0.531380552938341,-4.06269832774606,-4.09764712086627,-3.95670143449422,-4.05060809021476,-3.88240749390359,-4.06373936708249,-3.928179084855,-4.07748713178159,-4.0367122733686,-4.21346726928567,0.168571875446864,-0.538508006070672,-4.06807995062406,-4.11466789478497,-0.522103603951537,-0.680019525819429,-0.39467303388576,-0.435779875577605,-4.08191574399615,-4.00740906555899,-3.96265300827462,-3.85656128051388,-0.557198382693867,-4.04480842722779,-4.07032764294809,-0.411961984575478,-3.91366268463931,-4.0698193665787,-4.10498953677164,-4.03892509443042,-0.434111335369362,-0.377488801057251,-4.0146660178034,-4.25007075422163,-4.0897739036686,-4.12238377374391,-3.97703713438864,-4.25404069802005,-4.03843067852962
"OTU_68",-4.10078204104301,-4.06269832774606,-4.09764712086627,-3.95670143449422,-4.05060809021476,-0.389967188563182,-4.06373936708249,-3.928179084855,-4.07748713178159,-4.0367122733686,-4.21346726928567,-3.94803322594545,-4.01485349382513,-4.06807995062406,-0.56241726266208,-3.97700204436845,-0.680019525819429,-3.94576653808144,-3.97471076032173,-0.43918902723293,0.24617300493701,-3.96265300827462,-0.304134681026542,-4.02915431870977,-4.04480842722779,-4.07032764294809,-0.411961984575478,-0.321979655657336,-4.0698193665787,-4.10498953677164,-4.03892509443042,-4.04458000544611,-3.98529069293052,-4.0146660178034,-0.704833692877817,-0.405469672821278,-4.12238377374391,-3.97703713438864,-4.25404069802005,-0.500573314456599
"OTU_76",-4.10078204104301,-4.06269832774606,-4.09764712086627,-3.95670143449422,-4.05060809021476,-3.88240749390359,-4.06373936708249,-3.928179084855,-4.07748713178159,-4.0367122733686,-0.773565103334538,-3.94803322594545,-4.01485349382513,-4.06807995062406,-4.11466789478497,-3.97700204436845,-4.11922967648022,-3.94576653808144,-3.97471076032173,-4.08191574399615,-4.00740906555899,-3.96265300827462,-0.304134681026542,-0.557198382693867,-4.04480842722779,-0.420338709982519,0.686650304092632,-3.91366268463931,0.217671790311726,-4.10498953677164,-4.03892509443042,-0.434111335369362,-3.98529069293052,-0.434314530551195,-4.25007075422163,-4.0897739036686,-4.12238377374391,-3.97703713438864,-0.720438806036288,-4.03843067852962
"OTU_49",0.161766627621604,-4.06269832774606,-4.09764712086627,-0.405180140070644,-4.05060809021476,0.303179991996763,-0.626452967194943,-3.928179084855,-0.5952508507042,-0.492412393014009,-4.21346726928567,-3.94803322594545,-4.01485349382513,-0.5701993150943,-4.11466789478497,-3.97700204436845,-4.11922967648022,-3.94576653808144,-0.435779875577605,-4.08191574399615,-4.00740906555899,-3.96265300827462,-3.85656128051388,-4.02915431870977,-4.04480842722779,-4.07032764294809,-3.92605772447436,-3.91366268463931,-0.47547539024822,-4.10498953677164,-4.03892509443042,-0.434111335369362,-3.98529069293052,-4.0146660178034,-4.25007075422163,-4.0897739036686,-4.12238377374391,-3.97703713438864,-4.25404069802005,-4.03843067852962
"OTU_46",-0.531380552938341,-4.06269832774606,-0.520629612336086,-0.405180140070644,-4.05060809021476,-3.88240749390359,0.0666942133650025,-3.928179084855,-4.07748713178159,-4.0367122733686,-0.773565103334538,-3.94803322594545,-0.538508006070672,-4.06807995062406,-4.11466789478497,-3.97700204436845,-0.680019525819429,-3.94576653808144,-3.97471076032173,-4.08191574399615,-4.00740906555899,-3.96265300827462,-0.304134681026542,-0.557198382693867,-4.04480842722779,-4.07032764294809,-3.92605772447436,-3.91366268463931,-4.0698193665787,-4.10498953677164,-4.03892509443042,-0.434111335369362,-3.98529069293052,-4.0146660178034,-4.25007075422163,-4.0897739036686,-4.12238377374391,-0.44762930430705,-4.25404069802005,-4.03843067852962
"OTU_93",-4.10078204104301,-4.06269832774606,-4.09764712086627,-3.95670143449422,-4.05060809021476,-3.88240749390359,-4.06373936708249,-3.928179084855,-4.07748713178159,-4.0367122733686,-4.21346726928567,0.168571875446864,0.154639174489273,-0.5701993150943,-4.11466789478497,-0.522103603951537,-0.680019525819429,-3.94576653808144,-3.97471076032173,-4.08191574399615,-4.00740906555899,-3.96265300827462,-0.304134681026542,-4.02915431870977,-4.04480842722779,-4.07032764294809,-0.411961984575478,-0.321979655657336,-4.0698193665787,-4.10498953677164,-4.03892509443042,-4.04458000544611,-3.98529069293052,-4.0146660178034,-4.25007075422163,-4.0897739036686,-4.12238377374391,-3.97703713438864,-4.25404069802005,0.192573866103346
"OTU_35",-4.10078204104301,-4.06269832774606,-4.09764712086627,-0.405180140070644,-4.05060809021476,-3.88240749390359,-4.06373936708249,-3.928179084855,-4.07748713178159,-4.0367122733686,-4.21346726928567,-3.94803322594545,-4.01485349382513,-4.06807995062406,-0.56241726266208,-3.97700204436845,-4.11922967648022,-0.39467303388576,-3.97471076032173,0.253958153327015,-4.00740906555899,-3.96265300827462,-3.85656128051388,-4.02915431870977,-0.494495482532895,-4.07032764294809,-3.92605772447436,-3.91366268463931,-0.47547539024822,0.217915974894446,-4.03892509443042,-0.434111335369362,-3.98529069293052,-4.0146660178034,-4.25007075422163,-4.0897739036686,-0.580276040775288,-3.97703713438864,-4.25404069802005,-0.500573314456599
"OTU_61",-4.10078204104301,-4.06269832774606,-0.520629612336086,-3.95670143449422,-4.05060809021476,-0.389967188563182,-4.06373936708249,-3.928179084855,-4.07748713178159,-4.0367122733686,-4.21346726928567,-3.94803322594545,-0.538508006070672,-4.06807995062406,-4.11466789478497,-3.97700204436845,-4.11922967648022,-0.39467303388576,-3.97471076032173,0.253958153327015,-4.00740906555899,-0.507856189046487,-3.85656128051388,-4.02915431870977,-4.04480842722779,-4.07032764294809,-0.411961984575478,-3.91366268463931,-4.0698193665787,-4.10498953677164,-0.421791921530132,-0.434111335369362,-0.377488801057251,-4.0146660178034,-4.25007075422163,-4.0897739036686,-0.580276040775288,-3.97703713438864,-4.25404069802005,-4.03843067852962
"OTU_241",-4.10078204104301,0.146728633041548,-4.09764712086627,-3.95670143449422,-0.506181512443315,-3.88240749390359,-4.06373936708249,-3.928179084855,-4.07748713178159,-4.0367122733686,-4.21346726928567,-3.94803322594545,-4.01485349382513,-4.06807995062406,-4.11466789478497,0.171043576608409,-0.680019525819429,-0.39467303388576,-3.97471076032173,-4.08191574399615,-0.446974175622935,-0.507856189046487,-3.85656128051388,-4.02915431870977,-4.04480842722779,-4.07032764294809,0.281185195984468,-3.91366268463931,-4.0698193665787,-4.10498953677164,-0.421791921530132,-4.04458000544611,-3.98529069293052,-4.0146660178034,-4.25007075422163,-4.0897739036686,-4.12238377374391,-3.97703713438864,-4.25404069802005,-4.03843067852962
"OTU_70",-4.10078204104301,-4.06269832774606,-4.09764712086627,-3.95670143449422,-0.506181512443315,-0.389967188563182,-4.06373936708249,-3.928179084855,-4.07748713178159,-4.0367122733686,-0.0804179227745927,-3.94803322594545,-4.01485349382513,-4.06807995062406,-4.11466789478497,-0.522103603951537,-4.11922967648022,-3.94576653808144,-3.97471076032173,-4.08191574399615,-0.446974175622935,-0.507856189046487,-3.85656128051388,-4.02915431870977,0.19865169802705,-0.420338709982519,-3.92605772447436,0.371167524902609,-4.0698193665787,-4.10498953677164,-4.03892509443042,-4.04458000544611,-3.98529069293052,-4.0146660178034,-4.25007075422163,-4.0897739036686,-4.12238377374391,-3.97703713438864,-4.25404069802005,-4.03843067852962
"OTU_63",-4.10078204104301,-4.06269832774606,-4.09764712086627,-3.95670143449422,-4.05060809021476,0.303179991996763,-4.06373936708249,-0.467354704685192,-4.07748713178159,-4.0367122733686,-4.21346726928567,-3.94803322594545,-0.538508006070672,-4.06807995062406,-4.11466789478497,-3.97700204436845,-4.11922967648022,-0.39467303388576,-0.435779875577605,-4.08191574399615,-4.00740906555899,-3.96265300827462,-3.85656128051388,-4.02915431870977,0.19865169802705,-4.07032764294809,-3.92605772447436,-0.321979655657336,-4.0698193665787,-0.4752312056655,-0.421791921530132,-4.04458000544611,-3.98529069293052,-4.0146660178034,-4.25007075422163,-4.0897739036686,-4.12238377374391,-0.44762930430705,-4.25404069802005,-4.03843067852962
"OTU_177",-4.18779341803264,-4.14970970473569,-4.1846584978559,0.287967040489301,-4.13761946720439,-3.96941887089322,-0.626452967194943,-4.01519046184463,-4.16449850877122,-4.12372365035823,-4.3004786462753,-4.03504460293508,-4.10186487081476,-4.15509132761369,-4.2016792717746,-4.06401342135808,-4.20624105346985,-4.03277791507107,-0.435779875577605,-4.16892712098578,-4.09442044254862,-4.04966438526425,-3.94357265750351,-4.1161656956994,-0.494495482532895,0.678273578685591,-4.01306910146399,-0.321979655657336,-4.15683074356833,-0.4752312056655,-4.12593647142005,-4.13159138243574,-4.07230206992015,-4.10167739479303,-4.33708213121126,-0.405469672821278,-4.20939515073354,-4.06404851137827,-4.34105207500967,-4.12544205551925
"OTU_62",-4.18779341803264,-4.14970970473569,-4.1846584978559,-0.405180140070644,-4.13761946720439,-3.96941887089322,-4.15075074407212,-4.01519046184463,-4.16449850877122,-0.492412393014009,-4.3004786462753,-4.03504460293508,-4.10186487081476,-4.15509132761369,-4.2016792717746,-4.06401342135808,0.0131276547405158,-4.03277791507107,-0.435779875577605,-4.16892712098578,-4.09442044254862,-0.507856189046487,-3.94357265750351,-0.557198382693867,-4.13181980421742,-4.15733901993772,-4.01306910146399,-0.321979655657336,-4.15683074356833,-4.19200091376127,-4.12593647142005,-4.13159138243574,-0.377488801057251,-4.10167739479303,-4.33708213121126,-0.405469672821278,-4.20939515073354,-4.06404851137827,-0.720438806036288,-4.12544205551925
"OTU_53",-4.18779341803264,-4.14970970473569,0.172517568223859,-4.04371281148385,-4.13761946720439,-0.389967188563182,-4.15075074407212,-4.01519046184463,-4.16449850877122,-4.12372365035823,-4.3004786462753,-4.03504460293508,-4.10186487081476,-4.15509132761369,-4.2016792717746,-4.06401342135808,-4.20624105346985,-4.03277791507107,-4.06172213731136,-0.43918902723293,-4.09442044254862,-4.04966438526425,-3.94357265750351,-0.557198382693867,-4.13181980421742,-4.15733901993772,-4.01306910146399,-4.00067406162894,-0.47547539024822,-0.4752312056655,-4.12593647142005,-0.434111335369362,-4.07230206992015,-4.10167739479303,-0.704833692877817,-0.405469672821278,-0.580276040775288,-4.06404851137827,-4.34105207500967,-4.12544205551925
"OTU_149",-4.18779341803264,-4.14970970473569,-4.1846584978559,-4.04371281148385,-4.13761946720439,0.303179991996763,-4.15075074407212,-0.467354704685192,-0.5952508507042,-0.492412393014009,-4.3004786462753,-4.03504460293508,-4.10186487081476,-4.15509132761369,-4.2016792717746,-4.06401342135808,-4.20624105346985,-4.03277791507107,-4.06172213731136,-4.16892712098578,-4.09442044254862,-4.04966438526425,-3.94357265750351,-4.1161656956994,-4.13181980421742,-4.15733901993772,-0.411961984575478,-4.00067406162894,-4.15683074356833,-4.19200091376127,0.271355259029813,0.259035845190583,-4.07230206992015,-4.10167739479303,-4.33708213121126,-4.17678528065823,-4.20939515073354,-4.06404851137827,-0.720438806036288,-4.12544205551925
"OTU_86",-4.18779341803264,-4.14970970473569,-0.520629612336086,-4.04371281148385,-4.13761946720439,-3.96941887089322,-4.15075074407212,-4.01519046184463,-4.16449850877122,-4.12372365035823,-4.3004786462753,-4.03504460293508,-0.538508006070672,-4.15509132761369,-4.2016792717746,-0.522103603951537,-4.20624105346985,-0.39467303388576,-0.435779875577605,-4.16892712098578,-4.09442044254862,-4.04966438526425,-3.94357265750351,-0.557198382693867,-4.13181980421742,-0.420338709982519,-4.01306910146399,-4.00067406162894,-4.15683074356833,-0.4752312056655,-0.421791921530132,-4.13159138243574,-4.07230206992015,-4.10167739479303,-0.704833692877817,-0.405469672821278,-4.20939515073354,-4.06404851137827,-4.34105207500967,-4.12544205551925
"OTU_99",-4.18779341803264,-4.14970970473569,-0.520629612336086,-4.04371281148385,-4.13761946720439,-3.96941887089322,-0.626452967194943,-4.01519046184463,-4.16449850877122,-4.12372365035823,-4.3004786462753,-4.03504460293508,-4.10186487081476,-4.15509132761369,-4.2016792717746,-4.06401342135808,-4.20624105346985,-4.03277791507107,-4.06172213731136,-4.16892712098578,-0.446974175622935,-4.04966438526425,-3.94357265750351,-4.1161656956994,-4.13181980421742,0.272808470577426,-4.01306910146399,0.371167524902609,-4.15683074356833,-0.4752312056655,-4.12593647142005,-4.13159138243574,-0.377488801057251,-4.10167739479303,-4.33708213121126,-0.405469672821278,-4.20939515073354,-4.06404851137827,-0.720438806036288,-4.12544205551925
"OTU_122",-4.18779341803264,-4.14970970473569,-4.1846584978559,-4.04371281148385,-4.13761946720439,-0.389967188563182,-4.15075074407212,-0.467354704685192,-4.16449850877122,-4.12372365035823,-4.3004786462753,-0.524575305113081,-4.10186487081476,-4.15509132761369,-4.2016792717746,-4.06401342135808,-4.20624105346985,-4.03277791507107,-4.06172213731136,-4.16892712098578,-4.09442044254862,-0.507856189046487,-3.94357265750351,0.135948797866078,-4.13181980421742,-4.15733901993772,-4.01306910146399,-0.321979655657336,-4.15683074356833,-4.19200091376127,-4.12593647142005,-4.13159138243574,-0.377488801057251,-0.434314530551195,-0.704833692877817,-4.17678528065823,-4.20939515073354,-0.44762930430705,-4.34105207500967,-4.12544205551925
"OTU_106",-4.28310359783696,-4.24501988454001,-4.27996867766023,-4.13902299128817,1.439728636612,-4.06472905069754,-4.24606092387645,-4.11050064164895,-4.25980868857554,-0.492412393014009,-4.39578882607963,-4.1303547827394,-4.19717505061909,-4.25040150741801,-0.56241726266208,-4.1593236011624,-4.30155123327417,-4.12808809487539,-4.15703231711569,-4.2642373007901,-4.18973062235295,-4.14497456506857,-4.03888283730783,-4.21147587550373,-4.22712998402175,-4.25264919974204,-4.10837928126832,-4.09598424143327,-4.25214092337265,-4.28731109356559,-4.22124665122437,-4.22690156224007,-4.16761224972448,-4.19698757459736,-4.43239231101558,-4.27209546046256,-4.30470533053786,-4.1593586911826,-0.720438806036288,-4.22075223532357
"OTU_81",-4.28310359783696,-4.24501988454001,-4.27996867766023,-4.13902299128817,-4.23292964700872,-0.389967188563182,-4.24606092387645,-0.467354704685192,-4.25980868857554,-4.21903383016255,-4.39578882607963,-4.1303547827394,-4.19717505061909,-4.25040150741801,-4.29698945157893,-4.1593236011624,-4.30155123327417,-4.12808809487539,-4.15703231711569,0.65942326143518,-4.18973062235295,-4.14497456506857,-0.304134681026542,-4.21147587550373,-0.494495482532895,-4.25264919974204,-4.10837928126832,-4.09598424143327,-4.25214092337265,-4.28731109356559,-0.421791921530132,-4.22690156224007,-4.16761224972448,-4.19698757459736,-4.43239231101558,-0.405469672821278,-0.580276040775288,-4.1593586911826,-4.436362254814,-4.22075223532357
"OTU_201",-4.28310359783696,-4.24501988454001,-4.27996867766023,-0.405180140070644,-4.23292964700872,-4.06472905069754,-4.24606092387645,-4.11050064164895,-4.25980868857554,-0.492412393014009,-4.39578882607963,-4.1303547827394,-0.538508006070672,-4.25040150741801,-4.29698945157893,-0.522103603951537,-4.30155123327417,-4.12808809487539,-4.15703231711569,-4.2642373007901,-4.18973062235295,-0.507856189046487,-4.03888283730783,-4.21147587550373,-4.22712998402175,-4.25264919974204,-4.10837928126832,-4.09598424143327,-0.47547539024822,-4.28731109356559,-0.421791921530132,-4.22690156224007,-4.16761224972448,-4.19698757459736,-0.704833692877817,-0.405469672821278,-4.30470533053786,-4.1593586911826,-4.436362254814,-0.500573314456599
"OTU_85",-4.28310359783696,-4.24501988454001,0.172517568223859,-4.13902299128817,-0.506181512443315,-4.06472905069754,-4.24606092387645,-0.467354704685192,-4.25980868857554,-4.21903383016255,-4.39578882607963,-0.524575305113081,-4.19717505061909,-4.25040150741801,-0.56241726266208,-4.1593236011624,-0.680019525819429,-4.12808809487539,-4.15703231711569,-4.2642373007901,-4.18973062235295,-4.14497456506857,-0.304134681026542,-4.21147587550373,-4.22712998402175,-4.25264919974204,-4.10837928126832,-0.321979655657336,-4.25214092337265,-4.28731109356559,-4.22124665122437,-0.434111335369362,-4.16761224972448,-4.19698757459736,-4.43239231101558,-4.27209546046256,-4.30470533053786,-4.1593586911826,-4.436362254814,-4.22075223532357
"OTU_188",-4.28310359783696,-4.24501988454001,-4.27996867766023,-4.13902299128817,-4.23292964700872,0.303179991996763,-4.24606092387645,-4.11050064164895,-4.25980868857554,-4.21903383016255,-4.39578882607963,-4.1303547827394,-4.19717505061909,-0.5701993150943,-4.29698945157893,-4.1593236011624,-4.30155123327417,-0.39467303388576,-4.15703231711569,-4.2642373007901,-4.18973062235295,-4.14497456506857,-4.03888283730783,-4.21147587550373,-4.22712998402175,-4.25264919974204,-0.411961984575478,-4.09598424143327,-4.25214092337265,-0.4752312056655,-4.22124665122437,-4.22690156224007,-0.377488801057251,-4.19698757459736,-0.704833692877817,0.287677507738668,-4.30470533053786,-4.1593586911826,-4.436362254814,-4.22075223532357
"OTU_72",-4.28310359783696,-4.24501988454001,-0.520629612336086,-4.13902299128817,-0.506181512443315,-4.06472905069754,-4.24606092387645,-4.11050064164895,-4.25980868857554,-4.21903383016255,-4.39578882607963,-4.1303547827394,-4.19717505061909,-4.25040150741801,-4.29698945157893,-0.522103603951537,-4.30155123327417,-4.12808809487539,-4.15703231711569,-4.2642373007901,0.24617300493701,-4.14497456506857,-4.03888283730783,-4.21147587550373,-0.494495482532895,-4.25264919974204,-4.10837928126832,-4.09598424143327,-4.25214092337265,-4.28731109356559,-4.22124665122437,-4.22690156224007,0.315658379502694,-4.19698757459736,-0.704833692877817,-4.27209546046256,-4.30470533053786,-4.1593586911826,-4.436362254814,-0.500573314456599
"OTU_69",-4.28310359783696,-4.24501988454001,-4.27996867766023,-4.13902299128817,-4.23292964700872,-4.06472905069754,-4.24606092387645,-4.11050064164895,-0.5952508507042,-0.492412393014009,-4.39578882607963,-4.1303547827394,-4.19717505061909,-4.25040150741801,-4.29698945157893,-0.522103603951537,-4.30155123327417,-4.12808809487539,-4.15703231711569,-0.43918902723293,-4.18973062235295,-4.14497456506857,-4.03888283730783,-4.21147587550373,-4.22712998402175,-4.25264919974204,-4.10837928126832,-4.09598424143327,-4.25214092337265,-4.28731109356559,-4.22124665122437,-4.22690156224007,-4.16761224972448,-0.434314530551195,0.681460668242074,-4.27209546046256,-4.30470533053786,-4.1593586911826,-0.720438806036288,-4.22075223532357
"OTU_284",-4.28310359783696,-4.24501988454001,-4.27996867766023,-0.405180140070644,-4.23292964700872,-4.06472905069754,-4.24606092387645,-4.11050064164895,-0.5952508507042,-4.21903383016255,-4.39578882607963,-4.1303547827394,-4.19717505061909,-4.25040150741801,-4.29698945157893,-4.1593236011624,-4.30155123327417,-4.12808809487539,-4.15703231711569,-4.2642373007901,-0.446974175622935,-4.14497456506857,-0.304134681026542,-4.21147587550373,-0.494495482532895,-4.25264919974204,-4.10837928126832,-4.09598424143327,0.217671790311726,-4.28731109356559,-0.421791921530132,-4.22690156224007,-4.16761224972448,-4.19698757459736,-4.43239231101558,0.287677507738668,-4.30470533053786,-4.1593586911826,-4.436362254814,-4.22075223532357
"OTU_112",-4.28310359783696,-4.24501988454001,-4.27996867766023,-4.13902299128817,-4.23292964700872,-4.06472905069754,-4.24606092387645,-4.11050064164895,-4.25980868857554,-0.492412393014009,-0.0804179227745927,-4.1303547827394,-0.538508006070672,-4.25040150741801,-4.29698945157893,-4.1593236011624,-4.30155123327417,-4.12808809487539,-4.15703231711569,-4.2642373007901,-4.18973062235295,-0.507856189046487,-4.03888283730783,-4.21147587550373,-4.22712998402175,-4.25264919974204,-4.10837928126832,-4.09598424143327,-4.25214092337265,-4.28731109356559,-4.22124665122437,-0.434111335369362,-4.16761224972448,-0.434314530551195,-4.43239231101558,-4.27209546046256,-4.30470533053786,0.245517876252895,-0.720438806036288,-4.22075223532357
"OTU_77",-4.28310359783696,-4.24501988454001,-4.27996867766023,0.287967040489301,-4.23292964700872,-4.06472905069754,-4.24606092387645,-0.467354704685192,-4.25980868857554,-0.492412393014009,-4.39578882607963,-4.1303547827394,-4.19717505061909,-4.25040150741801,-0.56241726266208,-0.522103603951537,-4.30155123327417,-4.12808809487539,-4.15703231711569,-0.43918902723293,-4.18973062235295,-4.14497456506857,-4.03888283730783,-4.21147587550373,-4.22712998402175,-4.25264919974204,-4.10837928126832,-0.321979655657336,-4.25214092337265,-0.4752312056655,-0.421791921530132,-4.22690156224007,-4.16761224972448,-4.19698757459736,-4.43239231101558,-4.27209546046256,-4.30470533053786,-4.1593586911826,-4.436362254814,-4.22075223532357
"OTU_119",-4.28310359783696,-4.24501988454001,-4.27996867766023,-4.13902299128817,-4.23292964700872,-4.06472905069754,-4.24606092387645,-4.11050064164895,-4.25980868857554,-0.492412393014009,-4.39578882607963,-4.1303547827394,-0.538508006070672,-4.25040150741801,-4.29698945157893,-4.1593236011624,-4.30155123327417,-0.39467303388576,-4.15703231711569,-4.2642373007901,-4.18973062235295,-4.14497456506857,-4.03888283730783,-4.21147587550373,-4.22712998402175,-0.420338709982519,-4.10837928126832,-0.321979655657336,-0.47547539024822,-4.28731109356559,-0.421791921530132,-4.22690156224007,-0.377488801057251,-4.19698757459736,-4.43239231101558,-4.27209546046256,-4.30470533053786,-4.1593586911826,-4.436362254814,0.192573866103346
"OTU_40",-0.531380552938341,-4.24501988454001,-0.520629612336086,-4.13902299128817,-4.23292964700872,-4.06472905069754,-0.626452967194943,-4.11050064164895,-4.25980868857554,-4.21903383016255,-4.39578882607963,-0.524575305113081,-4.19717505061909,-4.25040150741801,-4.29698945157893,-4.1593236011624,-4.30155123327417,-4.12808809487539,-4.15703231711569,-4.2642373007901,-4.18973062235295,-0.507856189046487,-4.03888283730783,-0.557198382693867,-4.22712998402175,-4.25264919974204,-4.10837928126832,-4.09598424143327,-0.47547539024822,-4.28731109356559,-4.22124665122437,-4.22690156224007,-4.16761224972448,-4.19698757459736,-4.43239231101558,-4.27209546046256,-4.30470533053786,-0.44762930430705,-4.436362254814,0.192573866103346
"OTU_117",-4.28310359783696,-4.24501988454001,-4.27996867766023,-4.13902299128817,-0.506181512443315,-0.389967188563182,-4.24606092387645,-4.11050064164895,-4.25980868857554,-4.21903383016255,-4.39578882607963,-4.1303547827394,-4.19717505061909,-4.25040150741801,-4.29698945157893,-4.1593236011624,-4.30155123327417,-4.12808809487539,-4.15703231711569,-0.43918902723293,-0.446974175622935,-4.14497456506857,-4.03888283730783,-4.21147587550373,-4.22712998402175,-4.25264919974204,-4.10837928126832,-4.09598424143327,-4.25214092337265,-0.4752312056655,-4.22124665122437,0.259035845190583,-4.16761224972448,0.25883265000875,-4.43239231101558,-4.27209546046256,-4.30470533053786,-4.1593586911826,-4.436362254814,-0.500573314456599
"OTU_39",-4.28310359783696,-4.24501988454001,-4.27996867766023,-0.405180140070644,-4.23292964700872,-4.06472905069754,-0.626452967194943,-4.11050064164895,-4.25980868857554,-0.492412393014009,-4.39578882607963,-0.524575305113081,-4.19717505061909,-0.5701993150943,-4.29698945157893,-4.1593236011624,-4.30155123327417,-4.12808809487539,-0.435779875577605,-4.2642373007901,-4.18973062235295,-4.14497456506857,-4.03888283730783,-4.21147587550373,-4.22712998402175,-4.25264919974204,-0.411961984575478,-4.09598424143327,-0.47547539024822,-4.28731109356559,-4.22124665122437,-4.22690156224007,-4.16761224972448,-0.434314530551195,-4.43239231101558,-4.27209546046256,-0.580276040775288,-4.1593586911826,-4.436362254814,-4.22075223532357
"OTU_110",-4.28310359783696,-4.24501988454001,-4.27996867766023,-4.13902299128817,-4.23292964700872,-4.06472905069754,-4.24606092387645,-4.11050064164895,-4.25980868857554,-4.21903383016255,-0.0804179227745927,-4.1303547827394,-4.19717505061909,-4.25040150741801,-4.29698945157893,-4.1593236011624,-4.30155123327417,-4.12808809487539,-4.15703231711569,-4.2642373007901,-4.18973062235295,-4.14497456506857,-4.03888283730783,-0.557198382693867,-0.494495482532895,-4.25264919974204,-0.411961984575478,-4.09598424143327,-4.25214092337265,-4.28731109356559,0.271355259029813,-4.22690156224007,-0.377488801057251,-4.19698757459736,-4.43239231101558,-0.405469672821278,-0.580276040775288,-4.1593586911826,-4.436362254814,-4.22075223532357
"OTU_136",-4.28310359783696,-0.546418547518397,-4.27996867766023,-4.13902299128817,-4.23292964700872,-4.06472905069754,-4.24606092387645,-4.11050064164895,-4.25980868857554,-4.21903383016255,-4.39578882607963,-0.524575305113081,-4.19717505061909,-4.25040150741801,-4.29698945157893,-4.1593236011624,-4.30155123327417,-4.12808809487539,-4.15703231711569,-4.2642373007901,-4.18973062235295,-4.14497456506857,-4.03888283730783,-4.21147587550373,-4.22712998402175,-4.25264919974204,-0.411961984575478,0.371167524902609,-4.25214092337265,0.217915974894446,-0.421791921530132,-4.22690156224007,0.315658379502694,-4.19698757459736,-4.43239231101558,-4.27209546046256,-4.30470533053786,-4.1593586911826,-4.436362254814,-4.22075223532357
"OTU_108",-4.38846411349479,-0.546418547518397,-4.38532919331805,-4.244383506946,-4.33829016266654,-4.17008956635537,-4.35142143953427,-4.21586115730678,-0.5952508507042,-4.32439434582038,-4.50114934173745,-4.23571529839723,-4.30253556627691,-4.35576202307584,-4.40234996723675,-0.522103603951537,-4.406911748932,-4.23344861053322,-4.26239283277351,-4.36959781644793,-4.29509113801077,-4.2503350807264,-4.14424335296566,-4.31683639116155,-0.494495482532895,-0.420338709982519,-4.21373979692614,-0.321979655657336,-0.47547539024822,-4.39267160922342,-0.421791921530132,-0.434111335369362,-4.2729727653823,-4.30234809025518,-4.53775282667341,-4.37745597612038,-4.41006584619569,-4.26471920684043,-4.54172277047183,-4.3261127509814
"OTU_160",-4.38846411349479,-4.35038040019784,-4.38532919331805,-4.244383506946,-4.33829016266654,-0.389967188563182,-4.35142143953427,-4.21586115730678,-4.36516920423337,-4.32439434582038,-4.50114934173745,-4.23571529839723,-4.30253556627691,-4.35576202307584,-4.40234996723675,-4.26468411682023,-4.406911748932,-4.23344861053322,-4.26239283277351,-4.36959781644793,-4.29509113801077,-0.507856189046487,-0.304134681026542,-4.31683639116155,-4.33249049967958,-0.420338709982519,-4.21373979692614,-0.321979655657336,-4.35750143903048,-4.39267160922342,-4.3266071668822,-4.33226207789789,0.315658379502694,-4.30234809025518,-4.53775282667341,-0.405469672821278,-4.41006584619569,-0.44762930430705,-4.54172277047183,-4.3261127509814
