"ASVID","ZN3TBJM_nasal_920","ZN3TBJM_nasal_921","ZN3TBJM_nasal_922","ZN3TBJM_nasal_923","ZN3TBJM_nasal_924","ZN3TBJM_nasal_925","ZN3TBJM_nasal_926","ZN3TBJM_nasal_927","ZN3TBJM_nasal_928","ZN3TBJM_nasal_929","ZN3TBJM_nasal_930","ZN3TBJM_nasal_931","ZN3TBJM_nasal_932","ZN3TBJM_nasal_933","ZN3TBJM_nasal_934","ZN3TBJM_nasal_935","ZN3TBJM_nasal_936","ZN3TBJM_nasal_937","ZN3TBJM_nasal_938","ZN3TBJM_nasal_939","ZN3TBJM_nasal_940","ZN3TBJM_nasal_941","ZN3TBJM_nasal_942","ZN3TBJM_nasal_947","ZN3TBJM_nasal_948","ZN3TBJM_nasal_949","ZN3TBJM_nasal_950","ZN3TBJM_nasal_951","ZN3TBJM_nasal_953","ZN3TBJM_nasal_955","ZN3TBJM_nasal_957","ZN3TBJM_nasal_959","ZN3TBJM_nasal_961","ZN3TBJM_nasal_963","ZN3TBJM_nasal_964","ZN3TBJM_nasal_966","ZN3TBJM_nasal_967","ZN3TBJM_nasal_968"
"OTU_1",-0.347354403938179,-0.434442144585027,-0.955208552400556,-0.881178073949813,-0.0872827842378693,-0.824354315558435,-0.652952258233577,-1.01137604940567,-1.12417848495233,1.10601863269979,-1.42585144762906,-1.3178593697032,-0.556689040559172,-1.65998058411078,-0.909016846982364,-0.608016439115473,-2.08764136399361,-1.46031917664806,-1.73800039579079,-1.85894026325918,-0.783999094212473,-1.18214217206345,-1.10213962918608,0.0332428624433905,-1.08523610784042,-1.92939289232185,-1.40655711030298,-0.893615385386596,-1.35924330509888,-2.06894770126773,-1.55552269729964,-1.18211920303932,-0.673977264452225,-1.03286091110533,0.0707191137680585,-0.429606075090148,-1.99122875718279,-1.26693367212714
"OTU_5",-2.55441538406689,-2.09439829959594,-2.62415253576082,-2.54694770243615,-2.2031725502623,-1.72695947600114,-1.74495847578856,-0.948216579851138,-1.78428424431743,-2.44754122473647,-2.75689850649669,-1.9343956288455,-2.2423599347604,-0.933288308242726,-1.5357913722658,-1.21723039744191,-2.02203384452811,-1.98844807879108,-1.06087196068526,-1.16015671102344,-1.26111491013989,-1.12136042619405,-2.25996466796986,-2.04234263605041,-1.42084249786512,-1.63167254092898,-1.31144647032346,-1.77376797943501,-0.938682648407784,-1.00106547183207,-1.19731517740952,-1.39015856686672,-2.22604501587171,-1.61345283035958,-2.92198126462062,-2.08649667372927,-1.93867684446179,-1.41645842483124
"OTU_2",-3.23243060122602,-2.53796121274389,-3.00867145592519,-1.97089567592673,-2.5092624567361,-2.44029748374452,-2.00957033598828,-1.95904165087905,-1.52616418417912,-2.83532875206097,-0.465244590537507,-1.55907689486709,-2.59459532486817,-1.22965181874363,-1.47617859163822,-1.55678084863688,-2.51119539388587,-1.87725454569972,-1.59239204516111,-1.1506967872948,-1.32895381450465,-1.09803241042629,-4.10018333919593,-2.74003611920203,-1.70151915820925,-1.14710663860672,-1.14351483528882,-1.17689399845761,-1.59613984412947,-0.870506622696162,-1.19002844848375,-1.6458737671026,-1.75315602813774,-4.93207297159315,-4.2384886325563,-4.25331875501906,-0.314442180315459,-1.62781113269072
"OTU_37",-1.59397506102266,-1.34350708591468,-0.740452179958279,-0.95848195431973,-1.8100510688416,-1.25647778916972,-1.62690791735664,-2.06468475643399,-1.54286797927074,-3.36248867868964,-1.86563436831231,-1.26967038268466,-1.16822111336209,-1.96295744080335,-1.94287677969198,-2.29857707159651,-4.08698420781581,-1.38876383692555,-1.61881786656392,-1.92709008972854,-2.32852314654249,-2.3508989532726,-7.72709448477984,-1.89960445821354,-1.78259909982939,-2.2106027032824,-2.07775092420193,-1.90682276034727,-2.22019113845627,-2.75939725748542,-2.28530041974977,-2.18843331192505,-1.70803465821027,-1.47045472167016,-1.76018444095662,-1.32202902670714,-2.36472958979094,-2.07968613016094
"OTU_44",-2.33292813211531,-2.21053713022853,-1.99766121410776,-2.36656542265745,-2.71137799119488,-2.31732737473125,-2.26481786846875,-2.7510675861859,-2.63172262265256,-4.10704890732187,-2.46284520587586,-2.37178412879468,-2.43628677084674,-2.81217918951079,-2.51454204663349,-3.01391459263718,-4.34782777364563,-2.55718004233592,-2.54553127160444,-2.62369886153373,-3.2547366961331,-3.26603038900012,-7.32140899099585,-2.60442972416426,-2.50523012275991,-2.53314295074748,-2.62646702939134,-3.01929507018416,-3.41485658233773,-3.34370751273134,-3.14207393337076,-2.26625222477908,-2.74323087153757,-2.62129487327542,-3.02438752931437,-2.52409941085116,-2.85551189277867,-3.18943569690327
"OTU_42",-2.88895833009902,-2.54436345645361,-2.15915894030691,-2.27263277071069,-3.18830077608594,-2.82992695612185,-2.88598223947005,-3.06357505865771,-2.70098303387912,-4.30609006858394,-2.51538291365746,-2.35221878315192,-2.70851792795826,-2.92352912643679,-2.60423666022781,-3.32334705634114,-7.0842907341512,-3.06095989544239,-2.90856873588239,-3.02995308890135,-3.49007239003021,-3.48314730930014,-6.47322910188554,-3.29248453299558,-2.28537625531341,-2.88654076729522,-2.5034365572405,-2.64345395824105,-3.39340453910804,-3.71504917184732,-3.26328666588565,-3.65769652667725,-2.56265050587443,-1.92587699398354,-2.62985763271684,-2.01600333240827,-2.68034362824285,-2.87351870586213
"OTU_23",-3.90974769159101,-4.18789649981523,-5.59054790256747,-4.54572975856995,-4.30271282795416,-3.65992445184938,-3.68171096463532,-2.97446703870713,-3.45663665894461,-4.41279829334063,-5.05426713041451,-4.0350244688851,-3.78800771828701,-3.08309599310714,-3.55080259911774,-3.15767208802861,-5.70976454633375,-3.99998921097671,-3.04952244814013,-3.12721027736667,-3.12942473568035,-3.25990485677827,-4.10018333919593,-3.67984756101678,-3.2845500644697,-3.37306337037536,-3.4883496504974,-3.93424614221286,-3.05577431452086,-2.72144901015985,-3.06307329605241,-3.74196875376567,-4.17308631567919,-3.49847655053481,-4.69570708703976,-4.22257586449728,-3.5025965732537,-3.36954706911826
"OTU_135",-8.85058846713978,-5.48850265980221,-7.04031745206511,-8.85031909558593,-6.105685691198,-5.51834495718399,-8.85056778294213,-5.64632989990812,-7.02775807137683,-8.85045818145759,-8.85036368574488,-4.12937202303402,-4.86246668594655,-4.46855712682616,-5.77321969185142,-6.83582953941055,0.248742726746143,-7.03768644857417,-6.64509096950564,-5.54885989205036,-4.9674232930065,-5.13165041232742,-8.42046200245647,-5.60407046413172,-8.85017367025519,-8.85005012816875,-8.85043411087181,-7.74867570383152,-8.85064640576164,-8.8503027266475,-6.64357269570786,-8.8501185768476,-8.85056998842842,-7.64683139143048,-8.85041725577299,-7.74824429744001,-8.85081062761197,-8.85073098220759
"OTU_21",-4.04578164495741,-5.17332087637335,-4.78155309121446,-4.58873145964493,-4.35468248354436,-4.30496558853742,-4.8336328987799,-4.20290889539518,-5.23155415038835,-5.36464000947911,-5.78580125059818,-4.85892607591898,-4.23677851687507,-4.83980303735006,-4.45255678547972,-5.00567678442185,-4.98028693292325,-4.26780866518199,-4.45631989963288,-4.01857792944745,-4.82115302535518,-4.2926664603625,-0.754581715759925,-8.348754085235,-8.34228466356955,-8.3528331085949,-8.35112323770428,-4.51939440896669,-6.79950169354188,-8.29898506352873,-5.13492659741352,-5.41920668382349,-5.61420095275211,-5.03815438119065,-4.44177941685358,-4.56021640348694,-5.90445317011835,-5.20948615284142
"OTU_22",-3.05250557474373,-7.04990567108681,-4.33695834927218,-4.38980877511594,-4.73822069377526,-4.59601731485716,-4.17572416849048,-4.58363562497758,-5.11310273997165,-4.431714868055,-3.80064441744476,-6.62892282180734,-8.53102057432235,-5.71987452255585,-7.31610511115889,-5.4978151255853,-8.52780967573172,-1.72064833598963,-3.37403439995968,-3.06985758258933,-4.71762741154495,-3.9025275161738,-8.52882197506998,-4.42168431528004,-8.5315071198907,-4.80445235808909,-7.05854316810421,-8.44203851781548,-5.22664232984115,-5.10933366688053,-6.23745619250555,-8.52776834703753,-5.88332238848828,-5.1994574154933,-3.67244072777078,-5.30135622280455,-6.44458538931497,-5.86603213713563
"OTU_89",-8.72486378108759,-8.73889239639489,-8.73440006155685,-8.73417136153219,-8.41027590907016,-8.41249912030157,-8.73329803282562,-8.42222295382501,-8.72868334147777,-8.72794886345293,-5.24460887722206,-8.73189972126432,-4.4628087139153,-7.7376162828579,-4.5334951492812,-8.44612674298238,-8.73022673886842,-5.71351275929878,-5.3890717298165,-5.80103881141601,-5.79800981732169,-4.96065692429001,-4.27979741211361,-8.74039297319293,-5.4786632888502,-8.74447168440186,-4.60712479623141,-4.14994569416894,-3.45909896345848,-4.56265101564525,-3.9753843633927,-8.73018541167263,-2.31415683624083,-3.61337190160579,-3.3322045101752,-4.46003534484245,-4.98406313849326,-2.36514380750593
"OTU_57",-5.26628812397576,-5.94955689402924,-5.93995193042544,-6.63441432380101,-5.69910488510509,-5.31678220100256,-7.03790596344718,-5.04875017942481,-6.46747687363534,-7.31455283232408,-9.17720691780479,-5.0141845436074,-5.78338552525517,-5.24790088063402,-9.17144961977097,-5.14469124047642,-6.33991828938764,-5.37571922761636,-4.45631989963288,-4.62671421555281,-5.25684411834146,-4.39577103193035,-4.33006407088042,-4.90723364292376,-4.38958726664233,-9.18725837544394,-5.87795122937285,-5.34645796914867,-3.27299439270212,-5.43952753509956,-4.23256821179858,-4.11266879397987,-4.77912349311153,-4.15043402887314,-9.18403034191695,-5.06825337238925,-5.05351231845265,-3.88078752953739
"OTU_255",-5.9193417826121,-7.04990567108681,-4.70490515177277,-9.53222978010728,-6.01015247135707,-7.31344258462482,-6.81454289725996,-6.02212600686559,-8.414717399827,-7.02664880892255,-9.53247804755637,-6.62892282180734,-6.34431970494385,-6.48376244483143,-9.52672092796969,-5.95885526354235,-9.52828550722183,-6.47741182675085,-6.82762923450285,-5.3940603531109,-6.82957749791811,-6.48594299519391,-2.03654997705052,-5.95345976108227,-6.47982543187209,-9.54252919610304,-6.36453558740514,-6.49483387019752,-5.84220572874576,-9.48869022161845,-5.86886222501565,-9.52824418369792,-7.06390396147207,-6.95320654188605,-5.39341107270718,-5.73053258973212,-6.19281682841953,-5.0260711022261
"OTU_175",-9.7544800686579,-9.76850722899075,-9.76401535785466,-9.76378668149234,-9.75648332126458,-9.75756106219611,-9.76291344319411,-9.76200814190613,-9.75829923087923,-9.75756482930177,-9.76403494522278,-9.7615152765527,-9.76305291715789,-9.76593145234426,-9.7582779121065,-9.77292237910558,-9.75984246780979,-9.76317107397952,-9.76923691922548,-9.77146573760607,-9.77019486815966,-9.7669093665767,-9.76085462535975,-5.66491170026721,-7.04009846596985,-2.65893318613726,-6.14096155825389,-5.80017432033127,-5.00215499333032,-4.43057381500054,-6.48920493132532,-3.89950048042926,-7.75747876658418,-9.72371556893712,-4.09522137069564,-6.83130610681873,-8.39185670010494,-4.43301895784821
"OTU_3",-9.90188445485427,-9.91591150440227,-9.91141966857345,-9.91119099401283,-8.41027590907016,-7.71912984090673,-7.73149202924568,-8.42222295382501,-8.414717399827,-9.90496919100159,-9.91143925578726,-9.90891960699158,-8.4252971767117,-9.91333574798265,-9.90568226815438,-9.92032661996709,-8.42090253109795,-6.81432333418958,-8.43793351043061,-8.44290058683438,-8.43988008831357,-9.91431365452965,-4.91687946122417,-9.9174119150148,-9.91094370924781,-9.92149017577356,-8.44548234386224,-6.83173779255822,-9.90339721509752,-9.86765245281767,-2.68357225473493,-9.90720548889548,-9.92240762526128,-8.34021732094704,-3.28162703543168,-5.39276137046451,-5.99169179401272,-5.38471347493367
"OTU_631",-4.48368028840038,-6.48963905332041,-6.48004456192665,-5.37836007422157,-6.21126919715668,-5.70133503767972,-5.85727359636347,-6.22323742512025,-7.02775807137683,-7.7202398421307,-5.12616613840816,-6.81146461866385,-9.99035833308642,-9.9932368346474,-9.98558338402777,-10.0002276801466,-9.98714792135528,-5.78272567699632,-7.33888813383888,-9.9987710555322,-8.43988008831357,-9.99421473747842,-3.90084970483002,-9.99731298621432,-7.32799952451689,-5.50168776381594,-4.54329478227,-4.93860751891415,-4.76397168809093,-5.15039723647141,-5.0630314284081,-9.98710659893784,-6.05080492217257,-6.39287382238689,-9.9981633823065,-5.60493664001957,-5.39180770963538,-7.74022952476318
"OTU_31",-6.32570214592778,-5.94955689402924,-6.34629403924757,-6.63441432380101,-6.46302945692067,-5.1882792613391,-5.05140211468066,-5.37329230971254,-2.75878571914361,-5.57683997180212,-4.14959714442536,-10.0986065939189,-10.1001442091887,-10.1030226970507,-10.0953692829415,-10.1100135094437,-10.0969338127828,-10.1002623640651,-10.1063281097563,-10.1085568917083,-10.1072860430235,-10.1040005952368,-10.0979459536233,-10.1070988292862,-10.1006306788019,-10.1111770553722,-10.1094675182921,-10.1082968159603,-10.0930842496038,-10.0573398017245,-10.1057324208066,-10.0968924905629,-10.1120944970793,-10.0608075215295,-10.1079492213553,-8.44160720445964,-10.0848702505772,-10.10423394142
"OTU_801",-7.30764934204085,-10.2853982640712,-10.2809064969154,-10.2806778258591,-10.2733746357326,-6.80217251640707,-10.2798046078339,-7.32317071794347,-10.2751905029371,-10.2744561185021,-10.280926083829,-6.11721575241354,-10.2799440785585,-6.82067117207502,-10.2751691846618,-8.44612674298238,-2.47374926401374,-10.2800622326364,-10.2861279374587,-10.288356704456,-7.34083555412327,-10.2838004385918,-10.2777458378672,-10.2868986518135,-10.2804305448845,-10.2909768505818,-10.2892673249394,-10.2880966304514,-10.27288416686,-10.2371399666864,-7.04947183160062,-10.2766923819465,-10.2918942861589,-10.2406076620708,-10.2877490381771,-10.2879781823153,-10.2646702239746,-6.234628566913
"OTU_653",-4.73462275870439,-10.4003481241819,-10.3958563737091,-7.32821846266774,-6.46302945692067,-6.61962866329121,-6.81454289725996,-10.393849211855,-7.02775807137683,-6.10902533584713,-10.3958759605498,-8.42178300661158,-10.3948939589365,-10.3977724166611,-10.3901190828738,-10.4047631562215,-10.3916835962454,-6.63178216610673,-10.4010777948664,-10.4033065536196,-10.4020357181564,-10.3987503046285,-4.88680459637603,-10.4018485063683,-10.3953804234503,-5.80814248998044,-4.44504490359119,-5.30178959225879,-5.76787446754344,-4.61076426600259,-5.02891170284697,-10.3916422744602,-5.73979291217923,-5.33993904123886,-10.4026988895866,-6.36065459935143,-8.39185670010494,-5.53951910511728
"OTU_382",-10.5898346001324,-10.6038613027281,-10.5993695774735,-10.5991409085553,-10.5918377869749,-10.59291549258,-10.5982676986997,-10.5973624269249,-10.5936536370893,-10.5929192595623,-10.599389164204,-10.5968695776503,-10.598407168119,-10.6012856096544,-10.5936323190145,-10.6082763100904,-10.5951968235389,-10.5985253210912,-10.6045909693267,-10.606819715618,-10.6055488872571,-10.6022634921324,-10.5962089480224,-6.64790451967894,-10.5988936298935,-3.38649284808541,-10.6077303276547,-7.05509711688006,-10.5913473227237,-4.8607809274398,-6.64357269570786,-8.41913925094085,-10.6103572645502,-7.24112747735103,-4.62606154501947,-8.44160720445964,-10.5831334575711,-4.81481766828318
"OTU_1165",-5.1824574804535,-8.4368504387337,-10.6419302307135,-6.34629403924757,-6.79994732634783,-7.71912984090673,-7.32580750259577,-7.72885582385254,-6.46747687363534,-6.80328325738543,-5.6518310690241,-6.81146461866385,-10.6409678223592,-10.6438462609059,-10.6361929782316,-10.650836954119,-10.6377574811227,-7.03768644857417,-8.43793351043061,-10.6493803611474,-10.6481095340978,-10.6448241423705,-4.62675375765527,-10.64792232355,-6.22807259937548,-10.652000480292,-5.26247427613281,-5.39319455219102,-5.18559649648392,-5.38521908840296,-7.04947183160062,-10.6377161596141,-6.1463292576689,-6.25910333830874,-10.6487727011361,-7.34256341632421,-6.59896305813423,-5.4852336147203
"OTU_156",-7.30764934204085,-7.33780459272084,-7.04031745206511,-10.6711161399445,-5.63434307491892,-6.80217251640707,-5.85727359636347,-6.62936325343745,-5.77277534614315,-10.6648945017594,-6.81739283890175,-6.11721575241354,-6.47807066063875,-5.59427393427553,-7.72179177681754,-7.34708490104306,-10.6671720617717,-8.42463920980563,-7.33888813383888,-8.44290058683438,-7.34083555412327,-6.23419283705861,-10.6681841844964,-5.03326616215509,-4.80822133829663,-7.06304816338817,-6.8351845861473,-6.24308756974406,-10.6633225676622,-10.6275787739726,-7.04947183160062,-10.6671307402919,-10.6823324766238,-10.6310464292828,-10.6781872741667,-7.34256341632421,-5.39180770963538,-4.99306243707812
"OTU_8692",-10.7194086504611,-6.13231285569536,-10.7289435987741,-10.7287149305489,-7.31121838441963,-8.41249912030157,-10.7278417233408,-7.72885582385254,-8.414717399827,-10.7224933004698,-10.7289631854453,-10.7264436065352,-10.727981192337,-10.7308596251552,-10.7232063577483,-10.7378503045244,-10.7247708575089,-10.7280993449509,-10.7341649748484,-10.7363937144294,-5.95259377271899,-7.04621202212915,-3.0162745458543,-10.7349356797156,-10.7284676526365,-10.7390138284027,-10.7373043237288,-10.7361336436209,-8.40983067308774,-10.6851776223733,-7.74305285164676,-10.7247295360829,-8.45083969086622,-8.34021732094704,-10.7357860556194,-10.7360151969406,-7.29279089668983,-10.7320708464098
"OTU_94",-6.61383154560688,-10.9197209742038,-10.9152292792106,-10.9150006118367,-7.71690613529839,-6.2134963695695,-5.20070453768104,-8.42222295382501,-6.46747687363534,-7.02664880892255,-10.9152488658089,-8.42178300661158,-8.4252971767117,-8.43098149459717,-10.9094920596026,-7.05918798274235,-10.9110565535106,-7.03768644857417,-5.87038280747438,-8.44290058683438,-6.49267264177901,-5.86559602722903,-8.42046200245647,-6.04068751803596,-7.32799952451689,-10.9252994715417,-10.9235899731729,-6.36108656480092,-6.46258362543758,-10.8714634693427,-7.33737084732258,-4.26223264984245,-10.9262168925013,-6.14108115402035,-10.9220717106723,-7.05466552429676,-7.69848278788095,-10.9183565152236
"OTU_190",-6.32570214592778,-10.9635243724813,-7.73390246100333,-10.958804013784,-10.9515009474202,-6.80217251640707,-7.03790596344718,-7.72885582385254,-10.9533167837679,-8.41360887515967,-10.9590522675628,-4.51934548866008,-10.958070278877,-6.3500127354284,-5.5210163746231,-5.8785972937864,-10.9548599585375,-7.32558803589896,-4.93447393313069,-5.30265576814663,-6.24092540673957,-10.961926573875,-7.72709448477984,-10.9650247350284,-6.22807259937548,-10.9691028655044,-6.36453558740514,-10.9662226935764,-10.9510104868918,-10.9152669059674,-10.9636583586702,-10.9548186372983,-10.9700202857567,-10.9187345403016,-10.9658751071287,-7.05466552429676,-10.9427966843562,-10.9621599145601
"OTU_678",-5.83907513584906,-8.4368504387337,-11.0749536876885,-11.0747250209283,-5.76832099579377,-6.46525563771539,-8.42485858021344,-6.8119049533253,-7.02775807137683,-11.0685034308384,-11.0749732742342,-11.0724537114845,-7.73193072194849,-7.7376162828579,-6.46792052936577,-8.44612674298238,-11.0707809732098,-6.34366072633681,-5.87038280747438,-6.65006341516341,-5.44003391916652,-5.86559602722903,-11.0717930881079,-11.0809457303594,-5.12550599975507,-11.0850238531308,-11.0833143593076,-11.082143686641,-11.0669315089401,-11.0311879978785,-11.0795793565897,-11.0707396520496,-11.0859412716542,-8.34021732094704,-11.0817961008505,-6.36065459935143,-5.6806275680786,-6.03352214159646
"OTU_403",-7.01974378093018,-11.1669660413661,-8.42726848388825,-8.42726848388825,-11.1549426548748,-8.41249912030157,-11.1613724972799,-11.1604672352377,-11.1567584853677,-11.1560241157719,-11.1624939507394,-4.34871943665611,-6.12073688281212,-7.04403289727469,-5.92781452003153,-6.49892738016878,-11.1583016551701,-11.1616301169032,-7.05098944706805,-6.49569705540433,-8.43988008831357,-6.48594299519391,-11.1593137687491,-11.1684663991326,-7.04009846596985,-8.44998444172279,-11.170835025027,-6.49483387019752,-11.1544521959296,-4.77044246439668,-11.1671000271277,-11.1582603340638,-11.1734619339955,-11.122176355252,-11.1693167685266,-11.1695459080946,-11.1462384200239,-11.1656015877986
"OTU_127",-7.71333788887187,-11.1730823545631,-6.63441432380101,-11.1683620113607,-4.0105099521428,-6.2134963695695,-7.03790596344718,-6.8119049533253,-11.1628747994489,-11.1621404299171,-8.4277060249147,-11.1660907050672,-8.4252971767117,-11.1705066892716,-11.1628534816061,-11.1774973144697,-11.164417969117,-5.64875414351962,-5.79605775076537,-5.66707526666722,-6.82957749791811,-7.04621202212915,-11.1654300826081,-11.1745827122004,-11.1681147353756,-11.1786608293685,-11.1769513378913,-11.1757806668336,-11.1605685102118,-11.1248250499592,-11.1732163403132,-11.1643766480143,-11.1795782466345,-11.1282926723967,-11.1754330815212,-11.1756622210696,-11.1523547350259,-11.1717179011133
"OTU_561",-8.40670845824097,-11.1916589986748,-11.1871673230797,-11.1869386566956,-11.1796356163532,-11.1807133099329,-11.1860654565222,-11.185160194794,-11.1814514462131,-7.31455283232408,-11.1871869095932,-11.1846673509928,-11.1862049243944,-11.18908333405,-11.1814301283759,-11.1960739574425,-11.1829946154785,-11.1863230760562,-7.7445698093545,-11.1946173789786,-11.1933465646037,-11.1900612057185,-11.1840067287058,-11.1931593559245,-11.1866913807747,-3.68931795444984,-11.1955279810046,-11.1943573102486,-7.31077295011382,-5.93369097083238,-11.1917929843902,-11.1829532943866,-11.1981548890721,-11.1468693283515,-5.80039051317613,-11.1942388645151,-11.1709313845523,-5.94629282846126
"OTU_869",-11.2899631226173,-11.3039896487001,-11.2994979797003,-11.2992693136529,-11.2919662840998,-11.2930439760823,-11.2983961147653,-11.2974908543714,-11.2937821112697,-11.293047743017,-11.299517566185,-11.2969980112971,-11.2985355824321,-11.3014139878537,-11.293760793464,-11.3084046010139,-11.2953252782527,-11.2986537339198,-11.3047193061841,-11.3069480246762,-11.3056772121588,-11.3023918580866,-11.2963373899851,-5.30048892006154,-11.299022038096,-4.07666787863354,-6.49828214947643,-11.3066879563261,-6.79950169354188,-11.2557324293115,-11.3041236342193,-5.01152378815737,-11.3104855296115,-11.2592000454877,-11.3063403716113,-11.3065695107657,-11.2832620652616,-11.3026251976037
"OTU_6",-7.71333788887187,-11.325192114889,-7.04031745206511,-11.320471781065,-11.3131687534159,-8.41249912030157,-11.3195985824044,-11.3186933222459,-11.3149845801111,-11.3142502120503,-11.3207200335327,-6.47455185340115,-7.03834484868574,-7.04403289727469,-11.314963262311,-11.3296070660639,-11.3165277466914,-7.32558803589896,-11.3259217721844,-7.74953795868123,-8.43988008831357,-8.43315919580623,-11.3175398581599,-11.3266924695546,-11.3202245055724,-11.3307705786679,-11.3290610905632,-6.64920041618859,-11.3126782954976,-3.79010098118132,-11.3253261003735,-11.3164864256713,-11.3316879941264,-6.03548143252476,-11.3275428371932,-11.3277719762884,-7.29279089668983,-11.3238276641455
"OTU_2316",-11.4653180202184,-11.479344518303,-11.4748528582263,-11.4746241926341,-11.4673211776783,-11.4683988675,-11.4737509954863,-11.4728457368976,-11.4691370012087,-11.4684026344272,-11.474872444672,-11.4723528948068,-11.4738904628751,-7.33193309602246,-7.72179177681754,-11.4837594618851,-11.4706801651041,-7.73127261070394,-11.4800741743412,-11.4823028884239,-11.4810320784195,-11.477746730859,-11.4716922748138,-11.4808448703846,-11.4743769175698,-11.4849229724937,-11.4832134873215,-11.4820428205878,-5.92247167562103,-6.5410299991899,-6.64357269570786,-5.77720994321102,-11.4858403863805,-4.66754290192339,-11.4816952365602,-7.34256341632421,-5.20857499104718,-6.234628566913
"OTU_486",-7.01974378093018,-8.4368504387337,-11.4916601496771,-11.4914314841245,-11.484128470438,-7.31344258462482,-7.73149202924568,-11.4896530286963,-11.485944293652,-7.7202398421307,-11.4916797361194,-5.85418989347931,-5.53119120250482,-7.04403289727469,-11.4859229758927,-7.34708490104306,-5.52678007933985,-11.4908159057245,-11.4968814648904,-7.74953795868123,-7.05293728882663,-6.82285077189169,-5.64456311499623,-11.4976521608011,-11.491184209103,-11.5017302622098,-11.5000207773309,-11.4988501107982,-5.76787446754344,-11.447894696108,-7.74305285164676,-11.4874461363378,-11.5026476759394,-11.4513623044575,-11.4985025268304,-11.4987316654924,-11.4754242706626,-6.48637853527048
"OTU_1715",-7.71333788887187,-11.530638329766,-11.526146672017,-11.5259180065437,-6.61740297797448,-6.61962866329121,-6.63200177739563,-8.42222295382501,-11.5204308179768,-11.519696451579,-11.5261662584525,-11.5236467098977,-11.525184277166,-11.528062675365,-11.5204095002249,-11.5350532710703,-11.5219739810667,-7.32558803589896,-11.531367985427,-11.5335966983594,-11.5323258890107,-11.5290405431488,-11.5229860902488,-11.5321386810724,-8.42704964156327,-3.94234512486503,-11.5345072967878,-11.5333366306575,-11.51812453859,-11.4823812339391,-11.5307723149503,-11.52193266014,-11.5371341944955,-11.4858488410362,-11.5329890468092,-11.5332181853923,-11.5099107986704,-11.5292738820819
"OTU_857",-4.07255329221944,-8.4368504387337,-6.81695491465564,-7.32821846266774,-11.5363147469384,-7.31344258462482,-7.32580750259577,-7.72885582385254,-6.33372357931235,-7.02664880892255,-6.63485234395694,-11.5413464605648,-11.5428840275664,-11.5457624252673,-7.72179177681754,-11.5527530197688,-11.5396737320243,-11.5430021787368,-11.5490677347591,-11.5512964473081,-11.5500256381779,-11.5467402928823,-11.5406858410306,-11.5498384302718,-11.543370481924,-11.5539165295792,-11.5522070455801,-11.5510363796508,-11.5358242902182,-11.5000809919184,-11.5484720643851,-11.5396324111048,-11.5548339428374,-11.5035485983894,-11.5506887958623,-11.550917934406,-11.527610551738,-11.546973631775
"OTU_395",-11.5432803482569,-11.5573068353858,-11.5528151788007,-11.5525865133867,-11.5452835041428,-11.546361193119,-11.5517133169197,-11.5508080590374,-11.5470993262491,-11.5463649600432,-11.5528347652311,-11.5503152173314,-11.5518527841997,-11.5547311816515,-11.5470780085028,-11.5617217755512,-11.5486424889362,-11.5519709353599,-11.5580364908582,-11.5602652032155,-11.5589943941945,-11.555709049182,-11.5496545978546,-11.5588071863045,-11.5523392385151,-11.5628852852618,-11.5611758014093,-6.64920041618859,-11.5447930474653,-5.84643877505772,-8.43641688138895,-4.77335723184714,-11.5638026984413,-6.25910333830874,-5.21819132206875,-8.44160720445964,-8.39185670010494,-5.4852336147203
"OTU_1314",-11.5988507237906,-11.6128772036156,-11.6083855493583,-11.6081568840631,-6.01015247135707,-11.6019315670397,-7.32580750259577,-11.6063784306385,-11.6026696997841,-11.6019353339619,-11.6084051357785,-11.6058855891891,-11.6074231552574,-11.6103015512149,-11.6026483820489,-11.6172921415032,-11.6042128616657,-5.16104271291937,-11.6136068587109,-11.6158355699179,-11.6145647615525,-11.6112794182387,-11.6052249700564,-11.6143775537592,-11.60790960932,-11.6184556506152,-11.6167461676425,-7.74867570383152,-11.6003634222064,-11.5646201461353,-8.43641688138895,-11.6041715407713,-7.06390396147207,-5.15665779147297,-11.6152279188377,-7.05466552429676,-4.98406313849326,-11.6115127569905
"OTU_15144",-11.6084202622032,-11.6224467408109,-11.6179550869415,-11.6177264216661,-11.6104234168648,-11.6115011051835,-11.6168532257286,-11.6159479683957,-8.414717399827,-11.6115048721053,-11.6179746733601,-11.6154551269891,-11.616992692924,-11.6198710886324,-11.6122179201302,-11.6268616783188,-11.6137823996109,-11.6171108440125,-11.6231763958434,-11.6254051068586,-11.6241342986025,-8.43315919580623,-3.77298629020827,-11.6239470908253,-11.6174791469444,-11.6280251873311,-11.626315704505,-11.6251450393801,-11.6099329604869,-11.5741896875914,-11.6225807258798,-11.6137410787201,-11.6289425999605,-11.5776572915578,-11.6247974558306,-11.6250265942168,-11.6017192277645,-11.6210822943035
"OTU_2691",-5.76474317444589,-11.6818706783564,-11.6773790268148,-7.73390246100333,-7.31121838441963,-7.71912984090673,-8.42485858021344,-11.6753719093125,-11.6716631807141,-8.41360887515967,-11.6773986132232,-5.47337576826952,-11.6764166332974,-6.63813139378539,-8.41516046585109,-11.6862856135866,-5.42097737928392,-11.6765347843245,-11.6826003330118,-11.6848290428767,-11.6835582352762,-11.6802728939442,-11.6742184494311,-11.6833710275956,-11.676903087065,-11.6874491220002,-11.6857396400538,-11.6845689755323,-11.6693569045437,-11.6336136507013,-11.6820046633561,-11.6731650207868,-11.6883665341581,-11.6370812527893,-11.6842213921621,-11.6844505304301,-5.01819287043234,-11.680506232555
"OTU_1011",-11.7202126295518,-11.7342390947692,-11.7297474451673,-11.7295187801097,-11.7222157822896,-11.7232934695748,-11.7286455850042,-11.7277403285346,-11.7240316015477,-11.7232972364931,-11.7297670315672,-11.7272474875984,-11.7287850520667,-11.7316634450355,-11.7240102838349,-11.7386540281011,-11.7255747618184,-11.7289032030425,-11.7349687491102,-11.7371974580166,-11.7359266509623,-11.7326413110459,-11.7265868691538,-4.84964025735012,-11.7292715056235,-5.2259617043559,-11.7381080548026,-11.7369373907839,-11.7217253263824,-6.25286681053928,-11.734373079711,-5.23599860214878,-11.7407349477808,-11.6894496889404,-11.7365898075631,-11.7368189457326,-11.7135116015769,-11.7328746495561
"OTU_1455",-4.93402419172442,-11.7450500970524,-11.7405584478385,-11.7403297828007,-7.71690613529839,-11.7341044728066,-11.7394565877708,-11.7385513313798,-11.7348426047152,-11.7341082397245,-11.7405780342368,-7.03482836154561,-5.85771335010847,-5.86341262024809,-6.01504789724407,-8.44612674298238,-11.7363857648516,-8.42463920980563,-11.7457797513306,-7.74953795868123,-7.74651680834705,-7.33411174612168,-11.7373978720991,-11.7465504455164,-6.47982543187209,-11.7506285378197,-11.7489190567531,-8.44203851781548,-11.7325363297509,-11.6967930949616,-11.7451840819828,-11.7363444440039,-11.7515459495061,-11.7002606951713,-11.747400809644,-11.7476299477938,-11.7243226056651,-11.743685651957
"OTU_7061",-11.798465438226,-8.4368504387337,-11.808000248036,-11.807771583117,-8.41027590907016,-11.8015462763671,-11.8068983885409,-11.8059931326208,-11.80228440789,-11.801550043283,-11.8080198344241,-11.8055002919839,-11.8070378555188,-11.8099162467442,-11.8022630901901,-11.8169068255966,-11.8038275672209,-8.42463920980563,-11.8132215488232,-11.8154502563876,-7.34083555412327,-8.43315919580623,-4.03368038266124,-11.8139922426109,-11.8075243087807,-11.818070332813,-11.8163608526262,-11.8151901893114,-11.7999781341318,-11.7642349183956,-11.8126258797832,-11.8037862463948,-11.8189877440279,-11.7677025167269,-11.8148426062997,-11.8150717443313,-11.7917644143643,-11.8111274505327
"OTU_541",-11.8219961104288,-7.74348650299788,-11.8315309185801,-11.8313022537007,-11.8239992615925,-11.8250769480322,-11.8304290592759,-11.8295238035128,-11.8258150794265,-11.8250807149475,-11.8315505049648,-11.8290309629613,-11.8305685262296,-11.833446916957,-11.8257937617303,-11.8404374946056,-11.8273582384889,-6.12007761457596,-11.8367522184657,-11.8389809256466,-11.8377101195758,-11.8344247822074,-11.8283703450329,-11.8375229121207,-11.8310549794072,-11.8416010016224,-11.8398915217288,-11.8387208586151,-4.84688311145714,-11.7877655966853,-4.81766262041541,-11.82731691767,-11.8425184126801,-11.7912331943904,-11.8383732756632,-11.8386024136554,-11.8152950877423,-11.8346581205363
"OTU_2394",-11.8219961104288,-11.8360225646904,-11.8315309185801,-11.8313022537007,-11.8239992615925,-11.8250769480322,-11.8304290592759,-11.8295238035128,-11.8258150794265,-11.8250807149475,-11.8315505049648,-11.8290309629613,-5.7141727527228,-6.3500127354284,-11.8257937617303,-7.05918798274235,-11.8273582384889,-7.73127261070394,-11.8367522184657,-11.8389809256466,-11.8377101195758,-11.8344247822074,-11.8283703450329,-11.8375229121207,-11.8310549794072,-11.8416010016224,-11.8398915217288,-11.8387208586151,-11.8235088060704,-5.55779284710964,-11.8361565495283,-11.82731691767,-11.8425184126801,-5.24414913007489,-11.8383732756632,-7.05466552429676,-5.82418316388718,-11.8346581205363
"OTU_1920",-11.8219961104288,-11.8360225646904,-4.61093133642316,-4.80844191842325,-11.8239992615925,-11.8250769480322,-7.73149202924568,-11.8295238035128,-11.8258150794265,-11.8250807149475,-11.8315505049648,-11.8290309629613,-11.8305685262296,-11.833446916957,-11.8257937617303,-11.8404374946056,-11.8273582384889,-11.8306866771134,-11.8367522184657,-11.8389809256466,-11.8377101195758,-11.8344247822074,-11.8283703450329,-11.8375229121207,-11.8310549794072,-11.8416010016224,-11.8398915217288,-11.8387208586151,-11.8235088060704,-11.7877655966853,-11.8361565495283,-11.82731691767,-11.8425184126801,-11.7912331943904,-11.8383732756632,-11.8386024136554,-11.8152950877423,-11.8346581205363
"OTU_2060",-11.8961046069602,-11.9101310539179,-11.9056394101354,-11.9054107453748,-11.8981077570745,-11.8991854429506,-11.9045375514038,-11.9036322961116,-11.8999235739591,-11.8991892098639,-11.9056589965099,-11.9031394558167,-11.904677018285,-11.907555407518,-11.8999022562741,-11.9145459815553,-11.901466732216,-7.73127261070394,-11.9108607073161,-11.9130894133468,-11.9118186079315,-11.9085332722618,-11.9024788382324,-11.911631400573,-11.9051634712098,-4.48777169177079,-5.95820933823192,-11.9128293464494,-11.8976173018091,-6.72359202730881,-11.9102650386866,-11.9014254114187,-11.9166268985597,-6.5472635365167,-11.9124817636767,-11.9127109015507,-8.39185670010494,-11.9087666104698
"OTU_1768",-7.01974378093018,-11.949352025608,-11.9448603829894,-11.9446317182881,-11.9373287318919,-11.938406417486,-11.9437585245441,-11.9428532694873,-7.72134861261795,-8.41360887515967,-11.9448799693588,-11.9423604293208,-11.9438979913891,-11.9467763798749,-11.9391232306223,-11.9537669521065,-11.9406877061559,-7.73127261070394,-11.9500816788176,-11.9523103842732,-11.9510395791856,-11.9477542443653,-11.9416998119085,-11.9508523718755,-11.9443844441874,-11.9549304582254,-11.9532209796515,-11.9520503174428,-11.9368382767548,-11.9010950959493,-11.9494860103421,-4.39982190097483,-11.9558478685759,-11.9045626908369,-11.9517027347598,-11.9519318725747,-5.99169179401272,-11.9479875825129
"OTU_388",-11.9487486900305,-11.9627751321191,-11.9582834898884,-11.9580548252069,-7.71690613529839,-11.9518295249456,-11.9571816315386,-11.9562763765603,-11.952567655697,-11.9518332918576,-11.9583030762561,-11.9557835364365,-11.9573210983714,-6.3500127354284,-11.9525463380194,-8.44612674298238,-11.9541108134169,-7.32558803589896,-7.7445698093545,-11.9657334905296,-8.43988008831357,-11.9611773510142,-11.9551229190816,-11.9642754782574,-6.47982543187209,-11.9683535642571,-11.9666440858298,-11.9654734237216,-11.9502613843511,-11.9145182067211,-11.9629091168416,-5.04564734005596,-8.45083969086622,-5.50317713653534,-11.9651258410685,-11.9653549788637,-7.29279089668983,-11.9614106891417
"OTU_3215",-12.0043188907702,-12.0183453279895,-12.0138536873107,-12.0136250227084,-6.61740297797448,-8.41249912030157,-12.0127518293426,-12.0118465746782,-12.0081378551041,-12.0074034915205,-12.0138732736716,-12.0113537347255,-12.0128912961271,-8.43098149459717,-8.41516046585109,-12.0227602525898,-12.009681012287,-6.81432333418958,-7.7445698093545,-12.0213036853818,-7.74651680834705,-8.43315919580623,-12.0106931176,-12.019845673611,-12.0133777487147,-12.0239237582099,-12.0222142803691,-7.34299491579153,-5.92247167562103,-11.9700884196344,-6.64357269570786,-12.0096396915184,-12.0248411681674,-6.25910333830874,-12.0206960361296,-7.74824429744001,-5.39180770963538,-12.0169808854828
"OTU_1852",-12.0784272999047,-12.0924537310376,-12.0879620922985,-12.0877334277952,-12.0804304477455,-12.0815081324002,-12.0868602348076,-7.72885582385254,-12.0822462625731,-12.0815118993093,-12.087981678651,-12.0854621407967,-12.0869997015317,-12.089878087527,-12.0822249449122,-12.0968686537397,-12.0837894190847,-7.32558803589896,-12.0931833836186,-12.095412087157,-12.0941412831621,-12.0908559511729,-12.084801523958,-12.0939540760131,-12.0874861539086,-12.098032158861,-12.0963226817533,-12.0951520205501,-12.0799399930364,-12.044196843986,-12.0925877156562,-4.80024787412648,-12.0989495684255,-5.24414913007489,-12.0948044381659,-12.0950335757838,-8.39185670010494,-12.0910892891192
"OTU_1243",-12.0939315738369,-12.1079580037524,-12.1034663654013,-12.1032377009178,-12.0959347215027,-12.0970124060635,-12.1023645080058,-12.1014592538124,-12.0977505361721,-12.0970161729722,-12.103485951752,-12.1009664141162,-12.1025039747178,-12.1053823604641,-12.097729218513,-12.1123729260749,-12.0992936925495,-12.1026221253968,-12.1086876562706,-12.1109163596173,-12.1096455557316,-12.1063602240256,-12.1003057973348,-7.05380177991138,-12.1029904270526,-12.1135364310964,-6.04543607001941,-12.1106562930327,-12.0954442668364,-12.0597011209615,-12.1080919883595,-4.51667347638227,-12.1144538405824,-12.0631687124053,-12.1103087106784,-12.1105378482766,-12.0872305629026,-12.1065935619517
"OTU_398",-7.01974378093018,-12.1237064468994,-7.32821846266774,-12.1189861444725,-5.36129216570943,-7.31344258462482,-8.42485858021344,-8.42222295382501,-7.31566184874029,-7.02664880892255,-12.1192343952853,-12.1167148578678,-12.1182524183361,-7.04403289727469,-12.113477662546,-12.1281213688423,-12.1150421364464,-8.42463920980563,-12.1244360993547,-12.1266648025097,-12.1253939987333,-12.1221086673103,-12.1160542411438,-12.1252067916165,-12.1187388706287,-12.129284873764,-12.1275753969495,-12.1264047359475,-12.1111927110686,-12.0754495683692,-7.74305285164676,-12.1150008157029,-12.1302022831714,-5.77239920703564,-12.126057153623,-7.34256341632421,-12.1029790078545,-12.1223420052163
"OTU_146",-7.71333788887187,-12.1893040741005,-12.1848124376892,-12.1845837733046,-12.1772807970629,-12.1783584811539,-7.32580750259577,-12.1828053269699,-12.179096610941,-12.178362248061,-12.1848320240314,-12.1823124874875,-12.1838500474224,-12.1867284319234,-12.1790752932912,-12.1937189945249,-12.1806397666472,-12.1839681980503,-12.1900337263044,-12.1922624286925,-12.1909916253532,-12.1877062950627,-12.1816518709928,-12.1908044183008,-12.1843364995465,-4.44959874427005,-12.1931730228195,-12.1920023622197,-12.1767903426105,-12.1410472126131,-12.1894380586498,-12.1805984459181,-12.1957999081405,-12.1445148024916,-12.1916547800148,-12.1918839175145,-12.1685766422752,-12.1879396328881
"OTU_760",-12.1752776502714,-12.1893040741005,-12.1848124376892,-12.1845837733046,-8.41027590907016,-7.71912984090673,-12.1837105807709,-12.1828053269699,-12.179096610941,-12.178362248061,-12.1848320240314,-12.1823124874875,-7.32624629154533,-7.7376162828579,-5.84754976284003,-12.1937189945249,-12.1806397666472,-12.1839681980503,-12.1900337263044,-12.1922624286925,-7.74651680834705,-12.1877062950627,-12.1816518709928,-12.1908044183008,-12.1843364995465,-12.1948824990475,-6.8351845861473,-12.1920023622197,-12.1767903426105,-12.1410472126131,-12.1894380586498,-5.23599860214878,-12.1957999081405,-6.72982407048948,-12.1916547800148,-7.74824429744001,-12.1685766422752,-12.1879396328881
"OTU_227",-7.71333788887187,-12.1893040741005,-12.1848124376892,-12.1845837733046,-12.1772807970629,-12.1783584811539,-8.42485858021344,-12.1828053269699,-12.179096610941,-12.178362248061,-12.1848320240314,-6.81146461866385,-5.78338552525517,-12.1867284319234,-12.1790752932912,-8.44612674298238,-12.1806397666472,-12.1839681980503,-8.43793351043061,-12.1922624286925,-8.43988008831357,-7.7397944584087,-5.85286538997442,-12.1908044183008,-12.1843364995465,-12.1948824990475,-12.1931730228195,-12.1920023622197,-12.1767903426105,-12.1410472126131,-8.43641688138895,-12.1805984459181,-12.1957999081405,-6.14108115402035,-12.1916547800148,-12.1918839175145,-12.1685766422752,-6.234628566913
"OTU_3141",-12.1923721710268,-12.2063985936386,-12.2019069576152,-12.2016782932505,-12.1943753176434,-12.1954530016405,-12.2008051007924,-12.1998998470699,-12.1961911313633,-12.1954567685472,-12.2019265439558,-12.1994070076302,-12.2009445674319,-12.2038229516838,-12.1961698137154,-12.2108135136833,-12.1977342869352,-12.2010627180494,-12.2071282457796,-12.209356947976,-12.208086144746,-12.2048008147386,-12.1987463911929,-12.2078989377097,-12.2014310195138,-4.85895070676419,-6.04543607001941,-7.74867570383152,-12.1938848632338,-12.1581417364119,-12.2065325781764,-12.1976929662097,-7.06390396147207,-12.1616093259773,-12.2087492993505,-12.2089784368306,-6.78151155240789,-12.2050341525439
"OTU_10426",-12.1923721710268,-5.48850265980221,-12.2019069576152,-12.2016782932505,-8.41027590907016,-12.1954530016405,-7.73149202924568,-12.1998998470699,-7.72134861261795,-7.7202398421307,-12.2019265439558,-12.1994070076302,-12.2009445674319,-12.2038229516838,-12.1961698137154,-6.6532930444105,-12.1977342869352,-12.2010627180494,-12.2071282457796,-8.44290058683438,-5.66404496131804,-8.43315919580623,-6.47322910188554,-12.2078989377097,-8.42704964156327,-12.2119770181062,-12.2102675420249,-12.2090968815256,-12.1938848632338,-12.1581417364119,-12.2065325781764,-12.1976929662097,-12.2128944271206,-12.1616093259773,-12.2087492993505,-12.2089784368306,-12.1856711636182,-12.2050341525439
"OTU_617",-12.2274636656303,-12.2414900858075,-12.23699845056,-12.2367697862349,-7.31121838441963,-8.41249912030157,-12.235896593928,-7.72885582385254,-12.2312826253005,-12.2305482626123,-12.2370180368972,-12.2344985010084,-12.2360360605433,-12.2389144442971,-12.2312613076563,-12.2459050050929,-12.2328257806039,-6.63178216610673,-7.7445698093545,-12.2444484396358,-12.2431776366242,-12.2398923071831,-12.2338378846857,-12.2429904296202,-12.236522512541,-12.2470685093162,-12.2453590335282,-12.24418837323,-12.228976357573,-12.1932332371021,-5.79453683792466,-12.2327844598856,-12.2479859181735,-5.50317713653534,-12.2438407911147,-12.2440699285553,-5.99169179401272,-12.240125644948
"OTU_9898",-12.2638314845933,-8.4368504387337,-12.2733662678643,-12.2731376035788,-12.2658346305103,-12.2669123141316,-12.2722644114232,-12.2713591580147,-12.2676504435973,-12.266916081037,-12.2733858541981,-12.2708663187461,-12.2724038780144,-12.2752822612701,-12.2676291259568,-12.2822728208621,-12.2691935986322,-12.272522028591,-12.2785875542255,-12.2808162556551,-12.279545452862,-12.2762601239871,-4.43864769242386,-12.2793582458902,-12.2728903299277,-12.2834363248858,-12.2817268493911,-12.280556189294,-12.2653441762718,-12.2296010621519,-12.2779918868275,-12.2691522779211,-12.284353733586,-12.2330686504651,-12.2802086072385,-12.2804377446397,-12.2571304795352,-12.2764934617118
"OTU_2150",-5.56991489107205,-12.2778579023359,-6.48004456192665,-12.2731376035788,-5.57349511418475,-8.41249912030157,-12.2722644114232,-6.22323742512025,-12.2676504435973,-12.266916081037,-7.7343400977718,-12.2708663187461,-12.2724038780144,-12.2752822612701,-12.2676291259568,-12.2822728208621,-12.2691935986322,-12.272522028591,-8.43793351043061,-12.2808162556551,-12.279545452862,-12.2762601239871,-12.2702057025382,-12.2793582458902,-12.2728903299277,-12.2834363248858,-12.2817268493911,-12.280556189294,-12.2653441762718,-12.2296010621519,-12.2779918868275,-12.2691522779211,-12.284353733586,-12.2330686504651,-12.2802086072385,-12.2804377446397,-12.2571304795352,-12.2764934617118
"OTU_4392",-12.2825237050015,-8.4368504387337,-12.2920584874432,-6.48004456192665,-6.105685691198,-6.80217251640707,-7.73149202924568,-6.11765657234574,-6.62184940593161,-5.92625913698271,-12.2920780737753,-12.2895585385416,-12.2910960976766,-12.2939744806832,-12.2863213460337,-12.3009650396734,-12.2878858185731,-12.291214248243,-12.2972797733536,-12.2995084745914,-12.2982376719077,-12.2949523433158,-12.2888979223911,-12.2980504649519,-12.2915825495478,-12.3021285435974,-12.3004190682492,-12.2992484082527,-12.2840363965479,-12.2482932856035,-12.2966841060069,-12.2878444978655,-12.3030459522189,-12.2517608736037,-12.298900826227,-12.2991299636086,-12.275822700531,-12.2951856810204
"OTU_1203",-12.3015719873683,-12.3155984026763,-12.3111067689806,-12.3108781047347,-12.3035751329355,-12.3046528163689,-12.3100049127304,-12.3090996594788,-12.305390945706,-12.3046565832737,-12.311126355311,-12.3086068202957,-12.3101443792974,-12.313022762055,-12.3053696280692,-12.3200133204432,-12.3069341004724,-12.3102625298535,-12.3163280544402,-12.3185567554863,-12.3172859529118,-12.3140006246031,-12.3079462042025,-6.13621403099418,-12.3106308311264,-12.3211768242674,-8.44548234386224,-12.31829668917,-6.10523956136683,-12.2673415710137,-12.3157323871448,-4.97851191581643,-12.3220942328104,-12.2708091587008,-12.3179491071742,-12.318178244536,-12.2948709834853,-12.3142339622875
"OTU_2601",-12.3015719873683,-12.3155984026763,-12.3111067689806,-12.3108781047347,-8.41027590907016,-8.41249912030157,-12.3100049127304,-12.3090996594788,-12.305390945706,-12.3046565832737,-12.311126355311,-12.3086068202957,-12.3101443792974,-12.313022762055,-12.3053696280692,-12.3200133204432,-12.3069341004724,-7.32558803589896,-8.43793351043061,-12.3185567554863,-8.43988008831357,-12.3140006246031,-12.3079462042025,-12.3170987459722,-12.3106308311264,-12.3211768242674,-6.49828214947643,-12.31829668917,-6.32882924251221,-12.2673415710137,-12.3157323871448,-12.3068927797685,-12.3220942328104,-5.3914721150305,-12.3179491071742,-7.74824429744001,-6.19281682841953,-12.3142339622875
"OTU_1045",-12.3209901606215,-12.3350165747121,-12.3305249414044,-12.3302962771783,-12.3229933060137,-12.3240709893532,-12.3294230852496,-12.3285178320765,-12.324809118626,-12.3240747562577,-12.3305445277331,-12.3280249929362,-5.42539044911151,-7.33193309602246,-12.3247878009911,-12.3394314920994,-12.3263522732582,-7.73127261070394,-12.3357462264132,-12.3379749272676,-12.3367041248024,-12.3334187967767,-12.3273643769003,-12.3365169178788,-12.3300490035915,-12.3405949958239,-6.24653733599413,-12.3377148609736,-12.3225028519036,-12.2867597473102,-12.3351505591691,-12.3263109525578,-12.3415124042882,-6.03548143252476,-12.3373672790077,-6.83130610681873,-7.69848278788095,-12.333652134441
"OTU_1480",-12.3407928753137,-12.3548192881871,-12.3503276552673,-12.350098991061,-12.3427960205311,-7.31344258462482,-12.3492257992079,-6.34124074935556,-12.3446118329851,-12.3438774706807,-12.3503472415943,-12.3478277070158,-12.3493652657508,-12.3522436480102,-12.344590515352,-12.3592342051947,-12.3461549874831,-12.3494834162864,-12.3555489398252,-12.3577776404879,-12.356506838132,-12.3532215103895,-12.3471670910373,-6.49353769373607,-4.95450576254006,-12.3603977088194,-12.3586882339111,-12.3575175742163,-12.3423055664638,-12.3065624650458,-12.3549532726325,-12.3461136667863,-12.3613151172052,-12.3100300521068,-12.3571699922802,-12.3573991296027,-12.3340918726059,-12.3534548480336
"OTU_2405",-12.3407928753137,-12.3548192881871,-12.3503276552673,-12.350098991061,-12.3427960205311,-12.3438737037766,-12.3492257992079,-12.3483205461134,-8.414717399827,-12.3438774706807,-12.3503472415943,-12.3478277070158,-12.3493652657508,-12.3522436480102,-12.344590515352,-12.3592342051947,-12.3461549874831,-12.3494834162864,-12.3555489398252,-12.3577776404879,-12.356506838132,-12.3532215103895,-12.3471670910373,-12.3563196312246,-12.3498517174956,-12.3603977088194,-12.3586882339111,-12.3575175742163,-12.3423055664638,-4.43057381500054,-12.3549532726325,-12.3461136667863,-12.3613151172052,-12.3100300521068,-12.3571699922802,-12.3573991296027,-12.3340918726059,-12.3534548480336
"OTU_1088",-7.01974378093018,-7.74348650299788,-8.42726848388825,-12.350098991061,-7.71690613529839,-7.31344258462482,-12.3492257992079,-8.42222295382501,-12.3446118329851,-5.77166361729046,-6.63485234395694,-12.3478277070158,-8.4252971767117,-12.3522436480102,-12.344590515352,-12.3592342051947,-12.3461549874831,-12.3494834162864,-12.3555489398252,-12.3577776404879,-12.356506838132,-12.3532215103895,-12.3471670910373,-12.3563196312246,-12.3498517174956,-12.3603977088194,-12.3586882339111,-12.3575175742163,-12.3423055664638,-12.3065624650458,-12.3549532726325,-5.64323597478817,-12.3613151172052,-12.3100300521068,-12.3571699922802,-12.3573991296027,-12.3340918726059,-12.3534548480336
"OTU_550",-12.381615044626,-12.3956414550648,-12.3911498229209,-12.3909211587542,-8.41027590907016,-12.3846958725512,-12.3900479670525,-7.72885582385254,-12.3854340016312,-12.3846996394547,-6.63485234395694,-12.3886498751028,-12.3901874335711,-7.7376162828579,-6.11058002799814,-12.4000563713132,-12.3869771558606,-5.32897882630565,-7.7445698093545,-7.74953795868123,-12.3973290047191,-8.43315919580623,-12.387989259239,-12.3971417978439,-12.3906738852316,-12.4012198747383,-12.3995104001233,-12.3983397406296,-12.3831277355119,-12.3473846404449,-12.3957754394871,-12.386935835171,-12.4021372829669,-12.3508522268798,-12.3979921587533,-12.3982212960363,-12.3749140430935,-12.3942770151467
"OTU_2131",-12.4026685412198,-12.4166949504413,-12.4122033186854,-12.4119746545385,-12.4046716859126,-12.4057493688762,-12.4111014629124,-7.32317071794347,-12.4064874978919,-7.02664880892255,-12.4122229050074,-12.409703371084,-12.411240929419,-12.4141193109313,-5.23199948551039,-12.4211098663101,-6.02080267186877,-12.4113590799239,-7.05098944706805,-8.44290058683438,-12.4183824999503,-12.4150971730572,-12.4090427552775,-12.4181952930912,-12.4117273810373,-12.4222733696355,-12.4205638951671,-12.4193932357739,-12.4041812319736,-12.3684381400822,-12.4168289348521,-12.4079893313011,-12.4231907777855,-12.371905726204,-12.4190456539275,-12.4192747911908,-12.3959675402749,-12.4153305106409
"OTU_258",-12.4026685412198,-12.4166949504413,-12.4122033186854,-8.42726848388825,-7.71690613529839,-7.31344258462482,-12.4111014629124,-12.4101962100533,-8.414717399827,-8.41360887515967,-12.4122229050074,-12.409703371084,-12.411240929419,-8.43098149459717,-12.4064661802644,-12.4211098663101,-12.4080306519871,-8.42463920980563,-7.33888813383888,-8.44290058683438,-12.4183824999503,-7.7397944584087,-12.4090427552775,-12.4181952930912,-12.4117273810373,-12.4222733696355,-12.4205638951671,-12.4193932357739,-12.4041812319736,-12.3684381400822,-12.4168289348521,-12.4079893313011,-12.4231907777855,-5.85268129232851,-12.4190456539275,-8.44160720445964,-5.61586159328373,-7.74022952476318
"OTU_1400",-12.4241748338368,-12.438201241841,-12.4337096104731,-12.4334809463459,-12.4261779783547,-12.4272556612244,-7.73149202924568,-6.47499238204264,-12.4279937901758,-12.4272594281272,-12.4337291967933,-12.4312096630883,-12.4327472212899,-12.4356256025532,-12.4279724725501,-12.4426161573301,-12.4295369441367,-6.34366072633681,-12.4389308932278,-12.4411595931236,-12.4398887912047,-12.4366034645947,-5.04697830742192,-12.4397015843617,-12.4332336728662,-12.4437796605557,-12.442070186234,-12.4408995269414,-12.4256875244585,-12.3899444357426,-12.4383352262403,-12.4294956234543,-12.4446970686272,-12.3934120215513,-12.4405519451248,-12.4407810823685,-12.4174738334795,-12.4368368021583
"OTU_722",-8.40670845824097,-12.438201241841,-12.4337096104731,-7.73390246100333,-7.02331361961641,-12.4272556612244,-12.4326077547955,-8.42222295382501,-6.80439276598698,-12.4272594281272,-12.4337291967933,-12.4312096630883,-12.4327472212899,-12.4356256025532,-12.4279724725501,-12.4426161573301,-5.11932359984676,-7.73127261070394,-7.33888813383888,-12.4411595931236,-8.43988008831357,-12.4366034645947,-12.4305490473392,-12.4397015843617,-12.4332336728662,-12.4437796605557,-12.442070186234,-12.4408995269414,-12.4256875244585,-12.3899444357426,-12.4383352262403,-12.4294956234543,-12.4446970686272,-12.3934120215513,-12.4405519451248,-12.4407810823685,-12.4174738334795,-12.4368368021583
"OTU_640",-12.4461538279516,-12.4601802347385,-12.4556886037585,-12.4554599396512,-12.4481569722945,-12.4492346550703,-12.4545867481763,-12.4536814954742,-12.4499727839574,-12.4492384219728,-12.4557081900771,-12.4531886565904,-12.4547262146587,-12.4576045956729,-12.4499514663336,-12.464595149848,-12.4515159377841,-12.4548443651432,-12.4609098860624,-12.4631385857665,-12.4618677839569,-12.4585824576299,-12.4525280408986,-7.74738092592081,-12.4552126661928,-12.4657586529738,-6.65264795246253,-7.34299491579153,-6.79950169354188,-5.38521908840296,-12.4603142191262,-12.4514746171053,-12.4666760609667,-12.4153910183964,-6.49504973636134,-12.4627600750439,-8.39185670010494,-7.74022952476318
"OTU_152",-12.4461538279516,-12.4601802347385,-12.4556886037585,-12.4554599396512,-12.4481569722945,-12.4492346550703,-7.32580750259577,-12.4536814954742,-12.4499727839574,-12.4492384219728,-12.4557081900771,-12.4531886565904,-12.4547262146587,-12.4576045956729,-12.4499514663336,-12.464595149848,-12.4515159377841,-7.32558803589896,-12.4609098860624,-12.4631385857665,-12.4618677839569,-12.4585824576299,-12.4525280408986,-12.46168057713,-12.4552126661928,-12.4657586529738,-12.4640491787987,-12.4628785196066,-12.4476665184412,-5.49692711619017,-12.4603142191262,-12.4514746171053,-12.4666760609667,-5.29090904015737,-12.46253093782,-12.4627600750439,-8.39185670010494,-12.4588157951734
"OTU_1317",-6.61383154560688,-7.74348650299788,-12.4556886037585,-12.4554599396512,-12.4481569722945,-12.4492346550703,-12.4545867481763,-8.42222295382501,-12.4499727839574,-7.7202398421307,-12.4557081900771,-7.03482836154561,-12.4547262146587,-12.4576045956729,-12.4499514663336,-12.464595149848,-12.4515159377841,-8.42463920980563,-7.05098944706805,-5.80103881141601,-8.43988008831357,-7.7397944584087,-12.4525280408986,-12.46168057713,-12.4552126661928,-12.4657586529738,-12.4640491787987,-12.4628785196066,-12.4476665184412,-12.4119234329007,-12.4603142191262,-12.4514746171053,-12.4666760609667,-12.4153910183964,-12.46253093782,-7.34256341632421,-12.4394528281819,-6.82328612235569
"OTU_3442",-12.4686267711997,-12.4826531767693,-12.4781615461772,-12.4779328820897,-8.41027590907016,-12.4717075980495,-12.4770596906905,-12.4761544380668,-12.4724457268724,-12.4717113649517,-12.4781811324941,-12.4756615992258,-12.4771991571608,-12.480077537926,-12.4724244092504,-12.4870680914991,-12.4739888805648,-6.34366072633681,-12.4833828280303,-12.4856115275427,-8.43988008831357,-12.4810553997985,-12.4750009835914,-12.4841535190316,-12.4776856086527,-12.4882315945252,-12.4865221204967,-12.4853514614052,-12.4701394615571,-12.4343963791922,-12.4827871611454,-12.4739475598896,-12.4891490024395,-5.4457790582245,-12.4850038796484,-6.49440199802497,-6.19281682841953,-12.4812887373218
"OTU_1148",-12.4686267711997,-12.4826531767693,-7.73390246100333,-12.4779328820897,-12.4706299153677,-12.4717075980495,-12.4770596906905,-12.4761544380668,-12.4724457268724,-12.4717113649517,-12.4781811324941,-12.4756615992258,-5.85771335010847,-5.65511730267492,-12.4724244092504,-7.05918798274235,-12.4739888805648,-7.32558803589896,-12.4833828280303,-7.05595974363185,-8.43988008831357,-8.43315919580623,-12.4750009835914,-12.4841535190316,-12.4776856086527,-12.4882315945252,-12.4865221204967,-12.4853514614052,-12.4701394615571,-12.4343963791922,-12.4827871611454,-12.4739475598896,-12.4891490024395,-12.4378639643748,-12.4850038796484,-12.4852330168526,-12.4619257720176,-12.4812887373218
"OTU_831",-12.4686267711997,-12.4826531767693,-12.4781615461772,-12.4779328820897,-12.4706299153677,-12.4717075980495,-12.4770596906905,-12.4761544380668,-12.4724457268724,-12.4717113649517,-12.4781811324941,-12.4756615992258,-12.4771991571608,-12.480077537926,-12.4724244092504,-12.4870680914991,-12.4739888805648,-12.4773173076351,-12.4833828280303,-12.4856115275427,-12.4843407258423,-12.4810553997985,-12.4750009835914,-12.4841535190316,-6.63419524175391,-12.4882315945252,-12.4865221204967,-8.44203851781548,-12.4701394615571,-6.13484312995333,-12.4827871611454,-5.64323597478817,-7.75747876658418,-12.4378639643748,-12.4850038796484,-12.4852330168526,-12.4619257720176,-6.12905021006055
"OTU_1081",-12.4686267711997,-12.4826531767693,-12.4781615461772,-12.4779328820897,-12.4706299153677,-12.4717075980495,-12.4770596906905,-12.4761544380668,-12.4724457268724,-8.41360887515967,-12.4781811324941,-12.4756615992258,-12.4771991571608,-12.480077537926,-5.5210163746231,-12.4870680914991,-12.4739888805648,-12.4773173076351,-12.4833828280303,-12.4856115275427,-12.4843407258423,-12.4810553997985,-12.4750009835914,-12.4841535190316,-12.4776856086527,-12.4882315945252,-12.4865221204967,-12.4853514614052,-6.32882924251221,-12.4343963791922,-12.4827871611454,-12.4739475598896,-12.4891490024395,-6.72982407048948,-12.4850038796484,-6.49440199802497,-6.78151155240789,-12.4812887373218
"OTU_529",-12.4916163768203,-12.5056427811727,-12.5011511509686,-12.5009224869008,-12.4936195208135,-12.4946972034014,-12.5000492955773,-12.4991440430321,-12.4954353321599,-12.4947009703032,-12.5011707372837,-12.4986512042338,-12.5001887620355,-12.5030671425516,-12.4954140145398,-12.5100576955229,-12.4969784857181,-7.32558803589896,-12.5063724323708,-12.5086011316915,-12.5073303301004,-12.5040450043397,-12.4979905886568,-12.5071431233058,-12.5006752134853,-12.5112211984492,-12.5095117245673,-12.5083410655763,-12.4931290670457,-5.10933366688053,-12.5057767655373,-12.4969371650465,-12.5121386062849,-5.62881943618275,-12.5079934838495,-12.508222621034,-12.4849153782259,-12.5042783418429
"OTU_2929",-12.4916163768203,-12.5056427811727,-12.5011511509686,-12.5009224869008,-5.76832099579377,-7.31344258462482,-12.5000492955773,-12.4991440430321,-12.4954353321599,-8.41360887515967,-12.5011707372837,-12.4986512042338,-12.5001887620355,-12.5030671425516,-12.4954140145398,-12.5100576955229,-12.4969784857181,-8.42463920980563,-12.5063724323708,-12.5086011316915,-12.5073303301004,-12.5040450043397,-12.4979905886568,-12.5071431233058,-12.5006752134853,-12.5112211984492,-12.5095117245673,-12.5083410655763,-12.4931290670457,-12.4573859878563,-12.5057767655373,-5.32345333981958,-12.5121386062849,-12.4608535727258,-12.5079934838495,-12.508222621034,-7.69848278788095,-12.5042783418429
"OTU_387",-12.4916163768203,-12.5056427811727,-12.5011511509686,-12.5009224869008,-7.31121838441963,-7.31344258462482,-12.5000492955773,-12.4991440430321,-12.4954353321599,-12.4947009703032,-12.5011707372837,-12.4986512042338,-12.5001887620355,-6.63813139378539,-12.4954140145398,-12.5100576955229,-12.4969784857181,-6.81432333418958,-8.43793351043061,-12.5086011316915,-7.74651680834705,-12.5040450043397,-12.4979905886568,-12.5071431233058,-12.5006752134853,-12.5112211984492,-12.5095117245673,-12.5083410655763,-6.6169572458521,-8.33399124719497,-7.33737084732258,-12.4969371650465,-12.5121386062849,-6.5472635365167,-12.5079934838495,-7.05466552429676,-7.29279089668983,-12.5042783418429
"OTU_3511",-12.5151469616265,-12.5291733647615,-12.5246817349454,-12.5244530708974,-12.5171501054448,-12.5182277879387,-12.5235798796496,-12.5226746271828,-12.518965916633,-12.5182315548402,-12.5247013212589,-12.5221817884273,-12.5237193460957,-12.5265977263627,-12.5189445990147,-12.5335882787321,-12.5205090700569,-12.5238374965495,-12.5299030158969,-12.5321317150259,-12.530860913544,-12.5275755880664,-12.5215211729076,-12.5306737067654,-12.5242057975033,-12.5347517815586,-12.5330423078234,-7.74867570383152,-12.5166596517198,-12.4809165757058,-12.5293073491146,-4.97851191581643,-12.5356691893158,-12.4843841602623,-12.531524067236,-7.74824429744001,-6.44458538931497,-12.5278089255494
"OTU_420",-8.40670845824097,-12.5291733647615,-12.5246817349454,-12.5244530708974,-7.71690613529839,-12.5182277879387,-12.5235798796496,-7.0352685992811,-12.518965916633,-12.5182315548402,-12.5247013212589,-5.71064774356493,-12.5237193460957,-12.5265977263627,-12.5189445990147,-12.5335882787321,-12.5205090700569,-7.03768644857417,-8.43793351043061,-12.5321317150259,-12.530860913544,-12.5275755880664,-12.5215211729076,-12.5306737067654,-12.5242057975033,-12.5347517815586,-12.5330423078234,-7.74867570383152,-12.5166596517198,-12.4809165757058,-12.5293073491146,-12.5204677493889,-12.5356691893158,-12.4843841602623,-12.531524067236,-12.5317532044008,-7.69848278788095,-6.03352214159646
"OTU_3188",-12.5151469616265,-12.5291733647615,-12.5246817349454,-12.5244530708974,-12.5171501054448,-12.5182277879387,-12.5235798796496,-12.5226746271828,-12.518965916633,-12.5182315548402,-12.5247013212589,-12.5221817884273,-12.5237193460957,-12.5265977263627,-12.5189445990147,-12.5335882787321,-12.5205090700569,-12.5238374965495,-12.5299030158969,-12.5321317150259,-12.530860913544,-12.5275755880664,-12.5215211729076,-12.5306737067654,-12.5242057975033,-12.5347517815586,-12.5330423078234,-12.531871648933,-12.5166596517198,-12.4809165757058,-12.5293073491146,-4.69670384236585,-12.5356691893158,-12.4843841602623,-12.531524067236,-12.5317532044008,-8.39185670010494,-12.5278089255494
"OTU_9002",-12.5392446006015,-6.35589062325608,-12.5487793730911,-12.5485507090629,-8.41027590907016,-7.71912984090673,-12.5476775178907,-12.5467722655025,-8.414717399827,-12.5423291935461,-12.5487989594029,-12.5462794267897,-12.5478169843247,-12.5506953643427,-12.5430422376585,-8.44612674298238,-12.5446067085646,-12.5479351347683,-12.5540006535917,-12.556229352529,-5.95259377271899,-7.04621202212915,-6.62760036183942,-12.554771344394,-12.5483034356903,-12.558849418837,-12.5571399452483,-7.74867570383152,-12.5407572905627,-12.5050142177242,-8.43641688138895,-12.5445653879001,-12.5597668265155,-12.5084818019676,-12.5556217047914,-12.5558508419365,-7.29279089668983,-12.5519065634249
"OTU_2997",-12.5639373005879,-12.5779637012883,-12.5734720722481,-12.5732434082397,-12.5659404440564,-12.5670181263624,-12.5723702171431,-12.5714649648334,-12.5677562549281,-12.5670218932633,-12.5734916585582,-12.5709721261634,-12.5725096835651,-12.575388063334,-12.5677349373136,-12.5823786144996,-12.5692994080836,-12.5726278339984,-12.5786933522979,-12.5809220510435,-12.5796512497802,-12.5763659248688,-12.5703115107584,-12.5794640430338,-12.5729961348885,-12.5835421171266,-12.5818326436846,-12.5806619849953,-12.5654499904169,-4.63569939102291,-12.5780976856183,-12.5692580874227,-12.5844595247266,-12.5331745046843,-12.5803144033581,-12.5805435404835,-12.5572363037562,-12.5765992623116
"OTU_4035",-12.5639373005879,-12.5779637012883,-12.5734720722481,-12.5732434082397,-12.5659404440564,-12.5670181263624,-12.5723702171431,-12.5714649648334,-12.5677562549281,-12.5670218932633,-12.5734916585582,-12.5709721261634,-12.5725096835651,-7.33193309602246,-12.5677349373136,-8.44612674298238,-12.5692994080836,-6.81432333418958,-12.5786933522979,-7.74953795868123,-12.5796512497802,-12.5763659248688,-12.5703115107584,-12.5794640430338,-12.5729961348885,-12.5835421171266,-6.49828214947643,-12.5806619849953,-5.92247167562103,-12.529706920754,-7.33737084732258,-12.5692580874227,-12.5844595247266,-6.95320654188605,-12.5803144033581,-12.5805435404835,-7.29279089668983,-12.5765992623116
"OTU_2718",-12.5892551959681,-8.4368504387337,-12.598789966799,-12.5985613028104,-12.5912583392617,-12.5923360214738,-12.5976881117895,-12.5967828595582,-12.5930741499752,-12.5923397883744,-12.5988095531074,-12.596290020931,-12.5978275781993,-7.33193309602246,-12.5930528323626,-12.607696508283,-12.5946173029964,-12.5979457286224,-12.604011246398,-12.6062399449519,-12.6049691437978,-12.6016838191695,-12.5956294055833,-12.6047819370676,-12.5983140294806,-12.6088600108102,-12.6071505375148,-8.44203851781548,-12.5907678856651,-12.5550248191776,-12.6034155797697,-5.11755015668632,-12.6097774183315,-7.24112747735103,-12.6056322973187,-7.74824429744001,-7.69848278788095,-12.6019171565922
"OTU_2618",-12.5892551959681,-12.6032815954513,-12.598789966799,-12.5985613028104,-12.5912583392617,-12.5923360214738,-12.5976881117895,-12.5967828595582,-12.5930741499752,-12.5923397883744,-12.5988095531074,-12.596290020931,-12.5978275781993,-12.6007059577192,-12.5930528323626,-12.607696508283,-12.5946173029964,-12.5979457286224,-12.604011246398,-12.6062399449519,-12.6049691437978,-12.6016838191695,-12.5956294055833,-12.6047819370676,-12.5983140294806,-12.6088600108102,-12.6071505375148,-12.6059798789261,-12.5907678856651,-12.5550248191776,-12.6034155797697,-12.5945759823392,-12.6097774183315,-6.14108115402035,-12.6056322973187,-12.6058614344245,-4.98406313849326,-12.6019171565922
"OTU_1069",-12.5892551959681,-12.6032815954513,-6.22829182550811,-12.5985613028104,-7.71690613529839,-7.71912984090673,-12.5976881117895,-12.5967828595582,-8.414717399827,-12.5923397883744,-6.48048267803443,-12.596290020931,-6.34431970494385,-12.6007059577192,-12.5930528323626,-12.607696508283,-12.5946173029964,-12.5979457286224,-12.604011246398,-12.6062399449519,-12.6049691437978,-12.6016838191695,-12.5956294055833,-12.6047819370676,-12.5983140294806,-12.6088600108102,-12.6071505375148,-12.6059798789261,-6.6169572458521,-12.5550248191776,-8.43641688138895,-12.5945759823392,-12.6097774183315,-12.5584924027949,-12.6056322973187,-8.44160720445964,-7.69848278788095,-12.6019171565922
"OTU_4513",-12.5892551959681,-12.6032815954513,-12.598789966799,-12.5985613028104,-12.5912583392617,-12.5923360214738,-12.5976881117895,-12.5967828595582,-12.5930741499752,-12.5923397883744,-12.5988095531074,-12.596290020931,-12.5978275781993,-12.6007059577192,-12.5930528323626,-12.607696508283,-12.5946173029964,-6.12007761457596,-12.604011246398,-7.05595974363185,-8.43988008831357,-8.43315919580623,-12.5956294055833,-12.6047819370676,-12.5983140294806,-12.6088600108102,-6.8351845861473,-12.6059798789261,-6.00970624198777,-12.5550248191776,-12.6034155797697,-12.5945759823392,-7.75747876658418,-12.5584924027949,-12.6056322973187,-8.44160720445964,-7.00488198971286,-12.6019171565922
"OTU_2181",-12.6152307697673,-7.33780459272084,-12.6247655397689,-12.6245368758001,-7.71690613529839,-5.51834495718399,-7.32580750259577,-6.62936325343745,-6.62184940593161,-12.6183153619044,-12.6247851260756,-12.6222655941176,-12.6238031512525,-12.6266815305234,-12.6190284058305,-12.6336720804853,-12.6205928763283,-12.6239213016654,-12.6299868189171,-12.6322155172792,-12.6309447162344,-12.6276593918893,-12.6216049788272,-12.6307575095203,-12.6242896024917,-12.6348355829127,-12.6331261097639,-12.6319554512758,-12.6167434593322,-12.5810003960202,-12.6293911523401,-12.6205515556746,-12.6357529903555,-12.5844679793244,-12.6316078696983,-12.6318370067843,-12.6085297741109,-12.6278927292918
"OTU_1641",-12.6418991042455,-12.655925501294,-12.6514338734176,-12.6512052094687,-7.71690613529839,-12.6449799292135,-12.650332018599,-12.6494267665247,-12.6457180575863,-7.7202398421307,-12.6514534597226,-12.648933927983,-12.6504714849847,-8.43098149459717,-12.6456967399773,-12.6603404133664,-12.647261210339,-7.03768644857417,-7.7445698093545,-8.44290058683438,-12.6576130493499,-12.6543277252879,-12.64827331275,-12.6574258426519,-12.6509579361816,-12.6615039156941,-12.659794442692,-7.05509711688006,-12.6434117936782,-12.6076687335417,-12.6560594855893,-12.6472198896889,-12.6624213230583,-5.62881943618275,-12.6582762027567,-12.6585053398231,-6.59896305813423,-12.6545610626702
"OTU_5245",-12.6692981658295,-12.6833245616608,-12.6788329341724,-12.6786042702432,-8.41027590907016,-12.6723789905287,-7.03790596344718,-12.6768258274533,-8.414717399827,-12.6723827574282,-7.04075528044338,-6.62892282180734,-6.81498187882978,-12.6807489245955,-12.6730958012301,-12.6877394733536,-12.6746602714557,-12.6779886962151,-12.6840542124189,-7.34385735655219,-6.82957749791811,-7.04621202212915,-12.6756723737788,-12.6848249028895,-12.6783569969776,-12.6889029755815,-12.6871935027259,-12.6860228444389,-12.6708108551301,-12.6350677981691,-7.74305285164676,-12.6746189508092,-12.6898203828671,-12.6385353808472,-12.6856752629212,-8.44160720445964,-12.6625971713483,-12.6819601231547
"OTU_60",-7.71333788887187,-12.6833245616608,-12.6788329341724,-12.6786042702432,-12.6713013085984,-12.6723789905287,-12.6777310794491,-12.6768258274533,-12.6731171188372,-12.6723827574282,-12.6788525204756,-12.6763329889544,-12.6778705458227,-12.6807489245955,-12.6730958012301,-12.6877394733536,-12.6746602714557,-8.42463920980563,-7.7445698093545,-12.6862829103977,-12.6850121095714,-12.6817267857924,-12.6756723737788,-12.6848249028895,-12.6783569969776,-12.6889029755815,-12.6871935027259,-12.6860228444389,-5.57304828665274,-12.6350677981691,-12.6834585459445,-12.6746189508092,-12.6898203828671,-5.69805179994722,-12.6856752629212,-12.6859043999678,-12.6625971713483,-12.6819601231547
"OTU_6055",-12.6692981658295,-12.6833245616608,-12.6788329341724,-12.6786042702432,-8.41027590907016,-12.6723789905287,-12.6777310794491,-6.62936325343745,-5.77277534614315,-12.6723827574282,-12.6788525204756,-7.72841577984104,-12.6778705458227,-12.6807489245955,-12.6730958012301,-12.6877394733536,-12.6746602714557,-8.42463920980563,-7.33888813383888,-12.6862829103977,-8.43988008831357,-6.35219376137475,-12.6756723737788,-12.6848249028895,-12.6783569969776,-12.6889029755815,-12.6871935027259,-12.6860228444389,-12.6708108551301,-12.6350677981691,-12.6834585459445,-12.6746189508092,-12.6898203828671,-12.6385353808472,-12.6856752629212,-12.6859043999678,-12.6625971713483,-12.6819601231547
"OTU_777",-12.6974691301921,-12.7114955248061,-6.48004456192665,-12.7067752337963,-7.02331361961641,-7.71912984090673,-12.7059020430778,-8.42222295382501,-12.7012880828667,-12.7005537215217,-6.81739283890175,-12.7045039527044,-12.7060415094394,-12.708919887963,-12.7012667652615,-12.7159104361193,-12.7028312353509,-8.42463920980563,-12.7122251755014,-12.7144538732884,-12.7131830725714,-12.7098977490756,-12.7038433375861,-12.7129958659056,-12.706527960552,-12.7170739382474,-8.44548234386224,-12.714193807352,-8.40983067308774,-12.6632387655751,-12.7116295090783,-12.702789914708,-12.7179913454544,-6.5472635365167,-12.7138462258641,-12.7140753628911,-6.44458538931497,-12.7101310864177
"OTU_5036",-12.6974691301921,-12.7114955248061,-12.7070038977056,-6.34629403924757,-7.71690613529839,-5.92514666607033,-12.7059020430778,-12.7049967911605,-12.7012880828667,-12.7005537215217,-5.8601285450469,-12.7045039527044,-12.7060415094394,-12.708919887963,-12.7012667652615,-12.7159104361193,-12.7028312353509,-12.7061596598215,-12.7122251755014,-12.7144538732884,-12.7131830725714,-12.7098977490756,-12.7038433375861,-12.7129958659056,-12.706527960552,-12.7170739382474,-12.7153644655385,-12.714193807352,-12.6989818193607,-12.6632387655751,-12.7116295090783,-12.702789914708,-12.7179913454544,-12.6667063479402,-12.7138462258641,-12.7140753628911,-12.6907681362985,-12.7101310864177
"OTU_569",-6.45945722717867,-12.740483147858,-12.7359915211455,-12.7357628572559,-7.02331361961641,-7.31344258462482,-12.7348896666131,-12.7339844147743,-6.62184940593161,-12.7295413455217,-12.7360111074454,-12.7334915763609,-12.7350291329625,-8.43098149459717,-12.7302543891994,-12.7448980587915,-12.7318188591527,-8.42463920980563,-12.7412127984904,-12.7434414960857,-12.742170695478,-12.7388853722653,-12.7328309612999,-12.7419834888283,-12.7355155840331,-12.7460615608199,-12.7443520882576,-12.7431814301717,-12.7279694434977,-6.38663879019732,-12.7406171321187,-12.7317775385134,-12.7469789679483,-7.24112747735103,-12.7428338487137,-12.7430629857209,-7.69848278788095,-12.7391187095872
