"ASVID","ZOZOW1T_feces_320","ZOZOW1T_feces_321","ZOZOW1T_feces_322","ZOZOW1T_feces_323","ZOZOW1T_feces_324","ZOZOW1T_feces_325","ZOZOW1T_feces_326","ZOZOW1T_feces_327","ZOZOW1T_feces_328","ZOZOW1T_feces_329","ZOZOW1T_feces_330","ZOZOW1T_feces_331","ZOZOW1T_feces_332","ZOZOW1T_feces_333","ZOZOW1T_feces_334","ZOZOW1T_feces_336","ZOZOW1T_feces_339","ZOZOW1T_feces_340","ZOZOW1T_feces_342","ZOZOW1T_feces_343","ZOZOW1T_feces_344","ZOZOW1T_feces_345","ZOZOW1T_feces_346","ZOZOW1T_feces_347","ZOZOW1T_feces_348","ZOZOW1T_feces_349","ZOZOW1T_feces_350","ZOZOW1T_feces_351","ZOZOW1T_feces_352","ZOZOW1T_feces_353","ZOZOW1T_feces_354","ZOZOW1T_feces_355","ZOZOW1T_feces_356","ZOZOW1T_feces_358","ZOZOW1T_feces_359","ZOZOW1T_feces_360","ZOZOW1T_feces_362","ZOZOW1T_feces_363","ZOZOW1T_feces_365","ZOZOW1T_feces_367","ZOZOW1T_feces_368","ZOZOW1T_feces_369","ZOZOW1T_feces_370","ZOZOW1T_feces_371","ZOZOW1T_feces_372","ZOZOW1T_feces_373","ZOZOW1T_feces_374","ZOZOW1T_feces_375","ZOZOW1T_feces_376","ZOZOW1T_feces_377","ZOZOW1T_feces_378","ZOZOW1T_feces_379","ZOZOW1T_feces_380"
"OTU_25",5.17048399503815,5.43372200355424,5.89440283426485,5.67675380226828,5.13579843705026,5.53338948872752,6.11368217983223,5.39362754635236,6.37842618365159,5.85220247977447,5.92425579741453,5.79605775076537,6.14203740558736,5.25227342804663,6.53087762772588,6.37161184723186,5.97126183979046,5.97888576490112,5.30330490805908,6.0913098820777,5.91620206260743,5.88887795833288,5.84932477994686,5.54517744447956,6.07073772800249,6.1527326947041,5.85507192220243,6.16751649088834,5.06890420222023,4.85981240436167,4.9416424226093,5.30826769740121,5.13579843705026,4.95582705760126,4.12713438504509,4.76217393479776,4.43081679884331,4.54329478227,3.89182029811063,4.0943445622221,5.66642668811243,4.38202663467388,6.01859321449623,4.0943445622221,5.27811465923052,4.82028156560504,4.30406509320417,5.89715386763674,5.04342511691925,6.04737217904628,5.13579843705026,5.36597601502185,5.19849703126583
"OTU_33",1.09861228866811,4.43081679884331,4.49980967033027,4.46590811865458,4.23410650459726,2.99573227355399,3.63758615972639,4.00733318523247,4.53259949315326,3.13549421592915,2.99573227355399,2.56494935746154,4.7361984483945,0,4.36944785246702,4.52178857704904,5.10594547390058,3.46573590279973,-0.429182150618408,5.74939298590825,5.75574221358691,6.23048144757848,2.99573227355399,2.07944154167984,3.55534806148941,5.86929691313377,4.04305126783455,5.31811999384422,6.58892647753352,6.38519439899773,5.63121178182137,5.39816270151775,4.77068462446567,0,5.16478597392351,4.96284463025991,6.67582322163485,6.12905021006055,6.49677499018586,5.3890717298165,5.3890717298165,4.07753744390572,5.43372200355424,6.70686233660275,6.20859002609663,6.21060007702465,5.75257263882563,5.76832099579377,5.8348107370626,5.5683445037611,6.08677472691231,6.34388043412633,6.38012253689976
"OTU_6",4.78749174278205,5.2257466737132,5.4510384535657,5.77765232322266,4.81218435537242,5.65948221575962,5.87773578177964,5.21493575760899,6.0282785202307,5.4553211153577,5.82600010738045,5.70711026474888,5.6970934865054,5.0998664278242,6.16120732169508,5.94803498918065,5.89164421182577,5.51745289646471,4.67282883446191,5.53733426701854,5.25227342804663,5.83188247728352,6.31354804627709,5.52942908751142,5.60947179518496,5.66988092298052,5.33271879326537,5.79909265446053,4.84418708645859,4.88280192258637,4.67282883446191,4.91265488573605,5.54907608489522,4.18965474202643,4.0943445622221,4.95582705760126,4.47733681447821,4.33073334028633,4.70953020131233,4.07753744390572,5.01063529409626,4.02535169073515,5.13579843705026,4.04305126783455,5.85220247977447,4.4188406077966,4.49980967033027,4.98360662170834,3.80666248977032,5.07517381523383,5.08759633523238,5.27299955856375,5.28826703069454
"OTU_35",4.36944785246702,4.70953020131233,5.35658627467201,5.07517381523383,4.75359019110636,4.77068462446567,5.48063892334199,4.59511985013459,5.8636311755981,5.2040066870768,5.31811999384422,5.28826703069454,5.49306144334055,4.51085950651685,5.90536184805457,5.76519110278484,5.40267738187228,5.28826703069454,4.80402104473326,5.38449506278909,5.15329159449778,5.3890717298165,5.33271879326537,4.64439089914137,5.52942908751142,5.23644196282995,5.04342511691925,5.37989735354046,4.00733318523247,3.97029191355212,3.97029191355212,4.59511985013459,4.30406509320417,4.21950770517611,3.61091791264422,3.87120101090789,3.87120101090789,3.80666248977032,3.55534806148941,3.61091791264422,4.87519732320115,3.36729582998647,5.23110861685459,3.40119738166216,4.92725368515721,3.76120011569356,3.2188758248682,4.97673374242057,3.63758615972639,5.01727983681492,4.71849887129509,4.62497281328427,4.21950770517611
"OTU_41",3.63758615972639,5.65599181081985,4.89783979995091,5.2040066870768,4.84418708645859,3.49650756146648,3.89182029811063,4.76217393479776,5.19849703126583,4.02535169073515,5.29330482472449,4.02535169073515,3.43398720448515,5.50125821054473,4.24849524204936,3.52636052461616,4.70048036579242,5.11799381241676,3.40119738166216,5.0998664278242,5.70044357339069,3.97029191355212,3.71357206670431,4.56434819146784,4.89034912822175,3.78418963391826,3.52636052461616,4.47733681447821,4.60517018598809,4.43081679884331,4.62497281328427,5.7268477475872,4.17438726989564,4.89034912822175,4.77912349311153,4.4188406077966,5.53338948872752,5.59471137960184,4.20469261939097,3.93182563272433,4.54329478227,4.38202663467388,4.74493212836325,4.63472898822964,4.34380542185368,5.43372200355424,5.22035582507832,4.66343909411207,4.89034912822175,5.22035582507832,3.97029191355212,4.7361984483945,3.78418963391826
"OTU_29",5.27811465923052,4.40671924726425,4.69134788222914,3.95124371858143,5.59842195899838,4.61512051684126,4.49980967033027,4.89034912822175,4.52178857704904,5.11198778835654,4.71849887129509,5.08140436498446,4.18965474202643,4.38202663467388,3.80666248977032,3.78418963391826,4.89783979995091,5.33753807970132,3.55534806148941,4.07753744390572,5.17614973257383,4.66343909411207,5.25749537202778,4.24849524204936,4.04305126783455,4.17438726989564,4.11087386417331,4.49980967033027,3.61091791264422,4.89783979995091,2.94443897916644,4.0943445622221,2.07944154167984,3.40119738166216,5.17614973257383,3.55534806148941,3.13549421592915,3.61091791264422,3.36729582998647,4.35670882668959,4.33073334028633,6.13772705408623,4.57471097850338,3.46573590279973,3.55534806148941,4.39444915467244,5.03043792139244,4.21950770517611,3.13549421592915,4.62497281328427,4.61512051684126,3.13549421592915,3.17805383034795
"OTU_59",0,3.40119738166216,-0.47225272130274,-0.654983677267095,1.94591014905531,-0.567384742666033,0,-0.581213324800512,2.70805020110221,3.85014760171006,3.2188758248682,4.11087386417331,1.94591014905531,2.30258509299405,2.94443897916644,2.83321334405622,0.693147180559945,-0.396182458561077,1.79175946922805,-0.310563912671588,1.38629436111989,1.09861228866811,1.38629436111989,4.52178857704904,4.67282883446191,3.29583686600433,4.52178857704904,3.13549421592915,0.693147180559945,2.07944154167984,0.693147180559945,3.3322045101752,4.14313472639153,4.17438726989564,5.73009978297357,4.64439089914137,5.03695260241363,4.12713438504509,4.15888308335967,5.33753807970132,5.27299955856375,6.15060276844628,5.11799381241676,4.20469261939097,4.62497281328427,5.52942908751142,4.78749174278205,4.40671924726425,5.68697535633982,4.92725368515721,4.86753445045558,5.92425579741453,4.14313472639153
"OTU_72",4.63472898822964,2.07944154167984,4.70048036579242,3.61091791264422,1.79175946922805,4.36944785246702,4.0943445622221,3.55534806148941,2.89037175789616,3.40119738166216,0.693147180559945,2.30258509299405,4.39444915467244,4.17438726989564,3.52636052461616,5.01727983681492,5.29330482472449,5.26785815906333,7.61677580869837,4.85981240436167,3.61091791264422,4.71849887129509,3.95124371858143,-0.432853768676549,0,-0.442101852711901,0,-0.417335258001284,-0.474773925079622,-0.453569748100703,-0.554169184232416,-0.529878043641758,-0.533543606984948,2.83321334405622,-0.424851282904577,-0.534633366513675,-0.565536285007962,-0.494269540150122,-0.620357394027254,-0.752237982860894,-0.487375349326103,-0.446561566837601,-0.472816220311734,-0.447110420132516,-0.39874701434819,-0.452263837576069,-0.452947416736941,-0.518794009494013,-0.540888308289669,-0.354597971197346,-0.438720893972257,-0.410923418652746,-0.589461647408366
"OTU_71",3.3322045101752,3.8286413964891,4.11087386417331,4.71849887129509,4.92725368515721,4.91998092582813,4.00733318523247,3.95124371858143,3.8286413964891,4.36944785246702,4.20469261939097,3.55534806148941,5.14749447681345,4.85981240436167,3.98898404656427,3.46573590279973,3.97029191355212,3.85014760171006,2.07944154167984,4.4188406077966,5.03695260241363,3.66356164612965,2.94443897916644,3.73766961828337,4.18965474202643,3.17805383034795,2.77258872223978,3.58351893845611,3.43398720448515,3.52636052461616,3.76120011569356,4.00733318523247,3.8286413964891,-0.15738066118473,5.2040066870768,3.73766961828337,2.56494935746154,4.07753744390572,4.27666611901606,4.14313472639153,4.12713438504509,4.66343909411207,4.38202663467388,4.46590811865458,3.97029191355212,4.04305126783455,3.04452243772342,3.2188758248682,2.484906649788,4.18965474202643,4.04305126783455,3.46573590279973,3.29583686600433
"OTU_97",5.05624580534831,4.07753744390572,4.45434729625351,3.25809653802148,3.2188758248682,3.46573590279973,2.94443897916644,3.52636052461616,3.76120011569356,3.8286413964891,3.40119738166216,3.63758615972639,3.49650756146648,4.02535169073515,4.02535169073515,3.71357206670431,3.3322045101752,4.61512051684126,1.09861228866811,4.04305126783455,4.15888308335967,2.77258872223978,2.99573227355399,3.93182563272433,3.36729582998647,3.49650756146648,3.46573590279973,3.49650756146648,0.0275948278675887,2.89037175789616,4.11087386417331,4.70048036579242,3.89182029811063,3.3322045101752,4.4188406077966,3.97029191355212,4.64439089914137,4.58496747867057,4.24849524204936,4.20469261939097,4.02535169073515,4.8283137373023,3.63758615972639,4.12713438504509,4.04305126783455,4.79579054559674,3.68887945411394,4.72738781871234,4.58496747867057,4.36944785246702,4.46590811865458,4.43081679884331,2.70805020110221
"OTU_48",3.61091791264422,4.04305126783455,5.08140436498446,2.89037175789616,4.06044301054642,4.61512051684126,5.605802066296,3.61091791264422,2.83321334405622,3.97029191355212,5.03043792139244,4.59511985013459,3.40119738166216,4.34380542185368,2.94443897916644,2.07944154167984,2.19722457733622,0.693147180559945,0.0166583166085264,0.693147180559945,1.38629436111989,1.6094379124341,0.693147180559945,1.6094379124341,1.79175946922805,4.45434729625351,4.20469261939097,0,3.04452243772342,4.95582705760126,1.94591014905531,4.35670882668959,4.38202663467388,4.24849524204936,4.30406509320417,2.83321334405622,1.09861228866811,1.38629436111989,1.6094379124341,2.70805020110221,3.80666248977032,3.04452243772342,4.4188406077966,4.74493212836325,3.76120011569356,1.94591014905531,5.31320597904179,2.56494935746154,4.75359019110636,4.4188406077966,3.09104245335832,4.89783979995091,-0.602397622086231
"OTU_115",3.09104245335832,2.19722457733622,-0.0343941622828975,-0.610221403903517,1.09861228866811,4.53259949315326,4.89783979995091,4.30406509320417,3.80666248977032,4.49980967033027,3.89182029811063,3.61091791264422,2.07944154167984,5.16478597392351,5.38449506278909,2.30258509299405,4.89034912822175,3.76120011569356,0.00365705005115263,3.49650756146648,3.80666248977032,0.693147180559945,3.52636052461616,3.43398720448515,2.19722457733622,0.693147180559945,2.19722457733622,2.19722457733622,-0.0469803976238142,-0.0360213996738958,-0.532013839099012,-0.507722698508354,4.94875989037817,3.63758615972639,4.74493212836325,5.54907608489522,2.484906649788,4.06044301054642,2.94443897916644,0,5.62401750618734,2.77258872223978,2.39789527279837,5.14749447681345,1.94591014905531,0,4.56434819146784,2.63905732961526,4.84418708645859,0.0157519588016687,4.27666611901606,-0.0140804444593694,-0.567306302274961
"OTU_16",1.79175946922805,3.49650756146648,2.484906649788,3.89182029811063,2.56494935746154,4.02535169073515,4.59511985013459,4.57471097850338,2.39789527279837,2.484906649788,2.77258872223978,3.76120011569356,3.29583686600433,1.94591014905531,3.17805383034795,3.89182029811063,4.11087386417331,3.68887945411394,1.09861228866811,4.34380542185368,3.40119738166216,4.17438726989564,5.08759633523238,3.93182563272433,3.52636052461616,4.84418708645859,4.07753744390572,3.58351893845611,4.77068462446567,4.78749174278205,4.70048036579242,3.73766961828337,4.8283137373023,1.94591014905531,3.61091791264422,2.83321334405622,2.63905732961526,4.12713438504509,3.43398720448515,3.04452243772342,4.17438726989564,2.94443897916644,4.06044301054642,4.12713438504509,4.68213122712422,4.24849524204936,4.46590811865458,2.70805020110221,2.94443897916644,3.76120011569356,2.39789527279837,3.63758615972639,4.26267987704132
"OTU_30",0.693147180559945,-0.317697170581895,0,0,0,2.19722457733622,1.94591014905531,2.484906649788,0.693147180559945,-0.269037657598968,1.79175946922805,1.09861228866811,2.39789527279837,3.63758615972639,3.71357206670431,2.77258872223978,1.79175946922805,3.43398720448515,2.07944154167984,3.04452243772342,3.29583686600433,3.76120011569356,1.38629436111989,3.04452243772342,2.77258872223978,3.04452243772342,3.61091791264422,2.94443897916644,5.23110861685459,4.54329478227,4.85981240436167,4.20469261939097,3.13549421592915,3.80666248977032,2.56494935746154,3.2188758248682,3.09104245335832,2.83321334405622,4.30406509320417,4.35670882668959,3.49650756146648,4.75359019110636,4.90527477843843,2.30258509299405,4.85981240436167,4.0943445622221,3.71357206670431,2.99573227355399,5.02388052084628,4.7361984483945,1.79175946922805,4.62497281328427,4.89783979995091
"OTU_210",3.61091791264422,4.00733318523247,2.07944154167984,2.56494935746154,4.02535169073515,3.93182563272433,3.93182563272433,4.26267987704132,4.70953020131233,4.85203026391962,4.66343909411207,3.52636052461616,4.11087386417331,3.52636052461616,3.97029191355212,3.46573590279973,2.56494935746154,3.29583686600433,0,4.17438726989564,3.61091791264422,3.52636052461616,5.16478597392351,5.65599181081985,4.98360662170834,1.38629436111989,3.49650756146648,4.27666611901606,-0.30094672668669,-0.289987728736772,-0.343073115895312,-0.330549750626861,3.89182029811063,0.693147180559945,0,2.70805020110221,2.77258872223978,4.70048036579242,-0.378453725829145,0,0.693147180559945,0,1.94591014905531,2.94443897916644,2.30258509299405,1.09861228866811,3.58351893845611,2.19722457733622,1.79175946922805,3.25809653802148,2.39789527279837,1.38629436111989,2.484906649788
"OTU_61",3.85014760171006,3.46573590279973,4.24849524204936,3.40119738166216,4.39444915467244,3.71357206670431,4.20469261939097,4.44265125649032,2.94443897916644,3.52636052461616,2.70805020110221,4.34380542185368,4.17438726989564,4.02535169073515,4.26267987704132,4.21950770517611,1.6094379124341,3.49650756146648,1.79175946922805,3.78418963391826,3.78418963391826,4.24849524204936,1.38629436111989,2.39789527279837,3.04452243772342,3.66356164612965,3.61091791264422,3.95124371858143,3.93182563272433,3.46573590279973,3.55534806148941,3.66356164612965,2.56494935746154,-0.640593173414093,4.06044301054642,2.77258872223978,1.79175946922805,2.39789527279837,3.73766961828337,3.2188758248682,3.73766961828337,2.19722457733622,3.85014760171006,3.93182563272433,3.71357206670431,3.29583686600433,1.94591014905531,-0.417296605379454,1.6094379124341,2.89037175789616,4.07753744390572,4.14313472639153,3.2188758248682
"OTU_254",1.6094379124341,4.52178857704904,3.09104245335832,3.52636052461616,2.99573227355399,2.99573227355399,3.13549421592915,3.43398720448515,1.09861228866811,2.63905732961526,1.79175946922805,3.2188758248682,3.71357206670431,3.25809653802148,3.36729582998647,2.56494935746154,3.3322045101752,4.75359019110636,-0.375441182216269,3.46573590279973,4.34380542185368,3.73766961828337,3.3322045101752,2.94443897916644,3.43398720448515,3.17805383034795,1.79175946922805,3.98898404656427,4.36944785246702,4.35670882668959,5.04985600724954,2.94443897916644,2.70805020110221,3.46573590279973,2.07944154167984,2.94443897916644,3.71357206670431,2.70805020110221,3.8286413964891,4.57471097850338,3.63758615972639,3.25809653802148,2.39789527279837,2.30258509299405,3.76120011569356,3.73766961828337,4.31748811353631,3.40119738166216,2.07944154167984,3.13549421592915,3.46573590279973,3.73766961828337,3.61091791264422
"OTU_201",3.40119738166216,4.38202663467388,5.32300997913841,2.94443897916644,3.46573590279973,2.63905732961526,2.56494935746154,3.89182029811063,1.6094379124341,3.71357206670431,3.17805383034795,0.693147180559945,3.13549421592915,3.80666248977032,3.46573590279973,3.93182563272433,1.38629436111989,3.36729582998647,1.38629436111989,4.00733318523247,4.86753445045558,3.17805383034795,2.30258509299405,2.77258872223978,2.94443897916644,3.25809653802148,2.77258872223978,2.89037175789616,3.68887945411394,3.52636052461616,4.24849524204936,4.54329478227,2.77258872223978,-0.689023690034243,4.23410650459726,2.94443897916644,4.20469261939097,3.29583686600433,3.97029191355212,3.49650756146648,3.55534806148941,2.63905732961526,3.36729582998647,3.36729582998647,3.09104245335832,2.484906649788,2.63905732961526,3.09104245335832,2.77258872223978,2.99573227355399,3.61091791264422,3.95124371858143,2.63905732961526
"OTU_128",4.40671924726425,3.09104245335832,3.68887945411394,2.83321334405622,4.70953020131233,3.8286413964891,3.52636052461616,3.98898404656427,3.46573590279973,4.11087386417331,3.49650756146648,4.0943445622221,3.40119738166216,3.13549421592915,2.94443897916644,2.484906649788,3.91202300542815,4.44265125649032,2.99573227355399,3.3322045101752,3.93182563272433,3.63758615972639,4.23410650459726,3.09104245335832,2.83321334405622,3.17805383034795,3.04452243772342,3.52636052461616,2.63905732961526,4.02535169073515,1.38629436111989,2.99573227355399,1.6094379124341,1.09861228866811,4.07753744390572,1.94591014905531,2.89037175789616,2.77258872223978,2.56494935746154,3.8286413964891,3.13549421592915,4.88280192258637,3.04452243772342,2.63905732961526,2.30258509299405,3.40119738166216,3.98898404656427,3.04452243772342,1.38629436111989,3.76120011569356,3.8286413964891,2.30258509299405,2.19722457733622
"OTU_70",1.94591014905531,3.63758615972639,2.94443897916644,3.43398720448515,2.484906649788,3.71357206670431,4.07753744390572,3.76120011569356,2.19722457733622,2.07944154167984,2.56494935746154,3.25809653802148,3.29583686600433,1.38629436111989,2.63905732961526,2.77258872223978,3.66356164612965,3.17805383034795,1.94591014905531,3.98898404656427,2.63905732961526,3.43398720448515,4.49980967033027,3.13549421592915,2.89037175789616,4.17438726989564,3.76120011569356,2.99573227355399,4.24849524204936,4.57471097850338,4.15888308335967,3.36729582998647,4.06044301054642,1.6094379124341,3.2188758248682,2.70805020110221,2.19722457733622,4.02535169073515,3.52636052461616,2.94443897916644,3.68887945411394,2.30258509299405,3.40119738166216,3.68887945411394,4.23410650459726,3.76120011569356,3.78418963391826,1.94591014905531,2.56494935746154,3.58351893845611,2.19722457733622,3.46573590279973,3.40119738166216
"OTU_252",3.04452243772342,3.36729582998647,1.6094379124341,2.19722457733622,2.83321334405622,2.83321334405622,3.17805383034795,3.2188758248682,3.58351893845611,4.06044301054642,4.29045944114839,2.63905732961526,4.30406509320417,3.8286413964891,3.29583686600433,3.3322045101752,2.19722457733622,2.63905732961526,0.693147180559945,3.89182029811063,2.70805020110221,2.77258872223978,4.51085950651685,5.33271879326537,4.82028156560504,2.70805020110221,3.89182029811063,4.40671924726425,-0.581469235481815,0,-0.623595624690437,-0.611072259421987,3.55534806148941,1.38629436111989,-0.555848325382018,3.17805383034795,3.09104245335832,4.8283137373023,-0.65897623462427,-0.728385826199975,0,0,2.63905732961526,3.09104245335832,1.94591014905531,1.09861228866811,4.24849524204936,1.38629436111989,2.484906649788,4.06044301054642,2.39789527279837,2.19722457733622,2.56494935746154
"OTU_28",3.46573590279973,3.71357206670431,3.87120101090789,2.94443897916644,3.89182029811063,3.25809653802148,3.63758615972639,3.98898404656427,1.79175946922805,3.43398720448515,1.6094379124341,3.97029191355212,3.73766961828337,3.55534806148941,3.61091791264422,3.91202300542815,3.85014760171006,4.21950770517611,2.83321334405622,4.30406509320417,3.71357206670431,3.76120011569356,2.30258509299405,1.79175946922805,3.61091791264422,3.3322045101752,3.09104245335832,3.43398720448515,3.98898404656427,3.91202300542815,3.29583686600433,3.63758615972639,2.07944154167984,2.484906649788,3.61091791264422,2.77258872223978,1.6094379124341,2.484906649788,3.3322045101752,2.89037175789616,2.89037175789616,1.38629436111989,3.13549421592915,3.71357206670431,3.40119738166216,3.04452243772342,2.484906649788,1.09861228866811,1.09861228866811,3.17805383034795,4.06044301054642,3.80666248977032,2.89037175789616
"OTU_226",3.17805383034795,3.36729582998647,3.29583686600433,3.68887945411394,3.55534806148941,3.3322045101752,3.04452243772342,2.63905732961526,3.25809653802148,3.58351893845611,3.61091791264422,4.02535169073515,3.58351893845611,5.01063529409626,3.89182029811063,2.56494935746154,1.38629436111989,2.56494935746154,1.6094379124341,3.63758615972639,2.70805020110221,2.56494935746154,3.17805383034795,3.61091791264422,2.83321334405622,2.56494935746154,3.09104245335832,2.77258872223978,2.83321334405622,2.83321334405622,3.43398720448515,2.63905732961526,2.70805020110221,0,3.63758615972639,2.89037175789616,3.09104245335832,3.3322045101752,2.77258872223978,2.94443897916644,3.8286413964891,4.34380542185368,2.83321334405622,3.25809653802148,2.94443897916644,3.58351893845611,3.71357206670431,3.13549421592915,3.36729582998647,3.68887945411394,3.36729582998647,2.94443897916644,2.30258509299405
"OTU_85",3.29583686600433,4.36944785246702,3.71357206670431,4.60517018598809,3.66356164612965,3.98898404656427,3.87120101090789,3.49650756146648,4.04305126783455,4.43081679884331,3.63758615972639,3.04452243772342,3.87120101090789,3.55534806148941,2.484906649788,2.39789527279837,1.09861228866811,2.77258872223978,0,2.63905732961526,3.3322045101752,2.39789527279837,1.38629436111989,1.6094379124341,1.79175946922805,2.63905732961526,1.79175946922805,2.77258872223978,2.56494935746154,3.17805383034795,2.484906649788,2.94443897916644,4.97673374242057,0.693147180559945,2.07944154167984,2.94443897916644,2.63905732961526,2.99573227355399,4.17438726989564,2.19722457733622,1.6094379124341,1.6094379124341,2.39789527279837,3.25809653802148,3.97029191355212,2.77258872223978,1.6094379124341,2.83321334405622,1.79175946922805,2.30258509299405,2.94443897916644,2.70805020110221,3.25809653802148
"OTU_36",-0.891475711314177,-0.776109051663846,0,1.38629436111989,0,1.38629436111989,1.79175946922805,1.94591014905531,-0.666217797691283,-0.727449538680918,0.693147180559945,0.693147180559945,2.19722457733622,3.3322045101752,2.56494935746154,2.484906649788,2.484906649788,3.2188758248682,1.79175946922805,2.19722457733622,2.77258872223978,2.99573227355399,0.693147180559945,2.99573227355399,2.484906649788,2.70805020110221,3.2188758248682,2.39789527279837,4.61512051684126,3.98898404656427,4.29045944114839,3.97029191355212,2.19722457733622,2.89037175789616,2.484906649788,3.40119738166216,2.77258872223978,2.484906649788,4.06044301054642,3.8286413964891,3.17805383034795,4.34380542185368,4.45434729625351,1.79175946922805,4.43081679884331,3.76120011569356,2.56494935746154,2.83321334405622,4.45434729625351,4.07753744390572,0.693147180559945,4.20469261939097,4.62497281328427
"OTU_291",3.36729582998647,3.2188758248682,2.39789527279837,2.39789527279837,3.25809653802148,2.94443897916644,3.2188758248682,3.55534806148941,3.52636052461616,4.38202663467388,4.24849524204936,1.94591014905531,3.76120011569356,3.63758615972639,3.29583686600433,3.09104245335832,1.6094379124341,2.83321334405622,0,3.40119738166216,2.89037175789616,2.94443897916644,4.43081679884331,5.0998664278242,4.4188406077966,2.77258872223978,3.2188758248682,3.93182563272433,-0.80585425188409,-0.794895253934171,-0.847980641092711,-0.835457275824261,3.13549421592915,1.38629436111989,-0.780233341784293,2.56494935746154,2.83321334405622,4.29045944114839,-0.883361251026545,-0.952770842602249,0,-0.791708533584094,2.484906649788,2.77258872223978,1.79175946922805,1.09861228866811,3.46573590279973,1.38629436111989,2.30258509299405,3.49650756146648,1.79175946922805,2.39789527279837,2.19722457733622
"OTU_74",3.46573590279973,3.61091791264422,3.61091791264422,3.3322045101752,4.17438726989564,3.91202300542815,3.09104245335832,2.99573227355399,1.79175946922805,3.04452243772342,3.2188758248682,3.98898404656427,3.68887945411394,4.49980967033027,2.70805020110221,1.38629436111989,3.13549421592915,3.46573590279973,2.89037175789616,3.2188758248682,3.25809653802148,2.83321334405622,3.2188758248682,2.77258872223978,2.56494935746154,3.3322045101752,2.56494935746154,3.29583686600433,2.70805020110221,2.63905732961526,1.38629436111989,2.19722457733622,1.79175946922805,2.30258509299405,3.8286413964891,2.19722457733622,2.30258509299405,1.38629436111989,1.79175946922805,1.6094379124341,0.693147180559945,3.13549421592915,3.2188758248682,3.52636052461616,3.2188758248682,3.40119738166216,3.3322045101752,2.56494935746154,3.46573590279973,3.2188758248682,3.3322045101752,2.39789527279837,2.484906649788
"OTU_64",1.38629436111989,3.13549421592915,1.94591014905531,2.94443897916644,1.79175946922805,3.25809653802148,3.36729582998647,3.98898404656427,1.38629436111989,1.38629436111989,2.07944154167984,2.83321334405622,2.83321334405622,0.693147180559945,2.07944154167984,2.39789527279837,3.04452243772342,2.99573227355399,0.693147180559945,3.8286413964891,2.94443897916644,2.77258872223978,3.73766961828337,2.94443897916644,2.56494935746154,4.00733318523247,3.49650756146648,2.30258509299405,4.14313472639153,4.47733681447821,3.87120101090789,3.04452243772342,3.76120011569356,1.6094379124341,2.83321334405622,2.39789527279837,1.79175946922805,3.04452243772342,3.52636052461616,2.56494935746154,3.3322045101752,2.19722457733622,3.04452243772342,3.89182029811063,4.18965474202643,3.63758615972639,3.66356164612965,1.6094379124341,1.6094379124341,2.83321334405622,1.09861228866811,2.89037175789616,3.43398720448515
"OTU_4168",-1.0296785859793,2.77258872223978,2.484906649788,2.99573227355399,2.07944154167984,1.38629436111989,2.56494935746154,3.09104245335832,3.61091791264422,0.693147180559945,2.07944154167984,1.09861228866811,3.2188758248682,-0.804582663329374,2.70805020110221,3.66356164612965,3.09104245335832,1.6094379124341,-0.802920602166334,3.29583686600433,3.36729582998647,4.24849524204936,2.19722457733622,0.693147180559945,2.30258509299405,3.76120011569356,2.89037175789616,3.52636052461616,4.07753744390572,3.95124371858143,3.71357206670431,2.77258872223978,3.09104245335832,-1.10098232745296,1.94591014905531,2.39789527279837,3.58351893845611,3.40119738166216,3.93182563272433,2.70805020110221,4.02535169073515,1.38629436111989,3.17805383034795,3.40119738166216,3.95124371858143,3.25809653802148,2.83321334405622,3.04452243772342,2.77258872223978,3.04452243772342,3.52636052461616,3.89182029811063,3.80666248977032
"OTU_326",2.56494935746154,3.73766961828337,3.13549421592915,4.00733318523247,3.76120011569356,3.29583686600433,3.36729582998647,3.13549421592915,3.49650756146648,3.87120101090789,3.58351893845611,3.2188758248682,3.68887945411394,3.17805383034795,2.89037175789616,2.484906649788,0.693147180559945,2.83321334405622,1.09861228866811,3.09104245335832,3.09104245335832,2.56494935746154,1.38629436111989,1.09861228866811,2.484906649788,2.83321334405622,1.79175946922805,3.09104245335832,2.56494935746154,2.70805020110221,2.484906649788,3.40119738166216,5.17614973257383,0,1.38629436111989,3.68887945411394,2.56494935746154,2.63905732961526,3.78418963391826,0.693147180559945,1.09861228866811,1.94591014905531,2.30258509299405,3.17805383034795,3.63758615972639,2.77258872223978,2.56494935746154,2.30258509299405,2.30258509299405,2.83321334405622,2.89037175789616,3.13549421592915,3.43398720448515
"OTU_107",0.693147180559945,2.30258509299405,2.94443897916644,3.17805383034795,3.58351893845611,3.66356164612965,3.3322045101752,1.79175946922805,2.39789527279837,3.43398720448515,3.66356164612965,3.2188758248682,3.36729582998647,5.15905529921453,3.25809653802148,1.94591014905531,3.3322045101752,3.8286413964891,2.07944154167984,5.14166355650266,3.25809653802148,1.6094379124341,2.99573227355399,2.77258872223978,2.70805020110221,1.6094379124341,4.11087386417331,2.30258509299405,2.94443897916644,3.13549421592915,-0.904682454769483,2.19722457733622,1.09861228866811,1.6094379124341,3.17805383034795,0.693147180559945,1.09861228866811,1.6094379124341,1.6094379124341,1.6094379124341,2.19722457733622,2.56494935746154,3.40119738166216,3.09104245335832,2.56494935746154,3.29583686600433,2.07944154167984,1.79175946922805,1.79175946922805,2.07944154167984,3.58351893845611,2.07944154167984,2.39789527279837
"OTU_124",3.17805383034795,1.38629436111989,1.94591014905531,-0.986275234727311,2.07944154167984,1.79175946922805,2.19722457733622,0,1.09861228866811,1.6094379124341,1.6094379124341,1.94591014905531,2.63905732961526,3.78418963391826,2.39789527279837,0.693147180559945,2.07944154167984,2.30258509299405,3.55534806148941,0,0,1.6094379124341,1.79175946922805,4.4188406077966,3.40119738166216,2.83321334405622,4.64439089914137,3.09104245335832,2.07944154167984,3.87120101090789,3.17805383034795,3.52636052461616,3.49650756146648,4.33073334028633,3.95124371858143,4.12713438504509,1.09861228866811,3.89182029811063,2.30258509299405,2.94443897916644,3.85014760171006,3.98898404656427,2.07944154167984,3.29583686600433,1.79175946922805,2.77258872223978,2.70805020110221,2.94443897916644,3.29583686600433,1.09861228866811,3.85014760171006,2.19722457733622,0
"OTU_361",1.38629436111989,4.04305126783455,2.77258872223978,2.56494935746154,2.39789527279837,2.39789527279837,2.484906649788,3.3322045101752,0.693147180559945,2.19722457733622,1.6094379124341,3.04452243772342,3.2188758248682,2.484906649788,3.17805383034795,2.07944154167984,3.13549421592915,4.33073334028633,-0.864207087917528,2.99573227355399,3.8286413964891,2.83321334405622,2.56494935746154,2.70805020110221,2.89037175789616,3.13549421592915,1.79175946922805,3.29583686600433,3.8286413964891,3.80666248977032,4.46590811865458,2.30258509299405,1.09861228866811,3.04452243772342,0.693147180559945,2.63905732961526,3.78418963391826,1.6094379124341,3.36729582998647,3.66356164612965,2.89037175789616,2.77258872223978,2.19722457733622,1.94591014905531,3.17805383034795,3.3322045101752,3.40119738166216,3.09104245335832,2.07944154167984,2.484906649788,3.61091791264422,3.13549421592915,3.52636052461616
"OTU_224",-1.10931421039869,-0.993947550748362,-0.920607438919775,-1.01667271191168,-0.968512303884956,-0.971177369089068,-0.898530687225789,-0.978392992264198,-0.8840562967758,-0.945288037765435,-0.942859893167828,-0.924887855049471,-0.925324609773823,-0.884218287748764,2.99573227355399,3.3322045101752,2.30258509299405,1.79175946922805,1.09861228866811,1.38629436111989,2.77258872223978,2.77258872223978,2.56494935746154,3.2188758248682,2.30258509299405,2.70805020110221,3.17805383034795,1.6094379124341,2.70805020110221,4.11087386417331,0.693147180559945,2.07944154167984,2.63905732961526,2.83321334405622,5.4510384535657,2.19722457733622,2.19722457733622,3.43398720448515,1.09861228866811,1.79175946922805,3.29583686600433,2.39789527279837,3.49650756146648,2.484906649788,3.8286413964891,2.63905732961526,5.12989871492307,2.77258872223978,3.93182563272433,4.43081679884331,3.80666248977032,3.13549421592915,-0.994144426439424
"OTU_264",0,2.19722457733622,1.6094379124341,3.09104245335832,1.09861228866811,1.38629436111989,1.6094379124341,0.693147180559945,0.693147180559945,1.94591014905531,1.79175946922805,1.79175946922805,1.94591014905531,3.09104245335832,2.39789527279837,0.693147180559945,1.6094379124341,3.13549421592915,-0.884321452110294,2.39789527279837,2.39789527279837,1.38629436111989,2.484906649788,3.29583686600433,3.13549421592915,3.2188758248682,3.68887945411394,3.17805383034795,-0.93495889978526,-0.923999901835342,4.45434729625351,4.02535169073515,3.49650756146648,3.25809653802148,4.15888308335967,4.06044301054642,3.2188758248682,3.25809653802148,2.94443897916644,2.89037175789616,3.17805383034795,4.14313472639153,3.04452243772342,3.3322045101752,3.89182029811063,3.46573590279973,3.49650756146648,3.04452243772342,2.63905732961526,3.43398720448515,4.06044301054642,3.3322045101752,-0.995909651963993
"OTU_43",3.63758615972639,3.13549421592915,3.52636052461616,2.89037175789616,3.89182029811063,3.13549421592915,3.36729582998647,4.00733318523247,0.693147180559945,3.36729582998647,2.63905732961526,3.78418963391826,3.63758615972639,3.25809653802148,3.49650756146648,3.97029191355212,1.79175946922805,2.484906649788,1.38629436111989,3.25809653802148,3.2188758248682,3.78418963391826,1.09861228866811,1.6094379124341,2.07944154167984,3.09104245335832,2.63905732961526,3.36729582998647,3.55534806148941,2.94443897916644,3.13549421592915,3.25809653802148,1.79175946922805,-1.20291044880968,3.49650756146648,2.89037175789616,1.38629436111989,1.79175946922805,2.39789527279837,2.89037175789616,2.63905732961526,2.30258509299405,2.70805020110221,3.04452243772342,3.36729582998647,2.30258509299405,1.6094379124341,0,0,1.94591014905531,3.91202300542815,3.04452243772342,2.99573227355399
"OTU_172",2.484906649788,2.63905732961526,3.71357206670431,0.693147180559945,3.46573590279973,3.04452243772342,2.39789527279837,3.2188758248682,2.30258509299405,3.25809653802148,1.6094379124341,1.38629436111989,2.30258509299405,0,1.09861228866811,1.09861228866811,1.38629436111989,1.79175946922805,1.09861228866811,1.6094379124341,2.484906649788,1.6094379124341,2.07944154167984,1.79175946922805,2.07944154167984,1.94591014905531,2.07944154167984,2.70805020110221,4.02535169073515,3.17805383034795,4.23410650459726,4.11087386417331,3.63758615972639,2.484906649788,3.63758615972639,4.00733318523247,1.94591014905531,3.61091791264422,3.43398720448515,3.76120011569356,2.99573227355399,3.58351893845611,1.79175946922805,2.77258872223978,2.94443897916644,2.30258509299405,3.2188758248682,3.66356164612965,4.04305126783455,4.04305126783455,3.09104245335832,1.38629436111989,2.89037175789616
"OTU_131",1.38629436111989,0.693147180559945,1.38629436111989,0.693147180559945,-1.00900366523969,0,-0.939022048580526,0.693147180559945,-0.924547658130537,-0.985779399120172,-0.983351254522565,1.09861228866811,-0.96581597112856,3.13549421592915,1.6094379124341,0.693147180559945,-0.945141344827838,1.79175946922805,0.693147180559945,1.79175946922805,1.38629436111989,-0.950732032806052,0.693147180559945,3.71357206670431,3.71357206670431,3.78418963391826,3.68887945411394,2.94443897916644,2.94443897916644,3.63758615972639,3.8286413964891,3.76120011569356,2.56494935746154,4.17438726989564,4.26267987704132,2.99573227355399,3.25809653802148,3.25809653802148,4.12713438504509,2.83321334405622,3.58351893845611,3.55534806148941,3.17805383034795,3.97029191355212,2.56494935746154,4.06044301054642,3.2188758248682,3.04452243772342,2.56494935746154,2.56494935746154,3.80666248977032,2.99573227355399,3.52636052461616
"OTU_169",3.73766961828337,3.3322045101752,4.14313472639153,3.17805383034795,3.04452243772342,2.89037175789616,2.89037175789616,3.49650756146648,2.83321334405622,3.66356164612965,3.66356164612965,3.85014760171006,3.09104245335832,4.66343909411207,1.38629436111989,0,1.09861228866811,2.484906649788,0,2.99573227355399,2.94443897916644,-0.959957190480878,0.693147180559945,2.56494935746154,2.70805020110221,2.63905732961526,4.30406509320417,3.13549421592915,2.19722457733622,2.77258872223978,2.99573227355399,2.30258509299405,3.04452243772342,2.83321334405622,2.56494935746154,2.77258872223978,2.77258872223978,2.19722457733622,1.38629436111989,2.70805020110221,2.63905732961526,3.09104245335832,2.83321334405622,2.56494935746154,2.89037175789616,3.29583686600433,1.09861228866811,2.70805020110221,1.6094379124341,2.99573227355399,3.04452243772342,2.56494935746154,1.94591014905531
"OTU_185",4.69134788222914,2.484906649788,3.46573590279973,1.94591014905531,2.484906649788,2.83321334405622,1.79175946922805,2.484906649788,1.38629436111989,2.19722457733622,1.79175946922805,1.38629436111989,2.30258509299405,3.49650756146648,2.07944154167984,2.70805020110221,3.04452243772342,2.63905732961526,2.99573227355399,2.39789527279837,2.30258509299405,2.484906649788,2.484906649788,3.68887945411394,2.63905732961526,4.29045944114839,4.67282883446191,3.61091791264422,-1.0120612936674,-1.00110229571748,-1.05418768287602,1.09861228866811,-1.0440001564023,3.89182029811063,3.85014760171006,-1.04442360605575,0,-1.02331996056337,2.39789527279837,2.19722457733622,2.484906649788,3.09104245335832,3.04452243772342,3.17805383034795,2.19722457733622,3.40119738166216,2.63905732961526,2.94443897916644,3.29583686600433,2.77258872223978,3.17805383034795,2.30258509299405,3.49650756146648
"OTU_240",-1.20745024867128,1.79175946922805,2.07944154167984,0.693147180559945,3.04452243772342,1.94591014905531,1.09861228866811,0.693147180559945,2.39789527279837,1.79175946922805,2.484906649788,0.693147180559945,2.19722457733622,3.91202300542815,2.99573227355399,2.19722457733622,1.38629436111989,1.6094379124341,5.17048399503815,3.09104245335832,2.56494935746154,2.19722457733622,2.77258872223978,3.40119738166216,2.19722457733622,0.693147180559945,3.97029191355212,1.6094379124341,0.693147180559945,0.693147180559945,1.6094379124341,3.09104245335832,2.56494935746154,3.46573590279973,3.46573590279973,4.04305126783455,2.484906649788,4.60517018598809,1.94591014905531,2.56494935746154,2.484906649788,3.80666248977032,1.38629436111989,3.09104245335832,0,3.09104245335832,2.30258509299405,2.89037175789616,2.56494935746154,1.6094379124341,3.87120101090789,1.38629436111989,2.70805020110221
"OTU_367",2.484906649788,3.52636052461616,3.91202300542815,3.25809653802148,2.94443897916644,3.61091791264422,3.36729582998647,2.89037175789616,3.25809653802148,3.3322045101752,3.80666248977032,2.39789527279837,2.83321334405622,4.64439089914137,2.99573227355399,2.39789527279837,2.484906649788,2.484906649788,-0.994404526722293,2.70805020110221,2.94443897916644,1.79175946922805,2.19722457733622,2.30258509299405,2.39789527279837,2.07944154167984,3.43398720448515,2.70805020110221,1.79175946922805,1.79175946922805,2.30258509299405,2.77258872223978,3.55534806148941,1.6094379124341,3.09104245335832,2.484906649788,2.484906649788,3.40119738166216,1.79175946922805,3.17805383034795,2.63905732961526,2.94443897916644,3.2188758248682,1.79175946922805,2.07944154167984,2.07944154167984,2.07944154167984,1.38629436111989,2.30258509299405,3.76120011569356,3.52636052461616,2.77258872223978,-1.10599272657599
"OTU_76",-1.22709724605508,2.30258509299405,2.484906649788,2.56494935746154,3.2188758248682,2.83321334405622,3.46573590279973,3.71357206670431,3.43398720448515,2.30258509299405,3.13549421592915,3.87120101090789,1.94591014905531,2.07944154167984,3.09104245335832,3.68887945411394,-1.02243301912948,0.693147180559945,-1.00033926224211,2.39789527279837,3.29583686600433,2.63905732961526,3.58351893845611,3.3322045101752,4.57471097850338,3.04452243772342,0.693147180559945,2.19722457733622,3.46573590279973,2.77258872223978,1.79175946922805,2.39789527279837,1.79175946922805,1.6094379124341,1.79175946922805,-1.08333902230542,3.13549421592915,1.79175946922805,2.99573227355399,3.13549421592915,2.63905732961526,3.71357206670431,1.79175946922805,1.6094379124341,2.77258872223978,2.484906649788,3.3322045101752,2.19722457733622,2.56494935746154,3.71357206670431,2.39789527279837,2.99573227355399,3.95124371858143
"OTU_140",0.693147180559945,2.30258509299405,1.79175946922805,2.07944154167984,4.07753744390572,3.04452243772342,1.94591014905531,2.89037175789616,2.19722457733622,3.3322045101752,2.30258509299405,2.19722457733622,2.30258509299405,1.38629436111989,3.09104245335832,2.19722457733622,2.63905732961526,2.83321334405622,2.484906649788,2.70805020110221,2.83321334405622,0,1.94591014905531,2.30258509299405,3.04452243772342,2.89037175789616,2.484906649788,3.04452243772342,3.40119738166216,2.94443897916644,3.58351893845611,3.36729582998647,3.3322045101752,3.13549421592915,2.56494935746154,2.99573227355399,2.19722457733622,2.484906649788,3.09104245335832,3.2188758248682,2.83321334405622,3.43398720448515,2.99573227355399,2.56494935746154,3.09104245335832,3.29583686600433,3.61091791264422,3.85014760171006,3.63758615972639,3.8286413964891,1.09861228866811,1.94591014905531,2.39789527279837
"OTU_168",2.70805020110221,3.04452243772342,2.94443897916644,3.2188758248682,2.07944154167984,2.39789527279837,3.2188758248682,3.2188758248682,3.80666248977032,3.04452243772342,3.55534806148941,3.2188758248682,2.83321334405622,1.38629436111989,2.63905732961526,3.2188758248682,3.61091791264422,2.07944154167984,2.63905732961526,3.04452243772342,2.56494935746154,2.99573227355399,2.63905732961526,3.2188758248682,4.00733318523247,2.77258872223978,2.77258872223978,3.46573590279973,3.40119738166216,3.04452243772342,3.17805383034795,3.68887945411394,3.13549421592915,2.83321334405622,1.79175946922805,2.83321334405622,2.70805020110221,3.13549421592915,2.63905732961526,1.38629436111989,3.3322045101752,1.09861228866811,2.77258872223978,1.94591014905531,2.484906649788,2.70805020110221,2.30258509299405,2.39789527279837,1.38629436111989,2.19722457733622,1.09861228866811,2.39789527279837,1.94591014905531
"OTU_329",2.484906649788,2.30258509299405,3.3322045101752,1.79175946922805,2.99573227355399,2.70805020110221,1.79175946922805,2.484906649788,1.94591014905531,2.56494935746154,2.30258509299405,1.38629436111989,2.30258509299405,1.38629436111989,1.79175946922805,1.79175946922805,0,-1.05348057671685,-1.05539903942514,1.38629436111989,2.07944154167984,2.30258509299405,2.70805020110221,0,1.38629436111989,0.693147180559945,1.09861228866811,1.79175946922805,3.80666248977032,3.17805383034795,4.18965474202643,4.36944785246702,3.09104245335832,0.693147180559945,3.63758615972639,4.12713438504509,2.99573227355399,3.52636052461616,2.99573227355399,3.87120101090789,2.89037175789616,3.36729582998647,-1.10595872129052,1.38629436111989,2.63905732961526,2.07944154167984,2.77258872223978,3.63758615972639,4.15888308335967,4.04305126783455,2.484906649788,-1.07313653393566,2.39789527279837
"OTU_249",2.56494935746154,3.61091791264422,2.484906649788,3.63758615972639,3.40119738166216,2.70805020110221,3.40119738166216,3.29583686600433,3.52636052461616,3.8286413964891,3.40119738166216,3.09104245335832,3.55534806148941,3.40119738166216,2.07944154167984,2.19722457733622,1.94591014905531,3.09104245335832,0.693147180559945,2.484906649788,3.04452243772342,1.09861228866811,0.693147180559945,1.79175946922805,1.09861228866811,2.77258872223978,1.79175946922805,2.56494935746154,2.19722457733622,1.94591014905531,2.19722457733622,2.83321334405622,4.75359019110636,0,1.09861228866811,2.89037175789616,3.17805383034795,2.70805020110221,3.29583686600433,1.79175946922805,0,0.693147180559945,2.70805020110221,3.40119738166216,3.36729582998647,2.30258509299405,2.19722457733622,2.39789527279837,0.693147180559945,2.63905732961526,2.70805020110221,2.99573227355399,2.63905732961526
"OTU_339",-1.29163576719265,-1.17626910754232,-1.10292899571373,-1.19899426870564,4.8283137373023,4.9416424226093,3.3322045101752,3.46573590279973,4.59511985013459,3.68887945411394,3.71357206670431,5.01063529409626,3.89182029811063,4.72738781871234,-1.03726325052285,-1.12320735505296,-1.08697154026706,-1.0629593206714,-1.06487778337968,1.09861228866811,-1.02924418282,2.99573227355399,4.29045944114839,1.6094379124341,1.79175946922805,0,2.39789527279837,1.6094379124341,-1.11551523105465,-1.10455623310473,-1.15764162026327,-1.14511825499482,-1.14745409378955,1.38629436111989,-1.08989432095485,-1.14787754344299,-1.16438794873264,-1.12677389795061,-1.1930222301971,-1.26243182177281,-1.12322404814082,-1.10136951275465,-1.11543746524506,-1.10191836604956,-1.07626836897062,-1.10462974070615,-1.10500714285788,-1.13964294063166,-1.15128982855753,-1.05278287462916,-1.09746946389504,-1.0826152778902,-1.17646598323338
"OTU_251",3.43398720448515,2.83321334405622,2.63905732961526,2.39789527279837,2.94443897916644,3.49650756146648,3.63758615972639,2.83321334405622,3.68887945411394,3.40119738166216,3.43398720448515,3.85014760171006,3.09104245335832,2.07944154167984,2.39789527279837,3.04452243772342,3.8286413964891,3.04452243772342,2.56494935746154,2.19722457733622,2.77258872223978,2.99573227355399,4.18965474202643,2.99573227355399,3.04452243772342,2.70805020110221,3.40119738166216,3.66356164612965,1.6094379124341,3.46573590279973,1.94591014905531,2.19722457733622,1.09861228866811,1.94591014905531,2.19722457733622,1.94591014905531,1.6094379124341,1.79175946922805,1.79175946922805,1.79175946922805,3.13549421592915,3.52636052461616,2.39789527279837,1.09861228866811,1.09861228866811,2.19722457733622,2.56494935746154,2.30258509299405,1.09861228866811,2.19722457733622,1.79175946922805,1.09861228866811,2.07944154167984
"OTU_186",2.07944154167984,0.693147180559945,1.38629436111989,-1.21070275797054,-1.16254234994381,0,1.38629436111989,2.484906649788,2.99573227355399,2.19722457733622,1.38629436111989,-1.11891790110833,1.6094379124341,0.693147180559945,4.59511985013459,3.68887945411394,4.83628190695148,3.98898404656427,-1.07658627264458,2.30258509299405,0.693147180559945,2.70805020110221,3.36729582998647,1.09861228866811,2.70805020110221,0,-1.17401675777061,2.70805020110221,-1.12722372031955,-1.11626472236963,-1.16935010952817,2.39789527279837,2.99573227355399,3.3322045101752,2.99573227355399,4.18965474202643,2.19722457733622,2.56494935746154,3.09104245335832,2.19722457733622,1.94591014905531,1.6094379124341,1.09861228866811,3.89182029811063,1.38629436111989,0,2.30258509299405,3.46573590279973,4.06044301054642,0,4.38202663467388,1.79175946922805,-1.18817447249828
"OTU_383",-1.32499012323224,-1.20962346358191,-1.13628335175332,-1.23234862474523,4.83628190695148,4.87519732320115,3.29583686600433,3.78418963391826,4.68213122712422,3.66356164612965,3.76120011569356,4.89034912822175,3.98898404656427,4.61512051684126,-1.07061760656245,-1.15656171109255,-1.12032589630665,-1.09631367671099,-1.09823213941927,0,-1.06259853885959,3.13549421592915,3.91202300542815,0.693147180559945,1.09861228866811,-1.13254174873815,2.63905732961526,1.6094379124341,-1.14886958709424,-1.13791058914432,-1.19099597630286,-1.17847261103441,-1.18080844982914,2.30258509299405,-1.12324867699444,-1.18123189948258,-1.19774230477224,-1.1601282539902,-1.22637658623669,-1.2957861778124,-1.15657840418041,-1.13472386879424,-1.14879182128465,-1.13527272208916,-1.10962272501021,-1.13798409674574,-1.13836149889748,-1.17299729667125,-1.18464418459712,-1.08613723066876,-1.13082381993464,-1.11596963392979,-1.20982033927297
"OTU_103",-1.34599697641154,0.693147180559945,-1.15729020493262,-1.25335547792452,-1.2051950698978,0,-1.13521345323863,-1.21507575827704,0.693147180559945,0,1.79175946922805,3.89182029811063,2.484906649788,1.38629436111989,4.56434819146784,2.484906649788,4.40671924726425,4.70953020131233,2.63905732961526,5.6021188208797,5.19295685089021,1.94591014905531,1.94591014905531,2.70805020110221,2.484906649788,-1.15354860191744,-1.2166694777246,-1.14059289552045,-1.16987644027353,-1.15891744232362,-1.21200282948215,-1.1994794642137,-1.20181530300843,2.39789527279837,-1.14425553017374,-1.20223875266188,-1.21874915795153,-1.1811351071695,-1.24738343941599,-1.31679303099169,-1.1775852573597,-1.15573072197354,-1.16979867446395,-1.15627957526845,-1.13062957818951,-1.15899094992504,-1.15936835207677,-1.19400414985055,-1.20565103777642,-1.10714408384805,-1.15183067311393,-1.13697648710909,-1.23082719245227
"OTU_308",2.19722457733622,2.56494935746154,3.68887945411394,1.09861228866811,2.83321334405622,3.13549421592915,2.07944154167984,3.29583686600433,1.94591014905531,2.39789527279837,1.6094379124341,0,1.09861228866811,1.6094379124341,1.09861228866811,1.94591014905531,0,0,-1.13614080340117,1.09861228866811,2.30258509299405,1.94591014905531,2.39789527279837,0.693147180559945,1.79175946922805,1.09861228866811,2.484906649788,2.70805020110221,3.91202300542815,2.94443897916644,4.14313472639153,4.07753744390572,3.55534806148941,0,3.52636052461616,3.85014760171006,2.30258509299405,3.25809653802148,2.63905732961526,3.8286413964891,2.99573227355399,3.09104245335832,1.09861228866811,0,1.79175946922805,1.94591014905531,2.07944154167984,3.29583686600433,3.97029191355212,3.89182029811063,2.19722457733622,0,2.83321334405622
"OTU_159",0.693147180559945,2.63905732961526,2.30258509299405,2.70805020110221,1.09861228866811,2.77258872223978,3.40119738166216,3.55534806148941,1.38629436111989,1.09861228866811,2.07944154167984,2.30258509299405,2.56494935746154,1.09861228866811,1.09861228866811,2.484906649788,3.04452243772342,3.17805383034795,0,3.17805383034795,2.19722457733622,3.09104245335832,3.80666248977032,2.63905732961526,2.83321334405622,3.55534806148941,2.94443897916644,2.19722457733622,3.46573590279973,3.52636052461616,3.29583686600433,2.83321334405622,3.13549421592915,1.6094379124341,2.39789527279837,1.94591014905531,1.09861228866811,2.70805020110221,2.63905732961526,2.70805020110221,2.94443897916644,1.79175946922805,3.13549421592915,2.484906649788,3.76120011569356,3.55534806148941,3.43398720448515,2.07944154167984,2.19722457733622,3.04452243772342,1.6094379124341,1.94591014905531,3.36729582998647
"OTU_24",0,3.3322045101752,2.83321334405622,4.12713438504509,3.73766961828337,2.484906649788,2.56494935746154,2.70805020110221,2.19722457733622,2.56494935746154,2.484906649788,2.77258872223978,2.39789527279837,1.09861228866811,1.09861228866811,1.79175946922805,1.6094379124341,2.30258509299405,0,1.6094379124341,3.46573590279973,2.63905732961526,1.6094379124341,0,1.38629436111989,3.66356164612965,2.30258509299405,2.63905732961526,3.2188758248682,1.94591014905531,3.04452243772342,1.79175946922805,1.94591014905531,0.693147180559945,1.6094379124341,1.38629436111989,3.46573590279973,1.09861228866811,2.63905732961526,1.09861228866811,2.484906649788,3.85014760171006,3.29583686600433,2.39789527279837,3.43398720448515,3.85014760171006,1.38629436111989,2.484906649788,3.49650756146648,3.55534806148941,2.63905732961526,3.91202300542815,1.38629436111989
"OTU_106",1.09861228866811,1.09861228866811,0,-1.29557509671142,0,1.6094379124341,-1.17743307202552,0,0,1.6094379124341,0.693147180559945,1.09861228866811,1.6094379124341,1.09861228866811,0.693147180559945,1.79175946922805,1.6094379124341,1.6094379124341,1.6094379124341,0,1.38629436111989,1.09861228866811,1.38629436111989,3.52636052461616,3.73766961828337,4.43081679884331,2.56494935746154,3.25809653802148,3.04452243772342,2.83321334405622,4.24849524204936,3.17805383034795,2.63905732961526,3.87120101090789,1.09861228866811,0.693147180559945,4.00733318523247,3.29583686600433,3.04452243772342,2.30258509299405,2.07944154167984,3.09104245335832,2.07944154167984,0.693147180559945,3.89182029811063,3.49650756146648,3.71357206670431,2.70805020110221,2.484906649788,2.70805020110221,-1.19405029190082,2.63905732961526,4.0943445622221
"OTU_8498",2.484906649788,3.78418963391826,2.99573227355399,3.63758615972639,2.63905732961526,2.07944154167984,2.484906649788,3.04452243772342,4.00733318523247,2.19722457733622,3.95124371858143,2.39789527279837,2.30258509299405,2.89037175789616,2.83321334405622,2.30258509299405,3.13549421592915,2.63905732961526,2.07944154167984,3.04452243772342,3.36729582998647,2.07944154167984,2.39789527279837,2.63905732961526,3.61091791264422,1.94591014905531,1.79175946922805,2.19722457733622,2.484906649788,2.07944154167984,2.39789527279837,3.55534806148941,2.77258872223978,3.09104245335832,1.38629436111989,2.484906649788,3.17805383034795,3.61091791264422,1.09861228866811,1.38629436111989,3.17805383034795,1.38629436111989,2.39789527279837,0,2.19722457733622,1.94591014905531,2.39789527279837,2.63905732961526,1.38629436111989,2.77258872223978,1.94591014905531,2.07944154167984,2.19722457733622
"OTU_229",1.09861228866811,-1.2904870770342,0.693147180559945,0,-1.2650518301708,1.6094379124341,2.56494935746154,3.13549421592915,1.6094379124341,1.94591014905531,1.94591014905531,2.63905732961526,1.38629436111989,2.83321334405622,3.04452243772342,3.52636052461616,4.23410650459726,3.17805383034795,-1.17909575287157,3.61091791264422,3.61091791264422,3.3322045101752,3.2188758248682,5.44241771052179,4.11087386417331,1.38629436111989,2.63905732961526,3.80666248977032,-1.22973320054653,-1.21877420259661,-1.27185958975515,-1.2593362244867,0.693147180559945,2.484906649788,-1.20411229044674,3.63758615972639,0,2.484906649788,0,0,2.77258872223978,-1.21558748224654,-1.22965543473695,1.6094379124341,-1.19048633846251,-1.21884771019804,0.693147180559945,2.07944154167984,2.07944154167984,0,0.693147180559945,1.09861228866811,-1.29068395272527
"OTU_334",-1.42865016477692,-1.31328350512659,-1.239943393298,-1.33600866628991,-1.28784825826318,-1.29051332346729,-1.21786664160401,-1.29772894664242,-1.20339225115403,-1.26462399214366,-1.26219584754605,-1.2442238094277,-1.24466056415205,-1.20355424212699,-1.17427764810713,-1.26022175263723,-1.22398593785133,-1.19997371825567,-1.20189218096395,-1.15467969940531,-1.16625858040427,-1.22957662582954,-1.21874726809393,-1.2314750178897,-1.23045447831767,-1.23620179028283,-1.29932266608998,-1.22324608388584,-1.25252962863892,-1.241570630689,-1.29465601784754,-1.28213265257909,-1.28446849137382,-1.49995390625057,4.34380542185368,-1.28489194102726,2.77258872223978,1.38629436111989,2.56494935746154,4.40671924726425,2.07944154167984,2.94443897916644,2.56494935746154,3.40119738166216,2.89037175789616,3.25809653802148,4.46590811865458,5.20948615284142,4.62497281328427,3.46573590279973,3.17805383034795,3.52636052461616,4.02535169073515
"OTU_432",2.30258509299405,3.68887945411394,3.09104245335832,3.80666248977032,2.70805020110221,2.99573227355399,3.78418963391826,3.17805383034795,4.14313472639153,3.68887945411394,3.58351893845611,3.29583686600433,3.73766961828337,2.30258509299405,2.39789527279837,2.56494935746154,1.94591014905531,2.19722457733622,-1.21410234487088,2.07944154167984,2.19722457733622,2.30258509299405,1.38629436111989,1.38629436111989,2.63905732961526,2.07944154167984,1.38629436111989,2.83321334405622,2.39789527279837,2.19722457733622,1.6094379124341,2.77258872223978,4.49980967033027,-1.5121640701575,0.693147180559945,1.94591014905531,2.07944154167984,2.19722457733622,2.56494935746154,1.09861228866811,0.693147180559945,-1.25059407424585,1.09861228866811,1.09861228866811,3.43398720448515,1.09861228866811,1.38629436111989,2.19722457733622,-1.30051439004873,1.6094379124341,1.79175946922805,2.484906649788,1.94591014905531
"OTU_77",0,2.63905732961526,2.19722457733622,3.13549421592915,0.693147180559945,1.79175946922805,2.39789527279837,3.25809653802148,2.89037175789616,3.17805383034795,2.89037175789616,3.46573590279973,2.19722457733622,2.30258509299405,3.25809653802148,3.40119738166216,0,0,-1.21779465675801,1.09861228866811,2.07944154167984,2.484906649788,2.63905732961526,3.09104245335832,3.17805383034795,2.484906649788,2.56494935746154,2.83321334405622,1.79175946922805,3.3322045101752,1.6094379124341,2.39789527279837,2.07944154167984,0,1.6094379124341,2.83321334405622,3.09104245335832,2.07944154167984,1.94591014905531,2.30258509299405,3.46573590279973,0.693147180559945,3.78418963391826,4.02535169073515,2.07944154167984,2.56494935746154,1.6094379124341,2.30258509299405,2.83321334405622,3.13549421592915,3.91202300542815,3.36729582998647,2.07944154167984
"OTU_176",2.07944154167984,3.29583686600433,2.94443897916644,3.40119738166216,2.70805020110221,2.63905732961526,2.63905732961526,3.25809653802148,3.29583686600433,2.77258872223978,3.29583686600433,2.30258509299405,2.70805020110221,2.484906649788,2.07944154167984,2.99573227355399,3.55534806148941,3.2188758248682,1.09861228866811,3.17805383034795,3.43398720448515,3.17805383034795,2.19722457733622,1.94591014905531,3.2188758248682,2.39789527279837,2.07944154167984,3.04452243772342,2.99573227355399,2.94443897916644,2.77258872223978,3.09104245335832,2.94443897916644,2.484906649788,1.38629436111989,1.94591014905531,2.56494935746154,2.89037175789616,2.77258872223978,1.6094379124341,3.2188758248682,1.09861228866811,1.6094379124341,1.94591014905531,2.63905732961526,2.30258509299405,2.30258509299405,2.63905732961526,1.79175946922805,2.39789527279837,1.79175946922805,1.94591014905531,2.19722457733622
"OTU_2745",1.09861228866811,1.6094379124341,2.07944154167984,2.70805020110221,1.38629436111989,1.09861228866811,1.6094379124341,2.07944154167984,2.56494935746154,0.693147180559945,2.07944154167984,0.693147180559945,2.83321334405622,0,2.39789527279837,3.61091791264422,3.2188758248682,1.6094379124341,-1.2619101906902,2.94443897916644,2.70805020110221,4.23410650459726,-1.27876527782019,0,1.79175946922805,3.46573590279973,1.79175946922805,3.43398720448515,2.94443897916644,3.46573590279973,3.09104245335832,2.63905732961526,2.484906649788,-1.55997191597682,1.6094379124341,1.38629436111989,3.55534806148941,3.04452243772342,2.83321334405622,2.30258509299405,2.99573227355399,0.693147180559945,2.484906649788,2.63905732961526,3.49650756146648,2.56494935746154,1.38629436111989,3.09104245335832,2.30258509299405,2.39789527279837,2.94443897916644,3.76120011569356,3.43398720448515
"OTU_120",2.77258872223978,2.94443897916644,2.94443897916644,2.83321334405622,2.70805020110221,2.63905732961526,2.39789527279837,2.39789527279837,2.19722457733622,2.30258509299405,2.19722457733622,3.46573590279973,2.07944154167984,4.34380542185368,3.13549421592915,2.19722457733622,1.79175946922805,2.30258509299405,1.38629436111989,2.70805020110221,1.09861228866811,2.19722457733622,1.6094379124341,3.40119738166216,2.484906649788,2.484906649788,2.30258509299405,1.6094379124341,2.56494935746154,1.6094379124341,2.56494935746154,2.56494935746154,1.94591014905531,1.38629436111989,3.13549421592915,2.30258509299405,2.70805020110221,2.77258872223978,2.30258509299405,2.19722457733622,3.13549421592915,3.43398720448515,2.39789527279837,2.77258872223978,2.19722457733622,3.13549421592915,3.43398720448515,2.39789527279837,3.17805383034795,2.70805020110221,2.19722457733622,2.07944154167984,1.09861228866811
"OTU_13",1.79175946922805,2.39789527279837,2.30258509299405,1.79175946922805,2.94443897916644,1.79175946922805,1.38629436111989,2.70805020110221,1.09861228866811,2.19722457733622,0.693147180559945,2.56494935746154,2.63905732961526,0,2.484906649788,3.04452243772342,3.73766961828337,4.04305126783455,2.63905732961526,4.06044301054642,2.19722457733622,2.484906649788,0.693147180559945,1.79175946922805,2.94443897916644,2.70805020110221,2.30258509299405,2.63905732961526,3.71357206670431,4.02535169073515,3.49650756146648,3.52636052461616,2.39789527279837,2.484906649788,2.56494935746154,2.70805020110221,1.09861228866811,2.56494935746154,2.89037175789616,1.38629436111989,1.94591014905531,-1.31529640896394,1.09861228866811,2.56494935746154,1.79175946922805,1.79175946922805,2.39789527279837,1.94591014905531,1.6094379124341,3.04452243772342,1.79175946922805,2.56494935746154,0.693147180559945
"OTU_368",-1.51213730904402,1.09861228866811,0.693147180559945,-1.41949581055701,0.693147180559945,2.56494935746154,0.693147180559945,2.30258509299405,0,0.693147180559945,1.6094379124341,1.79175946922805,0,1.6094379124341,-1.25776479237423,1.79175946922805,2.19722457733622,3.3322045101752,3.29583686600433,1.38629436111989,0,1.09861228866811,0,2.77258872223978,2.484906649788,1.09861228866811,2.07944154167984,1.6094379124341,0,-1.3250577749561,1.09861228866811,0.693147180559945,2.30258509299405,3.61091791264422,3.04452243772342,4.14313472639153,2.07944154167984,3.13549421592915,3.13549421592915,3.80666248977032,2.89037175789616,2.99573227355399,3.80666248977032,4.00733318523247,2.19722457733622,3.17805383034795,3.36729582998647,3.78418963391826,1.38629436111989,3.40119738166216,3.55534806148941,1.79175946922805,3.3322045101752
"OTU_465",2.07944154167984,3.40119738166216,1.94591014905531,3.55534806148941,2.94443897916644,2.89037175789616,2.77258872223978,2.39789527279837,3.2188758248682,3.61091791264422,2.94443897916644,2.484906649788,2.56494935746154,2.07944154167984,1.94591014905531,0.693147180559945,1.6094379124341,2.484906649788,0.693147180559945,2.63905732961526,3.13549421592915,1.94591014905531,1.38629436111989,0,1.38629436111989,2.39789527279837,0,2.30258509299405,1.79175946922805,2.30258509299405,1.94591014905531,2.39789527279837,4.43081679884331,0,0.693147180559945,3.17805383034795,2.484906649788,2.19722457733622,3.40119738166216,0,0.693147180559945,0.693147180559945,1.6094379124341,2.99573227355399,3.13549421592915,2.94443897916644,1.38629436111989,2.19722457733622,1.38629436111989,2.484906649788,2.484906649788,2.70805020110221,2.63905732961526
"OTU_40",2.07944154167984,2.83321334405622,3.09104245335832,2.94443897916644,2.56494935746154,2.56494935746154,2.63905732961526,2.77258872223978,2.77258872223978,3.55534806148941,2.83321334405622,1.79175946922805,2.484906649788,-1.3824835010228,2.07944154167984,1.94591014905531,2.63905732961526,2.56494935746154,1.79175946922805,2.39789527279837,3.09104245335832,2.19722457733622,2.39789527279837,0.693147180559945,1.09861228866811,1.6094379124341,1.09861228866811,1.94591014905531,2.30258509299405,2.30258509299405,0,2.56494935746154,1.38629436111989,4.94875989037817,3.3322045101752,1.09861228866811,1.79175946922805,0.693147180559945,0.693147180559945,1.6094379124341,0.693147180559945,2.56494935746154,2.94443897916644,2.30258509299405,1.94591014905531,2.30258509299405,1.6094379124341,1.6094379124341,1.09861228866811,2.63905732961526,1.6094379124341,3.3322045101752,2.63905732961526
"OTU_310",4.88280192258637,2.83321334405622,3.58351893845611,3.55534806148941,3.25809653802148,2.70805020110221,3.04452243772342,2.99573227355399,2.63905732961526,3.2188758248682,2.39789527279837,3.66356164612965,2.30258509299405,4.24849524204936,2.484906649788,0,1.79175946922805,1.79175946922805,0.693147180559945,2.83321334405622,3.09104245335832,2.30258509299405,-1.41524652509113,0,1.09861228866811,-1.43270104728002,2.30258509299405,0,-1.44902888563611,-1.4380698876862,-1.49115527484474,2.07944154167984,2.484906649788,1.09861228866811,2.07944154167984,3.49650756146648,0,2.19722457733622,1.09861228866811,2.07944154167984,1.09861228866811,-1.43488316733612,0,0,0.693147180559945,1.09861228866811,0,1.79175946922805,0,1.38629436111989,0.693147180559945,1.79175946922805,-1.50997963781485
"OTU_290",2.94443897916644,2.89037175789616,3.04452243772342,1.6094379124341,3.13549421592915,2.99573227355399,3.25809653802148,3.04452243772342,3.25809653802148,3.36729582998647,3.43398720448515,3.13549421592915,2.56494935746154,0.693147180559945,1.94591014905531,3.04452243772342,3.43398720448515,2.99573227355399,1.79175946922805,2.30258509299405,2.56494935746154,3.13549421592915,3.71357206670431,2.19722457733622,2.484906649788,2.30258509299405,1.6094379124341,2.77258872223978,0,3.13549421592915,1.09861228866811,1.6094379124341,1.6094379124341,0,1.6094379124341,-1.52362975423264,-1.5401401595223,1.79175946922805,0,2.07944154167984,2.77258872223978,2.70805020110221,0.693147180559945,0,1.09861228866811,1.94591014905531,2.56494935746154,2.39789527279837,0,2.484906649788,1.79175946922805,0,0.693147180559945
"OTU_458",2.70805020110221,3.17805383034795,4.4188406077966,1.6094379124341,2.56494935746154,2.07944154167984,2.07944154167984,3.04452243772342,1.79175946922805,2.07944154167984,1.94591014905531,0,2.39789527279837,2.70805020110221,2.07944154167984,2.70805020110221,1.38629436111989,2.30258509299405,0,3.17805383034795,3.73766961828337,1.38629436111989,0,1.09861228866811,2.30258509299405,1.94591014905531,1.6094379124341,2.07944154167984,2.94443897916644,1.79175946922805,2.89037175789616,2.94443897916644,2.30258509299405,-1.77637278642364,2.89037175789616,2.07944154167984,2.94443897916644,2.484906649788,3.09104245335832,2.484906649788,2.99573227355399,0.693147180559945,1.6094379124341,1.6094379124341,2.07944154167984,0,0,2.07944154167984,1.6094379124341,0.693147180559945,2.70805020110221,2.77258872223978,1.94591014905531
"OTU_272",0.693147180559945,1.09861228866811,0,-1.64000431423321,0.693147180559945,2.56494935746154,-1.52186228954732,1.6094379124341,1.6094379124341,0.693147180559945,0.693147180559945,0.693147180559945,2.30258509299405,1.6094379124341,1.6094379124341,1.6094379124341,2.89037175789616,3.61091791264422,3.3322045101752,1.79175946922805,-1.47025422834757,-1.53357227377285,-1.52274291603724,2.39789527279837,1.94591014905531,0,0.693147180559945,0.693147180559945,-1.55652527658222,-1.5455662786323,0,1.09861228866811,1.6094379124341,2.19722457733622,3.13549421592915,3.36729582998647,1.38629436111989,2.39789527279837,2.30258509299405,2.89037175789616,2.30258509299405,3.43398720448515,3.43398720448515,3.46573590279973,2.70805020110221,3.55534806148941,2.99573227355399,3.40119738166216,0.693147180559945,3.55534806148941,3.36729582998647,2.56494935746154,3.63758615972639
"OTU_1180",3.13549421592915,1.79175946922805,2.89037175789616,1.94591014905531,2.63905732961526,2.70805020110221,2.83321334405622,2.89037175789616,2.83321334405622,3.46573590279973,2.77258872223978,3.04452243772342,2.30258509299405,0.693147180559945,1.79175946922805,2.56494935746154,3.58351893845611,2.39789527279837,2.77258872223978,1.79175946922805,2.77258872223978,2.63905732961526,3.52636052461616,2.63905732961526,2.94443897916644,2.39789527279837,2.56494935746154,2.70805020110221,2.70805020110221,2.484906649788,1.79175946922805,1.09861228866811,0,1.38629436111989,2.07944154167984,0.693147180559945,0,1.79175946922805,1.09861228866811,1.94591014905531,2.30258509299405,3.49650756146648,1.09861228866811,-1.54457450248381,1.09861228866811,1.94591014905531,2.19722457733622,1.79175946922805,0,2.39789527279837,2.56494935746154,0,0.693147180559945
"OTU_510",3.2188758248682,0.693147180559945,-1.54723393713816,2.19722457733622,1.09861228866811,1.09861228866811,0.693147180559945,1.6094379124341,1.38629436111989,1.09861228866811,1.09861228866811,1.79175946922805,0.693147180559945,2.07944154167984,0.693147180559945,0,0.693147180559945,0.693147180559945,-1.50918272480411,1.94591014905531,1.6094379124341,1.94591014905531,1.79175946922805,3.25809653802148,2.99573227355399,2.63905732961526,2.30258509299405,2.30258509299405,2.484906649788,1.79175946922805,3.58351893845611,3.43398720448515,1.94591014905531,2.19722457733622,2.39789527279837,1.94591014905531,3.58351893845611,2.99573227355399,3.17805383034795,1.79175946922805,2.30258509299405,3.04452243772342,2.94443897916644,2.89037175789616,2.99573227355399,3.91202300542815,1.38629436111989,3.17805383034795,2.19722457733622,1.94591014905531,1.09861228866811,2.77258872223978,2.56494935746154
"OTU_75",2.63905732961526,2.19722457733622,1.79175946922805,1.09861228866811,3.04452243772342,2.63905732961526,1.79175946922805,1.38629436111989,2.19722457733622,2.484906649788,0.693147180559945,1.94591014905531,1.38629436111989,1.38629436111989,2.19722457733622,1.09861228866811,1.6094379124341,0.693147180559945,2.07944154167984,1.38629436111989,2.07944154167984,2.83321334405622,1.6094379124341,2.19722457733622,2.70805020110221,1.79175946922805,3.43398720448515,1.38629436111989,1.38629436111989,0,1.09861228866811,1.09861228866811,1.38629436111989,3.46573590279973,2.07944154167984,3.40119738166216,0.693147180559945,1.6094379124341,1.09861228866811,2.77258872223978,0,2.07944154167984,2.77258872223978,2.99573227355399,2.19722457733622,2.83321334405622,2.70805020110221,4.02535169073515,4.00733318523247,2.63905732961526,3.29583686600433,0.693147180559945,2.07944154167984
"OTU_155",-1.75425928914076,2.30258509299405,1.6094379124341,0.693147180559945,1.79175946922805,2.56494935746154,3.49650756146648,3.25809653802148,3.25809653802148,1.79175946922805,2.89037175789616,3.89182029811063,-1.57026968851589,1.6094379124341,2.63905732961526,3.49650756146648,-1.54959506221517,-1.52558284261951,-1.52750130532779,-1.48028882376915,2.07944154167984,1.94591014905531,3.58351893845611,3.36729582998647,4.49980967033027,-1.56181091464667,-1.62493179045382,0,1.38629436111989,0.693147180559945,-1.62026514221138,-1.60774177694293,1.94591014905531,0.693147180559945,-1.55251784290296,-1.6105010653911,1.38629436111989,-1.58939741989872,1.94591014905531,2.30258509299405,1.79175946922805,2.89037175789616,1.38629436111989,0,1.09861228866811,1.94591014905531,2.89037175789616,2.70805020110221,2.77258872223978,3.3322045101752,1.79175946922805,1.09861228866811,2.83321334405622
"OTU_80",2.56494935746154,0.693147180559945,3.04452243772342,2.19722457733622,2.07944154167984,1.79175946922805,2.19722457733622,2.30258509299405,2.07944154167984,2.19722457733622,2.07944154167984,2.63905732961526,2.56494935746154,3.49650756146648,2.89037175789616,1.6094379124341,2.56494935746154,2.77258872223978,1.09861228866811,2.39789527279837,2.99573227355399,1.38629436111989,0.693147180559945,2.30258509299405,2.484906649788,1.6094379124341,2.484906649788,1.79175946922805,1.38629436111989,2.63905732961526,2.56494935746154,2.484906649788,2.19722457733622,1.6094379124341,3.3322045101752,3.71357206670431,1.6094379124341,1.6094379124341,1.09861228866811,2.30258509299405,1.79175946922805,2.70805020110221,2.63905732961526,1.6094379124341,2.30258509299405,2.83321334405622,2.484906649788,2.39789527279837,1.6094379124341,2.30258509299405,2.99573227355399,1.94591014905531,1.6094379124341
"OTU_707",1.38629436111989,1.94591014905531,2.39789527279837,3.09104245335832,2.70805020110221,3.25809653802148,2.94443897916644,2.30258509299405,2.484906649788,2.19722457733622,2.70805020110221,3.09104245335832,3.52636052461616,2.94443897916644,2.39789527279837,2.56494935746154,3.17805383034795,1.6094379124341,1.38629436111989,2.70805020110221,2.83321334405622,2.70805020110221,3.09104245335832,2.70805020110221,3.13549421592915,0.693147180559945,3.25809653802148,2.77258872223978,1.79175946922805,2.39789527279837,2.39789527279837,1.94591014905531,2.39789527279837,-1.85282195858705,0.693147180559945,1.79175946922805,1.38629436111989,1.6094379124341,2.19722457733622,1.38629436111989,2.484906649788,1.94591014905531,1.38629436111989,1.09861228866811,2.07944154167984,0.693147180559945,1.79175946922805,1.09861228866811,0.693147180559945,1.38629436111989,1.6094379124341,1.79175946922805,2.07944154167984
"OTU_686",-1.79368170330659,1.38629436111989,1.38629436111989,-1.70104020481958,1.09861228866811,1.94591014905531,1.38629436111989,1.79175946922805,1.38629436111989,-1.62965553067333,0,1.09861228866811,1.38629436111989,1.09861228866811,0,1.6094379124341,1.09861228866811,3.04452243772342,3.09104245335832,1.38629436111989,-1.53129011893394,-1.59460816435921,-1.58377880662361,1.38629436111989,1.79175946922805,1.6094379124341,1.38629436111989,1.38629436111989,-1.61756116716859,-1.60660216921867,-1.65968755637721,0,1.79175946922805,2.484906649788,3.13549421592915,3.49650756146648,1.09861228866811,2.07944154167984,2.56494935746154,3.13549421592915,2.70805020110221,3.04452243772342,3.61091791264422,3.40119738166216,1.94591014905531,3.63758615972639,3.36729582998647,3.76120011569356,-1.65333576467147,3.43398720448515,3.73766961828337,1.94591014905531,3.3322045101752
"OTU_726",0.693147180559945,3.43398720448515,1.38629436111989,1.79175946922805,1.38629436111989,2.07944154167984,1.6094379124341,2.30258509299405,0,2.07944154167984,0,1.79175946922805,2.70805020110221,2.30258509299405,2.19722457733622,1.79175946922805,1.94591014905531,3.71357206670431,-1.57570340714567,1.79175946922805,3.04452243772342,1.79175946922805,1.38629436111989,2.19722457733622,2.07944154167984,2.30258509299405,-1.6731338922717,2.30258509299405,3.3322045101752,2.99573227355399,3.95124371858143,2.39789527279837,1.09861228866811,2.30258509299405,-1.60071994472084,2.39789527279837,3.04452243772342,1.09861228866811,2.89037175789616,3.13549421592915,1.94591014905531,2.07944154167984,1.6094379124341,1.38629436111989,2.70805020110221,2.30258509299405,2.77258872223978,2.07944154167984,1.09861228866811,1.38629436111989,2.07944154167984,2.94443897916644,2.484906649788
"OTU_360",2.19722457733622,1.79175946922805,2.89037175789616,1.94591014905531,2.83321334405622,2.63905732961526,3.2188758248682,3.2188758248682,2.19722457733622,2.83321334405622,1.09861228866811,3.3322045101752,2.89037175789616,1.6094379124341,2.99573227355399,3.71357206670431,2.77258872223978,1.94591014905531,2.19722457733622,2.70805020110221,2.19722457733622,3.17805383034795,1.79175946922805,1.09861228866811,2.70805020110221,2.83321334405622,1.94591014905531,2.77258872223978,2.83321334405622,2.56494935746154,2.30258509299405,2.30258509299405,1.38629436111989,-1.90238962700713,1.79175946922805,1.09861228866811,0.693147180559945,1.09861228866811,2.56494935746154,1.09861228866811,1.94591014905531,0,1.6094379124341,1.38629436111989,2.07944154167984,0.693147180559945,0.693147180559945,-1.67909305897249,-1.69073994689836,1.09861228866811,2.19722457733622,2.63905732961526,1.79175946922805
"OTU_6999",2.83321334405622,2.89037175789616,2.77258872223978,1.6094379124341,3.3322045101752,1.38629436111989,2.70805020110221,2.83321334405622,2.484906649788,2.63905732961526,3.40119738166216,2.77258872223978,1.6094379124341,2.07944154167984,1.09861228866811,1.79175946922805,2.77258872223978,2.99573227355399,2.19722457733622,1.38629436111989,2.83321334405622,2.30258509299405,2.30258509299405,2.30258509299405,2.19722457733622,1.38629436111989,0,2.89037175789616,1.94591014905531,2.94443897916644,1.79175946922805,2.70805020110221,0,2.30258509299405,2.63905732961526,0.693147180559945,1.6094379124341,2.484906649788,1.38629436111989,2.39789527279837,2.07944154167984,2.99573227355399,2.39789527279837,1.09861228866811,0.693147180559945,2.07944154167984,2.89037175789616,1.6094379124341,-1.69619946910326,2.70805020110221,1.6094379124341,1.38629436111989,0
"OTU_119",0,2.56494935746154,0.693147180559945,2.39789527279837,1.79175946922805,2.70805020110221,3.09104245335832,2.70805020110221,2.19722457733622,2.07944154167984,2.30258509299405,2.19722457733622,2.19722457733622,0.693147180559945,2.19722457733622,2.77258872223978,2.77258872223978,1.94591014905531,0,1.94591014905531,2.30258509299405,2.94443897916644,3.76120011569356,2.94443897916644,2.484906649788,3.13549421592915,2.63905732961526,2.30258509299405,2.70805020110221,2.77258872223978,2.484906649788,1.94591014905531,3.13549421592915,-1.90784914921203,1.38629436111989,2.07944154167984,0.693147180559945,2.19722457733622,2.63905732961526,1.6094379124341,2.70805020110221,0,1.79175946922805,1.79175946922805,2.70805020110221,2.56494935746154,1.09861228866811,1.79175946922805,0,2.07944154167984,0,2.484906649788,2.07944154167984
"OTU_839",1.38629436111989,1.94591014905531,2.30258509299405,3.55534806148941,3.17805383034795,3.43398720448515,2.30258509299405,2.30258509299405,2.94443897916644,2.39789527279837,3.09104245335832,1.94591014905531,3.52636052461616,2.77258872223978,2.07944154167984,3.09104245335832,2.83321334405622,1.94591014905531,1.09861228866811,2.63905732961526,2.63905732961526,1.79175946922805,1.94591014905531,2.77258872223978,2.56494935746154,1.79175946922805,1.6094379124341,2.63905732961526,1.6094379124341,1.6094379124341,1.38629436111989,2.07944154167984,1.79175946922805,-1.91701511622611,1.79175946922805,1.6094379124341,1.38629436111989,2.56494935746154,1.94591014905531,1.79175946922805,2.77258872223978,2.19722457733622,1.94591014905531,1.79175946922805,2.07944154167984,1.09861228866811,-1.65908275041769,0.693147180559945,0,2.19722457733622,1.79175946922805,2.07944154167984,1.94591014905531
"OTU_12130",0,2.30258509299405,0.693147180559945,2.07944154167984,0.693147180559945,-1.72241710648076,0.693147180559945,1.6094379124341,1.09861228866811,0,0.693147180559945,0,1.09861228866811,-1.63545802514046,0.693147180559945,1.79175946922805,1.6094379124341,0.693147180559945,-1.63379596397742,2.70805020110221,2.30258509299405,2.63905732961526,0,-1.66337880090316,1.6094379124341,2.07944154167984,0.693147180559945,2.30258509299405,2.99573227355399,3.36729582998647,2.94443897916644,2.83321334405622,1.79175946922805,-1.93185768926404,1.6094379124341,1.6094379124341,4.31748811353631,4.18965474202643,3.40119738166216,2.30258509299405,2.484906649788,-1.67028769335239,1.94591014905531,2.56494935746154,2.56494935746154,2.94443897916644,2.484906649788,2.07944154167984,2.39789527279837,1.79175946922805,2.19722457733622,2.70805020110221,2.07944154167984
"OTU_1249",3.04452243772342,2.77258872223978,3.25809653802148,2.07944154167984,2.63905732961526,2.39789527279837,3.17805383034795,2.89037175789616,2.39789527279837,2.89037175789616,2.70805020110221,3.55534806148941,2.56494935746154,0,2.07944154167984,1.79175946922805,2.94443897916644,2.89037175789616,1.38629436111989,2.39789527279837,2.63905732961526,2.70805020110221,3.55534806148941,2.39789527279837,2.39789527279837,1.94591014905531,2.07944154167984,2.39789527279837,0.693147180559945,2.30258509299405,0.693147180559945,1.94591014905531,1.09861228866811,1.38629436111989,1.94591014905531,0,1.09861228866811,1.09861228866811,0,2.39789527279837,2.30258509299405,1.94591014905531,2.19722457733622,1.09861228866811,-1.6583570127581,1.6094379124341,1.94591014905531,2.07944154167984,-1.73337847234501,2.30258509299405,1.6094379124341,0,-1.75855462702086
"OTU_673",0,0.693147180559945,1.38629436111989,0,-1.75011490500676,1.6094379124341,1.09861228866811,2.30258509299405,0.693147180559945,0,0,1.94591014905531,2.07944154167984,2.39789527279837,2.39789527279837,1.09861228866811,2.39789527279837,2.83321334405622,1.38629436111989,2.39789527279837,2.30258509299405,1.09861228866811,0,2.83321334405622,1.38629436111989,-1.69846843702641,1.79175946922805,0.693147180559945,0.693147180559945,1.79175946922805,3.13549421592915,2.63905732961526,2.07944154167984,2.56494935746154,2.83321334405622,3.97029191355212,1.38629436111989,1.6094379124341,3.04452243772342,2.99573227355399,3.2188758248682,2.484906649788,2.07944154167984,3.25809653802148,2.19722457733622,3.25809653802148,2.19722457733622,2.07944154167984,2.89037175789616,2.39789527279837,3.09104245335832,0.693147180559945,0
"OTU_607",-1.8909168115205,-1.77555015187017,-1.70221004004158,-1.79827531303349,-1.75011490500676,0,-1.6801332883476,0.693147180559945,0,0,-1.72446249428964,0,0.693147180559945,1.09861228866811,2.94443897916644,-1.72248839938082,2.39789527279837,1.94591014905531,-1.66415882770753,0,1.09861228866811,-1.69184327257312,-1.68101391483752,1.38629436111989,0.693147180559945,-1.69846843702641,1.09861228866811,-1.68551273062942,-1.7147962753825,-1.70383727743258,1.09861228866811,2.07944154167984,2.83321334405622,3.52636052461616,2.07944154167984,5.33753807970132,1.09861228866811,2.484906649788,1.09861228866811,2.07944154167984,2.99573227355399,-1.7006505570825,1.6094379124341,3.68887945411394,0.693147180559945,0.693147180559945,2.484906649788,2.30258509299405,2.63905732961526,-1.65206391895702,3.87120101090789,0,-1.77574702756123
"OTU_558",-1.89865379402265,-1.78328713437232,-1.70994702254374,-1.80601229553564,-1.75785188750892,-1.76051695271303,-1.68787027084975,-1.76773257588816,-1.67339588039976,-1.7346276213894,-1.73219947679179,-1.71422743867343,-1.71466419339778,-1.67355787137273,-1.64428127735286,-1.73022538188297,-1.69398956709706,0.693147180559945,-1.67189581020969,1.09861228866811,3.2188758248682,3.97029191355212,2.99573227355399,-1.70147864713543,1.09861228866811,4.72738781871234,4.38202663467388,5.29330482472449,-1.72253325788465,-1.71157425993473,-1.76465964709327,-1.75213628182482,-1.75447212061955,2.83321334405622,-1.69691234778486,-1.754895570273,-1.77140597556265,-1.73379192478062,-1.80004025702711,-1.86944984860281,-1.73024207497082,-1.70838753958466,-1.72245549207507,-1.70893639287957,-1.68328639580063,-1.71164776753616,-1.71202516968789,-1.74666096746167,-1.75830785538754,-1.65980090145917,-1.70448749072505,-1.68963330472021,-1.78348401006339
"OTU_740",-1.89865379402265,-1.78328713437232,1.38629436111989,-1.80601229553564,2.39789527279837,0.693147180559945,1.79175946922805,0,0.693147180559945,2.30258509299405,1.09861228866811,-1.71422743867343,1.09861228866811,2.484906649788,0.693147180559945,-1.73022538188297,0,0.693147180559945,4.68213122712422,1.38629436111989,1.38629436111989,0,1.6094379124341,3.2188758248682,1.38629436111989,0.693147180559945,3.40119738166216,0.693147180559945,-1.72253325788465,0,1.79175946922805,2.39789527279837,1.94591014905531,2.99573227355399,2.63905732961526,3.40119738166216,2.30258509299405,4.00733318523247,0.693147180559945,2.07944154167984,2.07944154167984,3.04452243772342,0,2.30258509299405,1.09861228866811,2.07944154167984,1.6094379124341,2.07944154167984,1.94591014905531,1.09861228866811,3.29583686600433,1.38629436111989,0.693147180559945
"OTU_53",3.25809653802148,0.693147180559945,2.70805020110221,2.07944154167984,2.39789527279837,1.38629436111989,0.693147180559945,1.6094379124341,1.79175946922805,0.693147180559945,0,1.94591014905531,2.39789527279837,3.2188758248682,2.77258872223978,1.6094379124341,2.07944154167984,2.70805020110221,-1.7034566151219,2.63905732961526,2.30258509299405,1.09861228866811,0,2.77258872223978,1.79175946922805,1.38629436111989,2.83321334405622,1.79175946922805,0,2.77258872223978,2.484906649788,2.39789527279837,2.39789527279837,2.484906649788,2.99573227355399,3.58351893845611,0.693147180559945,1.09861228866811,1.94591014905531,1.79175946922805,1.94591014905531,2.83321334405622,2.30258509299405,2.30258509299405,1.09861228866811,2.39789527279837,2.07944154167984,2.07944154167984,1.94591014905531,1.79175946922805,3.2188758248682,0,1.09861228866811
"OTU_652",0.693147180559945,0.693147180559945,0,0.693147180559945,1.79175946922805,1.79175946922805,1.09861228866811,1.79175946922805,-1.72315738995882,2.19722457733622,1.38629436111989,2.07944154167984,0.693147180559945,-1.72331938093179,2.484906649788,0.693147180559945,3.09104245335832,3.04452243772342,1.6094379124341,2.07944154167984,0,1.09861228866811,2.07944154167984,2.07944154167984,2.484906649788,1.94591014905531,2.99573227355399,2.39789527279837,1.09861228866811,1.6094379124341,2.83321334405622,2.19722457733622,1.94591014905531,4.07753744390572,0.693147180559945,2.94443897916644,1.09861228866811,1.79175946922805,1.38629436111989,2.89037175789616,0.693147180559945,0,1.38629436111989,2.07944154167984,2.07944154167984,2.89037175789616,2.56494935746154,3.17805383034795,3.58351893845611,1.79175946922805,2.30258509299405,2.19722457733622,2.07944154167984
"OTU_814",-1.95045820521152,-1.83509154556119,-1.7617514337326,-1.85781670672451,-1.80965629869778,-1.81232136390189,-1.73967468203861,-1.81953698707702,-1.72520029158863,-1.78643203257826,-1.78400388798065,-1.7660318498623,-1.76646860458665,-1.72536228256159,-1.69608568854172,-1.78202979307183,-1.74579397828593,-1.72178175869027,-1.72370022139855,-1.67648773983991,-1.68806662083887,-1.75138466626414,-1.74055530852853,-1.7532830583243,-1.75226251875227,-1.75800983071743,-1.82113070652458,-1.74505412432044,-1.77433766907352,-1.7633786711236,-1.81646405828214,-1.80394069301369,-1.80627653180842,-2.02176194668517,3.93182563272433,-1.80669998146186,1.79175946922805,1.38629436111989,2.63905732961526,3.68887945411394,2.07944154167984,2.19722457733622,2.30258509299405,2.30258509299405,2.63905732961526,2.30258509299405,3.97029191355212,4.7361984483945,3.97029191355212,2.63905732961526,2.94443897916644,3.3322045101752,3.46573590279973
"OTU_108",1.6094379124341,0.693147180559945,1.09861228866811,0,0,1.38629436111989,1.38629436111989,1.38629436111989,-1.73547787434687,1.09861228866811,1.6094379124341,0.693147180559945,0.693147180559945,0,1.94591014905531,1.94591014905531,1.38629436111989,1.38629436111989,0,0.693147180559945,1.94591014905531,2.30258509299405,2.56494935746154,3.61091791264422,2.484906649788,2.89037175789616,2.63905732961526,2.30258509299405,1.09861228866811,0,2.19722457733622,2.70805020110221,2.07944154167984,2.07944154167984,1.79175946922805,3.87120101090789,2.484906649788,2.19722457733622,0.693147180559945,2.484906649788,1.94591014905531,2.56494935746154,2.70805020110221,2.70805020110221,2.94443897916644,3.25809653802148,3.3322045101752,2.07944154167984,1.94591014905531,2.30258509299405,2.07944154167984,1.09861228866811,2.19722457733622
"OTU_791",0.693147180559945,2.83321334405622,1.79175946922805,1.79175946922805,-1.82200213452008,1.94591014905531,1.6094379124341,2.30258509299405,0,1.6094379124341,0,1.94591014905531,1.94591014905531,1.94591014905531,1.6094379124341,0,0.693147180559945,3.46573590279973,0,2.19722457733622,2.77258872223978,1.79175946922805,1.38629436111989,1.79175946922805,2.19722457733622,2.19722457733622,0,2.63905732961526,3.3322045101752,2.94443897916644,3.46573590279973,1.6094379124341,0,2.70805020110221,-1.76106259479602,2.19722457733622,2.56494935746154,0.693147180559945,2.39789527279837,3.09104245335832,1.94591014905531,1.79175946922805,2.07944154167984,2.484906649788,2.94443897916644,1.6094379124341,2.94443897916644,2.19722457733622,1.94591014905531,1.38629436111989,2.30258509299405,1.6094379124341,2.94443897916644
"OTU_688",2.63905732961526,2.07944154167984,2.83321334405622,3.04452243772342,2.83321334405622,1.79175946922805,1.6094379124341,2.39789527279837,2.83321334405622,3.04452243772342,2.19722457733622,2.07944154167984,1.6094379124341,1.09861228866811,2.39789527279837,1.09861228866811,-1.77063997687246,2.63905732961526,0,1.94591014905531,2.484906649788,1.94591014905531,1.94591014905531,1.6094379124341,0,2.56494935746154,1.09861228866811,2.07944154167984,0.693147180559945,2.19722457733622,1.6094379124341,0,1.38629436111989,-2.0466079452717,2.19722457733622,1.38629436111989,2.94443897916644,0,2.39789527279837,2.39789527279837,2.07944154167984,3.36729582998647,3.29583686600433,1.38629436111989,1.94591014905531,2.63905732961526,0,2.39789527279837,1.94591014905531,3.09104245335832,1.94591014905531,1.94591014905531,1.09861228866811
"OTU_880",2.19722457733622,1.09861228866811,1.6094379124341,1.09861228866811,1.09861228866811,1.09861228866811,1.6094379124341,1.09861228866811,-1.75004629017516,1.94591014905531,0.693147180559945,0,1.09861228866811,2.89037175789616,1.6094379124341,-1.80687579165836,0,2.19722457733622,-1.74854621998508,1.6094379124341,1.94591014905531,-1.77623066485067,0,1.38629436111989,1.09861228866811,1.79175946922805,2.99573227355399,2.07944154167984,1.94591014905531,1.38629436111989,2.39789527279837,1.94591014905531,1.79175946922805,2.07944154167984,3.52636052461616,1.6094379124341,2.19722457733622,2.99573227355399,1.79175946922805,2.19722457733622,2.63905732961526,3.13549421592915,2.77258872223978,3.29583686600433,1.94591014905531,3.43398720448515,2.484906649788,1.79175946922805,2.63905732961526,2.484906649788,3.87120101090789,1.09861228866811,1.38629436111989
"OTU_352",0.693147180559945,0,-1.80138122850337,-1.89744650149527,-1.84928609346855,0.693147180559945,0.693147180559945,-1.85916678184779,0,-1.82606182734903,-1.82363368275142,0,-1.80609839935742,1.38629436111989,0.693147180559945,0.693147180559945,0,0,2.70805020110221,1.09861228866811,0.693147180559945,-1.79101446103491,0.693147180559945,4.14313472639153,3.46573590279973,2.30258509299405,4.04305126783455,1.38629436111989,1.38629436111989,1.6094379124341,1.79175946922805,1.79175946922805,1.79175946922805,3.73766961828337,2.56494935746154,3.2188758248682,2.39789527279837,3.8286413964891,1.09861228866811,2.07944154167984,2.77258872223978,2.30258509299405,1.09861228866811,2.77258872223978,-1.77472060176026,0.693147180559945,1.38629436111989,1.09861228866811,2.19722457733622,1.6094379124341,2.70805020110221,1.38629436111989,0
"OTU_219",-2.00293614246014,0.693147180559945,0.693147180559945,-1.91029464397312,0,0,0,-1.87201492432564,-1.77767822883724,0.693147180559945,0.693147180559945,1.09861228866811,1.38629436111989,1.6094379124341,0,1.38629436111989,2.39789527279837,3.25809653802148,3.29583686600433,1.38629436111989,-1.74054455808749,0,-1.79303324577715,1.94591014905531,1.38629436111989,0.693147180559945,1.38629436111989,0.693147180559945,-1.82681560632213,-1.81585660837221,-1.86894199553076,0,1.38629436111989,2.19722457733622,2.77258872223978,3.58351893845611,2.07944154167984,1.09861228866811,1.38629436111989,2.83321334405622,1.94591014905531,2.70805020110221,3.40119738166216,3.36729582998647,1.38629436111989,3.25809653802148,3.09104245335832,3.3322045101752,0,3.25809653802148,3.58351893845611,1.94591014905531,2.94443897916644
"OTU_500",2.63905732961526,2.07944154167984,2.70805020110221,2.484906649788,2.19722457733622,2.484906649788,2.89037175789616,3.04452243772342,2.19722457733622,2.19722457733622,1.94591014905531,2.77258872223978,3.09104245335832,0.693147180559945,2.56494935746154,3.43398720448515,1.79175946922805,0,0,1.09861228866811,1.94591014905531,3.25809653802148,2.19722457733622,1.38629436111989,2.484906649788,2.07944154167984,2.07944154167984,2.89037175789616,2.30258509299405,2.30258509299405,2.39789527279837,2.70805020110221,1.94591014905531,-2.10933120374506,1.38629436111989,-1.89426923852175,-1.9107796438114,0,1.6094379124341,1.79175946922805,2.484906649788,0,2.19722457733622,1.38629436111989,2.19722457733622,0.693147180559945,0,-1.88603463571042,0,-1.79917456970792,1.6094379124341,2.19722457733622,1.6094379124341
