"ASVID","Nov2rep3","Nov3rep3","Nov4rep3","Nov5rep3","Nov9rep3","Nov10rep3","Nov11rep3","Nov12rep3","Nov13rep3","Nov16rep3","Nov17rep3","Nov18rep3","Nov19rep3","Nov20rep3","Nov23rep3","Nov24rep3","Nov25rep3","Nov26rep3","Nov27rep3","Nov30rep3","Dec1rep3","Dec2rep3","Dec3rep3","Dec4rep3","Dec7rep3","Dec8rep3","Dec9rep3","Dec10rep3","Dec11rep3","Dec14rep3","Dec15rep3","Dec16rep3","Dec17rep3","Dec18rep3","Dec21rep3","Dec22rep3","Dec23rep3","Jan4rep3","Jan5rep3","Jan6rep3","Jan7rep3","Jan8rep3","Jan11rep3","Jan12rep3","Jan13rep3","Jan14rep3","Jan15rep3","Jan18rep3","Jan19rep3","Jan20rep3","Jan22rep3","Jan25rep3","Jan26rep3","Jan27rep3","Jan28rep3","Jan29rep3","Feb1rep3","Feb2rep3","Feb3rep3","Feb4rep3","Feb5rep3","Feb8rep3","Feb9rep3","Feb11rep3","Feb12rep3","Feb15rep3","Feb16rep3","Feb18rep3","Feb19rep3","Feb22rep3","Feb23rep3","Feb25rep3","Feb26rep3","Feb29rep3","Mar2rep3","Mar3rep3","Mar4rep3","Mar7rep3","Mar8rep3","Mar9rep3","Mar10rep3","Mar11rep3","Mar14rep3","Mar15rep3","Mar21rep3","Mar22rep3","Mar23rep3","Apr18rep3","Apr19rep3"
"OTU_1",260,216,523,183,132,107,129,156,112,164,17,134,156,144,103,85,155,100,99,162,150,37,160,179,177,179,166,154,158,30,166,194,183,114,92,127,142,76,92,63,64,79,89,81,110,93,83,79,66,81,83,73,80,85,76,95,76,76,85,102,85,83,81,112,70,75,77,104,81,59,67,89,69,64,92,111,99,115,102,84,112,90,82,140,97,142,116,20,105
"OTU_2",117,29,129,97,122,144,122,168,179,191,79,99,56,100,89,117,113,181,152,176,176,172,191,159,173,174,247,243,180,59,58,22,20,85,119,135,131,116,133,122,94,98,151,121,123,120,112,112,119,124,99,79,81,77,90,103,97,83,114,89,81,98,56,61,77,79,68,68,72,56,60,41,57,39,52,66,69,59,61,56,47,55,53,43,51,44,34,3,2
"OTU_3",115,26,42,126,162,158,151,121,131,116,124,109,104,108,126,116,104,85,94,105,116,96,115,133,110,131,76,104,85,100,106,81,95,56,102,116,88,98,90,111,112,109,88,88,107,82,100,101,117,123,103,104,115,98,103,97,104,129,126,128,102,108,88,108,107,100,109,115,110,100,75,70,75,82,85,79,87,81,80,69,71,41,67,45,44,28,39,3,1
"OTU_4",62,17,44,97,72,89,97,49,65,39,96,57,60,50,92,87,106,81,79,47,82,96,78,82,62,62,73,68,52,87,82,66,65,71,75,65,73,87,103,83,87,83,71,66,72,76,82,67,97,92,63,62,66,61,74,71,55,73,63,57,98,52,31,72,105,67,35,43,65,26,58,19,35,86,80,71,115,87,121,126,89,82,96,88,122,94,101,36,12
"OTU_13",2,13,8,9,0,4,5,6,5,6,3,4,6,5,9,4,8,8,9,3,14,29,16,42,41,47,22,22,26,23,31,46,45,14,20,36,21,24,27,16,25,35,63,41,36,47,43,52,53,35,48,69,67,82,73,60,69,72,80,92,81,98,154,144,69,115,211,123,176,206,197,291,234,206,113,202,96,134,108,95,109,122,78,82,65,50,47,46,16
"OTU_6",17,5,10,35,123,119,121,110,93,48,61,62,11,36,96,89,71,51,59,100,47,93,52,77,75,57,41,65,62,35,13,14,16,26,48,58,71,75,77,76,88,85,72,68,106,102,89,73,82,120,103,108,99,72,84,61,77,84,98,91,87,73,69,84,88,56,51,64,58,76,57,49,65,49,77,46,42,24,28,25,32,33,25,10,12,4,8,0,0
"OTU_5",42,15,48,54,82,88,54,76,81,88,81,65,24,70,70,46,97,102,106,114,99,143,96,85,65,81,132,107,139,41,40,14,12,39,86,81,101,89,109,78,68,56,93,82,84,73,57,63,54,85,61,58,48,52,53,44,61,50,38,48,50,41,42,35,39,37,25,33,31,14,21,17,25,20,21,26,34,25,19,20,24,31,20,24,24,20,20,4,4
"OTU_8",10,6,12,26,9,10,8,11,11,5,4,15,14,21,58,45,46,48,34,54,44,32,47,65,53,53,67,81,55,19,28,21,19,58,39,40,31,59,74,57,67,78,56,42,60,72,65,62,70,77,62,61,84,80,78,57,56,57,81,87,54,56,58,74,76,76,61,73,82,68,57,61,103,61,86,65,69,73,75,58,54,63,56,50,34,39,45,4,5
"OTU_9",31,10,16,54,78,76,84,68,56,35,24,21,19,24,71,58,49,47,52,48,49,47,49,68,52,50,54,68,49,17,14,9,11,17,56,55,55,55,55,61,79,67,49,58,42,48,46,66,67,76,83,49,63,55,76,45,69,77,64,68,57,71,47,64,61,66,61,81,68,74,49,52,56,37,25,34,20,30,35,21,31,14,24,12,9,2,5,1,0
"OTU_7",12,9,25,29,8,12,4,6,7,3,22,66,177,59,63,65,42,32,37,35,22,13,25,38,44,35,25,23,41,34,58,114,105,20,78,46,32,67,56,70,64,60,47,39,53,67,64,50,58,54,96,84,81,50,69,60,54,43,50,58,58,36,48,53,60,40,33,40,45,49,34,32,25,41,36,29,21,15,25,15,9,28,17,7,13,11,16,18,1
"OTU_10",9,8,21,44,19,22,5,26,13,9,29,20,18,16,5,8,9,10,9,41,11,23,34,42,36,60,81,83,62,83,80,25,28,61,62,68,60,35,43,18,6,5,38,20,26,10,25,23,37,40,24,18,26,21,35,38,48,50,68,64,45,66,76,59,59,79,65,66,65,46,36,34,72,29,40,24,48,41,41,42,48,40,45,54,43,43,39,3,2
"OTU_12",36,61,81,16,8,17,6,10,8,15,30,39,95,40,22,20,33,20,20,29,37,36,26,38,47,35,31,47,32,175,128,169,160,45,22,37,29,19,21,20,28,24,20,25,27,21,21,24,30,21,21,15,32,19,17,18,20,25,20,23,34,31,35,31,32,27,31,24,39,28,22,22,23,34,29,30,22,14,18,26,12,28,20,10,22,30,7,8,2
"OTU_11",76,46,49,100,87,101,103,118,86,109,82,73,43,94,16,18,53,39,40,41,72,62,35,49,29,66,54,43,54,20,34,7,0,27,22,27,45,14,27,17,10,22,26,21,14,20,13,12,16,26,18,14,14,14,13,15,10,12,15,18,21,16,17,24,15,20,14,27,10,10,20,21,22,9,8,12,13,12,7,11,12,16,12,11,10,13,4,0,1
"OTU_15",0,6,0,1,12,15,18,15,8,4,1,4,2,4,59,59,40,19,26,29,26,21,28,14,25,21,25,25,25,4,0,1,1,2,60,57,44,74,78,66,59,78,49,53,86,52,54,67,66,83,76,79,76,61,53,63,51,41,60,72,35,55,55,54,27,35,57,36,35,42,38,26,17,7,2,10,7,8,5,3,1,4,2,7,0,2,1,1,0
"OTU_14",16,11,6,27,55,58,42,40,34,30,26,21,10,13,59,57,41,47,40,51,24,32,51,30,24,33,30,34,41,12,15,7,7,12,30,23,26,51,39,45,49,51,57,40,31,46,41,39,30,31,34,50,52,33,41,40,48,49,42,26,37,41,33,38,36,33,26,27,39,23,30,22,48,22,22,23,21,25,19,20,14,20,14,10,10,6,6,1,0
"OTU_16",14,10,26,20,10,23,23,20,45,16,37,18,11,18,10,8,7,15,13,19,18,18,12,12,18,6,13,19,26,9,16,5,3,13,27,24,36,29,43,22,8,15,40,18,26,21,25,20,20,27,8,11,9,19,17,18,32,38,37,40,31,59,31,30,31,44,60,83,85,90,80,92,102,32,40,37,53,61,38,44,46,45,47,51,36,46,42,1,4
"OTU_17",31,8,22,18,32,30,31,30,34,43,29,16,19,29,10,7,15,19,18,22,32,32,39,31,55,52,59,45,50,42,45,15,8,18,25,33,34,18,23,9,14,16,32,19,16,16,22,20,19,15,20,14,11,15,19,14,16,15,21,20,27,20,22,18,24,26,18,25,19,19,17,14,26,20,21,13,20,14,13,16,16,25,21,25,17,11,26,1,2
"OTU_23",66,9,34,59,38,30,30,18,26,15,46,47,35,27,28,23,19,15,18,27,13,36,18,24,14,28,7,11,15,46,35,33,29,32,19,13,16,13,21,19,22,16,11,16,21,14,20,20,14,16,9,12,14,12,11,12,12,7,18,11,22,5,15,18,38,29,4,9,23,10,18,4,11,25,34,33,30,37,38,39,27,29,30,30,24,31,35,1,3
"OTU_24",23,14,56,21,20,17,21,18,18,18,2,26,8,21,32,18,24,17,12,15,22,3,13,7,7,13,4,11,6,6,16,17,19,21,13,16,13,21,15,23,19,12,14,10,21,13,18,17,7,9,10,19,10,6,17,11,8,12,13,16,21,10,18,20,12,14,21,20,23,33,26,28,22,46,31,32,48,41,38,31,39,47,38,35,29,79,49,38,143
"OTU_26",11,7,9,23,39,42,54,40,51,26,15,15,7,10,25,28,40,27,29,28,24,14,24,31,32,40,19,27,23,7,18,5,3,5,16,29,28,25,16,29,25,35,25,21,24,23,36,38,27,27,32,32,33,22,19,31,22,15,23,24,22,24,20,18,11,19,14,31,18,26,13,19,24,9,8,11,9,9,5,3,9,5,2,10,2,1,3,0,0
"OTU_27",0,1,1,9,2,2,0,0,0,2,2,4,4,6,6,6,3,5,3,2,4,1,6,6,6,4,9,10,7,6,10,3,9,27,13,12,7,25,27,27,24,30,27,24,25,31,25,27,15,26,19,30,32,34,36,19,33,32,37,26,52,37,41,42,36,39,38,28,28,19,42,35,33,37,27,39,32,41,44,53,30,46,42,46,20,25,15,0,0
"OTU_18",14,21,37,15,3,4,4,1,2,9,0,6,5,9,8,2,6,17,5,7,6,3,7,9,5,7,10,9,4,0,7,10,11,10,7,7,11,11,17,11,12,14,20,27,21,24,23,12,5,7,5,0,5,6,7,8,9,5,10,11,14,8,8,16,12,12,9,11,12,17,16,16,17,16,18,23,30,28,23,27,42,27,62,78,67,137,79,58,334
"OTU_20",11,5,15,8,1,9,1,6,3,2,4,7,0,6,39,34,18,33,30,18,9,33,6,4,8,6,6,4,4,2,2,2,3,4,18,18,19,25,22,39,33,40,23,19,28,17,18,17,19,18,22,29,19,20,27,22,24,16,18,19,26,17,18,18,30,23,8,17,10,12,24,11,13,25,34,34,38,39,37,46,39,44,44,31,51,26,36,3,0
"OTU_19",25,22,20,40,17,23,29,37,44,57,57,62,55,55,9,8,36,16,20,35,56,72,45,62,21,45,36,32,19,68,38,20,14,15,8,20,30,10,8,8,12,8,14,11,10,6,7,11,8,6,5,7,8,5,7,3,13,12,7,6,8,9,12,7,8,17,7,11,5,4,6,6,11,11,9,3,7,5,4,7,10,7,6,5,7,6,4,0,1
"OTU_22",10,19,18,2,5,15,22,19,15,16,18,17,53,24,44,20,25,20,11,15,20,15,11,22,13,14,5,5,6,56,62,161,161,50,14,22,20,15,9,5,7,11,10,6,12,19,6,11,8,10,15,26,16,15,17,7,12,16,15,18,12,16,30,16,7,15,27,26,21,27,20,15,9,12,8,4,5,6,3,5,4,5,2,2,3,5,3,0,2
"OTU_21",55,25,70,10,17,23,42,38,44,42,4,39,42,44,20,13,26,21,27,21,43,9,28,25,16,23,19,22,19,4,28,32,32,13,5,14,13,8,12,4,6,7,8,5,8,7,7,4,9,3,6,5,3,4,9,6,8,7,3,8,13,10,4,9,13,15,18,13,20,11,9,26,15,19,12,20,25,17,19,17,17,23,19,22,19,23,9,17,59
"OTU_25",33,2,40,30,43,26,6,29,20,20,23,18,10,5,15,24,24,14,30,18,12,21,20,17,28,35,40,48,42,6,11,0,5,26,25,29,30,19,25,18,19,12,16,20,16,15,10,14,14,15,14,19,10,14,19,21,16,16,17,29,27,19,15,10,20,14,12,21,8,4,11,7,9,10,11,10,15,5,9,12,12,9,10,14,11,15,15,0,0
"OTU_37",62,36,96,52,17,24,16,12,9,9,4,17,16,25,23,17,28,19,11,13,16,0,15,15,9,8,10,10,8,0,11,11,10,25,10,7,6,16,11,14,15,11,8,15,13,13,10,6,12,8,19,11,15,8,9,11,15,21,14,7,20,10,16,7,14,10,18,16,14,12,12,9,22,10,21,16,28,24,27,21,14,22,24,27,21,38,24,1,2
"OTU_28",0,6,1,2,32,23,37,20,23,8,5,5,6,3,46,26,25,41,25,14,20,9,11,15,13,9,4,6,5,2,1,5,7,1,27,27,17,14,12,21,13,26,13,19,26,19,21,18,22,27,23,57,35,22,32,30,18,25,16,30,14,30,43,27,10,30,29,22,18,34,17,26,12,9,8,3,2,3,2,1,1,3,0,0,0,1,0,0,0
"OTU_30",6,0,4,5,2,2,5,2,3,3,9,5,1,0,10,6,7,5,9,15,6,3,14,2,6,9,7,15,16,7,4,2,1,11,4,3,12,16,21,22,21,17,13,12,21,26,21,26,19,26,12,21,25,23,26,25,19,21,34,33,23,26,20,28,31,35,21,27,23,25,25,21,25,18,29,16,28,22,33,20,28,30,31,29,11,11,9,2,0
"OTU_31",1,5,1,3,3,4,2,1,1,3,1,4,4,2,8,6,9,4,5,8,8,12,9,7,15,15,2,6,3,17,8,5,12,3,4,8,9,6,20,14,14,8,13,17,10,17,25,17,20,18,20,20,25,16,16,14,25,17,27,35,20,29,45,42,19,31,46,48,49,36,32,42,36,37,26,39,11,12,15,7,10,9,3,5,4,7,6,3,5
"OTU_35",1,0,0,0,1,8,15,8,11,5,5,6,4,6,3,1,5,2,4,1,2,6,2,0,2,1,2,1,0,0,3,2,1,1,7,6,7,6,7,11,3,7,18,13,10,15,8,7,12,7,1,5,6,4,3,16,15,26,21,14,19,22,27,14,16,48,44,66,58,59,57,63,47,21,38,25,33,30,18,31,34,31,21,26,11,12,11,7,3
"OTU_32",9,4,3,31,30,29,22,43,23,7,29,17,8,11,9,7,18,17,26,21,14,12,26,27,16,29,39,45,48,10,18,2,1,29,42,30,40,22,23,19,8,6,15,8,5,3,6,9,13,7,5,0,1,1,5,4,12,2,7,11,12,5,4,9,6,14,5,8,7,4,6,5,9,3,2,1,2,6,4,5,4,2,3,8,3,4,6,0,2
"OTU_40",3,0,6,2,3,3,2,4,2,1,10,3,2,2,1,3,3,6,11,11,3,10,8,14,3,6,10,15,18,13,10,5,3,7,13,8,15,22,23,9,5,15,20,7,11,11,13,16,17,11,8,7,9,5,14,17,16,20,19,18,22,21,17,23,16,18,19,29,25,23,29,15,27,16,9,15,19,12,11,16,15,18,16,25,14,21,16,0,0
"OTU_36",2,0,9,1,8,5,2,1,5,6,0,11,7,13,32,32,27,18,19,30,7,7,19,29,35,32,26,23,22,9,12,19,13,3,20,16,22,22,18,24,14,28,16,8,20,18,20,17,16,14,13,17,11,5,10,11,13,13,18,17,4,12,14,10,7,9,7,9,7,3,11,3,2,4,4,4,1,3,0,1,5,1,3,2,1,0,2,4,0
"OTU_29",0,1,4,4,14,18,17,12,21,15,20,14,3,14,16,21,12,20,16,25,9,14,12,10,20,7,14,20,30,12,10,9,4,21,34,26,38,18,11,11,4,23,11,17,9,12,17,12,8,10,4,6,5,4,4,10,12,4,9,10,8,12,13,4,6,11,10,14,12,7,11,9,15,11,6,8,11,7,6,7,7,6,11,14,9,7,2,1,0
"OTU_41",2,3,0,2,0,0,4,4,2,3,10,5,9,6,12,7,13,10,8,21,15,17,16,21,21,14,17,13,5,11,11,22,17,11,11,14,7,12,11,10,9,13,7,9,7,8,15,9,10,16,10,11,14,6,14,9,15,13,13,23,25,16,20,16,8,16,16,13,14,10,17,10,20,28,14,11,13,15,18,13,8,8,13,9,11,13,6,1,0
"OTU_47",0,0,0,0,1,0,0,0,0,0,0,0,0,0,4,4,3,3,2,2,0,1,0,2,3,0,1,0,0,0,0,1,0,0,24,16,6,33,16,28,18,16,22,23,22,23,19,21,20,27,32,26,36,35,31,41,17,44,36,27,17,27,18,20,11,13,12,17,15,24,4,13,21,7,11,7,12,4,6,5,3,1,1,3,2,0,1,1,0
"OTU_42",4,2,14,11,1,0,3,4,2,3,2,16,4,8,22,28,17,15,24,31,10,8,10,14,23,16,12,18,14,2,1,0,0,2,17,14,15,23,16,30,26,22,21,17,11,24,18,17,15,18,12,11,11,11,10,16,12,8,12,25,9,4,5,13,10,13,7,9,6,9,7,5,7,8,13,5,8,7,2,6,4,8,6,4,1,4,8,0,0
"OTU_34",21,5,17,18,19,16,19,21,17,23,13,23,7,5,14,17,19,18,16,15,9,21,10,12,15,8,21,18,18,7,5,1,1,4,14,11,18,17,16,11,16,14,16,12,16,17,9,13,8,13,11,10,3,8,12,11,10,8,9,13,5,9,9,6,9,1,5,7,7,3,7,2,6,2,1,6,9,5,9,7,9,7,5,2,9,13,9,0,0
"OTU_46",25,16,61,22,11,5,17,11,8,6,1,17,5,12,4,11,5,7,9,6,8,2,5,5,3,4,6,7,7,1,13,11,11,10,7,9,3,4,4,8,2,8,1,8,4,8,4,3,4,1,7,5,5,4,3,5,2,4,5,3,11,8,11,10,9,17,15,6,13,13,11,7,8,18,17,18,14,29,23,13,26,24,21,27,19,30,19,9,36
"OTU_38",4,10,9,8,9,9,9,6,8,4,13,14,61,16,11,7,8,15,8,7,6,4,4,3,2,3,1,0,2,31,35,107,117,22,11,10,10,5,6,3,12,6,3,5,10,2,5,7,8,2,12,10,10,9,11,12,6,8,5,13,8,4,7,10,8,11,12,5,13,11,11,7,3,4,3,3,5,2,0,5,0,0,6,0,1,4,2,2,0
"OTU_44",33,18,7,53,14,5,16,14,12,7,26,26,10,21,36,15,16,8,11,17,6,21,15,9,13,11,12,7,12,9,3,3,2,8,9,6,6,14,6,7,7,5,6,4,4,3,13,9,8,4,5,3,8,10,5,4,5,2,3,4,8,9,12,8,14,3,8,14,3,3,6,7,3,1,9,9,11,5,12,15,12,10,18,3,6,0,6,1,0
"OTU_39",3,0,4,5,6,0,3,1,2,1,1,34,44,29,4,9,5,9,5,8,5,9,4,4,3,5,2,2,5,50,60,63,63,55,5,6,12,8,4,6,9,9,10,5,5,11,7,2,5,2,8,5,5,3,3,7,2,4,1,4,21,6,6,7,21,7,4,4,6,3,6,6,3,11,13,9,13,4,5,6,5,1,6,4,5,5,3,1,0
"OTU_50",2,0,16,4,5,0,1,0,1,0,21,12,5,7,5,10,2,5,3,7,0,3,2,3,1,3,1,2,4,10,2,0,4,5,9,7,6,25,8,18,11,15,16,12,18,27,14,15,15,11,12,20,23,13,15,16,21,22,17,16,13,10,15,14,15,9,7,6,7,4,6,6,4,10,6,13,7,5,8,8,6,9,11,7,6,15,7,0,0
"OTU_48",1,0,0,2,3,16,14,5,38,12,38,14,6,4,23,26,31,20,33,29,17,28,8,17,3,5,5,11,10,3,9,3,1,12,10,12,4,7,8,6,6,4,9,8,10,6,7,7,7,5,2,0,0,1,1,1,2,2,2,2,4,6,3,3,5,3,7,6,4,6,1,5,7,3,3,3,5,4,3,6,4,4,8,7,3,7,8,41,9
"OTU_54",16,6,7,15,14,10,11,11,9,6,9,7,9,4,8,13,8,5,13,9,7,7,15,8,2,12,7,12,12,4,6,6,1,3,13,14,13,16,6,15,8,8,6,8,16,13,10,12,8,8,4,6,16,8,7,7,9,8,15,9,10,7,4,15,11,3,6,8,11,4,9,3,8,5,9,4,8,7,6,3,3,7,6,3,7,7,3,1,2
"OTU_51",18,13,3,17,48,27,21,34,20,17,8,20,11,22,11,18,12,13,6,15,7,5,7,9,4,8,9,9,11,4,9,9,8,13,5,2,9,12,5,5,8,5,9,7,7,3,5,2,5,2,6,7,3,12,5,5,5,8,5,9,8,5,4,5,9,2,7,4,2,2,1,2,9,7,1,5,4,4,3,4,3,5,3,2,6,0,3,0,0
"OTU_33",15,27,9,18,35,46,69,51,44,67,63,44,33,53,5,2,11,3,3,5,11,16,2,1,1,3,0,0,0,11,12,10,15,3,1,0,1,0,0,0,0,0,1,0,0,0,0,0,1,1,0,0,1,0,0,0,0,0,0,0,0,0,1,0,4,0,0,0,1,1,0,0,2,1,0,0,0,0,1,1,0,0,1,1,0,1,0,0,0
"OTU_58",9,4,21,8,7,6,3,1,5,4,1,5,1,1,38,23,18,25,19,27,14,16,12,5,7,6,7,2,5,1,1,1,0,0,23,16,12,28,30,17,15,18,18,17,20,12,17,8,14,10,13,9,12,8,11,5,7,4,7,8,2,3,2,1,3,4,2,0,2,2,3,4,1,2,1,0,1,1,0,1,1,2,0,0,2,2,0,2,0
"OTU_45",21,14,16,6,3,13,16,20,22,34,3,13,15,17,13,12,18,20,24,32,25,7,29,20,14,12,12,10,8,1,10,3,4,5,6,7,6,1,4,1,3,3,5,2,5,2,6,2,2,1,1,2,2,0,0,2,0,1,0,0,4,3,0,6,1,0,2,5,2,0,2,1,3,4,5,6,3,5,3,3,8,5,7,5,5,8,3,4,19
"OTU_56",1,2,1,2,0,0,1,0,3,0,5,7,1,1,2,4,8,7,5,12,13,22,12,5,3,9,16,15,14,6,7,3,1,3,6,7,6,7,4,3,9,5,4,9,5,5,5,5,8,11,6,6,6,4,12,9,13,17,17,25,16,16,10,16,22,13,15,17,16,13,9,10,10,8,8,8,9,4,11,10,3,8,5,3,1,2,3,2,1
"OTU_65",8,3,11,9,9,4,2,9,8,8,17,5,5,2,3,2,3,5,5,6,8,9,8,6,3,2,2,5,3,3,1,0,0,2,2,6,8,8,9,6,4,4,5,5,4,8,7,11,8,15,9,8,6,13,11,11,13,10,19,22,3,18,9,5,3,10,19,18,17,21,13,16,8,4,10,14,8,8,2,9,5,0,4,1,0,0,1,0,0
"OTU_63",32,17,61,32,4,5,3,8,4,4,2,5,6,8,4,11,10,5,5,9,5,2,6,0,1,6,12,6,1,3,6,6,16,19,9,5,6,3,8,3,6,9,5,4,6,6,8,2,4,5,4,4,4,4,2,6,5,2,3,10,6,3,9,7,1,5,7,5,3,0,4,5,2,4,4,8,3,7,6,4,7,2,3,6,4,14,9,6,29
"OTU_49",31,4,14,32,2,0,0,1,0,0,11,18,4,5,1,0,0,0,0,0,1,0,0,0,0,1,0,0,0,6,5,0,2,17,0,2,2,0,1,0,0,0,1,0,0,2,0,2,1,1,0,3,1,0,4,0,3,2,3,3,0,1,3,4,0,5,1,3,2,1,3,0,2,1,0,4,7,9,8,8,16,2,20,25,81,117,103,0,0
"OTU_87",74,136,83,55,14,5,6,3,6,2,6,15,14,5,1,3,1,1,2,2,2,1,1,2,3,1,0,2,1,11,10,21,13,16,6,1,1,3,4,0,2,1,2,0,0,0,1,0,2,0,2,1,2,0,0,2,1,3,1,1,2,1,4,2,1,1,2,0,2,1,2,2,2,2,8,1,4,2,4,2,3,5,1,0,1,0,1,0,0
"OTU_55",17,18,14,41,26,35,16,37,52,30,64,26,11,14,9,7,21,6,6,14,10,11,16,12,2,10,5,5,5,1,5,3,0,4,3,2,2,1,1,3,3,2,0,2,3,0,0,2,0,1,0,2,0,0,3,1,0,1,0,0,0,1,0,2,1,1,0,0,1,0,0,0,1,1,2,0,2,0,0,0,1,0,1,0,1,2,0,0,0
"OTU_52",3,1,0,3,2,12,18,9,31,24,31,6,7,13,28,34,25,24,43,32,22,29,13,19,7,7,11,11,7,10,10,2,1,12,6,7,5,2,2,1,2,4,2,0,2,1,3,2,0,1,0,0,1,0,1,0,2,0,1,0,3,0,0,0,2,2,1,1,1,0,0,0,0,1,1,1,1,2,0,1,2,0,0,4,2,1,1,9,3
"OTU_79",0,0,0,1,0,0,0,2,1,0,0,2,0,0,6,9,2,4,6,8,4,0,3,4,11,1,5,1,8,1,0,2,0,1,6,11,3,18,14,23,10,16,16,11,19,9,16,7,14,13,11,11,8,12,13,12,11,8,16,20,10,8,11,10,10,9,8,9,0,4,5,2,4,8,6,8,10,4,3,13,9,5,5,6,5,3,6,0,0
"OTU_71",2,1,4,8,14,5,9,5,8,2,3,3,3,2,7,10,13,10,8,10,6,12,14,5,5,10,10,4,11,9,7,0,0,2,7,12,9,13,14,21,15,9,7,8,9,17,10,7,13,11,3,9,6,10,14,11,7,10,3,11,6,2,10,7,2,4,8,6,5,8,4,5,1,2,0,2,1,2,0,0,0,1,1,0,0,0,0,0,0
"OTU_59",1,3,1,9,10,14,5,5,9,5,7,17,12,10,14,10,10,9,6,9,3,4,10,4,5,9,5,3,5,8,10,17,16,3,8,10,4,5,6,8,9,6,4,4,3,7,7,4,12,6,9,6,6,10,12,9,2,2,10,7,6,3,7,11,3,9,11,5,3,3,6,3,5,2,6,8,3,5,2,2,5,4,1,0,1,1,2,1,0
"OTU_43",14,11,7,10,22,27,35,35,40,50,11,28,29,27,6,4,6,4,9,15,15,13,21,6,6,12,3,5,3,5,10,8,4,2,8,2,3,0,1,1,0,0,3,1,0,1,4,1,0,1,0,0,2,0,1,1,0,1,0,1,0,0,2,3,0,1,1,2,0,0,2,0,1,1,1,1,0,0,2,0,1,1,0,0,0,1,1,0,1
"OTU_77",1,2,2,0,3,2,4,5,0,3,2,0,2,1,3,3,10,0,0,5,2,1,1,5,11,5,3,0,2,8,5,2,3,0,1,5,5,3,4,10,6,8,6,7,4,7,4,2,8,8,7,12,12,11,5,6,5,8,17,18,8,12,10,18,9,16,22,16,19,18,20,16,18,17,8,11,8,3,5,3,4,3,5,1,1,0,0,0,0
"OTU_69",7,5,26,6,9,6,5,5,2,6,0,4,6,4,9,6,4,6,4,4,2,0,6,5,9,7,1,4,1,2,5,9,14,9,5,4,3,3,3,4,7,11,3,2,4,6,8,4,9,4,10,2,2,6,7,2,3,0,5,6,5,5,1,4,9,2,1,2,2,3,6,1,4,6,13,1,6,10,11,10,11,13,10,10,16,31,21,1,14
"OTU_53",19,2,22,32,0,0,0,1,0,0,18,10,4,5,0,0,0,1,0,0,1,0,0,0,1,0,0,0,0,6,7,2,6,19,0,1,1,1,0,0,1,0,0,0,1,0,0,1,1,2,0,5,3,2,2,1,1,3,2,2,3,3,2,1,2,2,4,1,1,0,1,2,2,2,2,4,4,6,5,4,11,9,13,24,68,89,98,0,0
"OTU_68",4,1,12,6,3,11,9,3,3,7,1,27,5,5,13,9,13,8,7,12,2,4,3,6,1,5,6,12,5,9,9,5,5,22,7,1,4,4,7,8,6,6,13,4,8,7,5,5,7,9,6,5,4,9,9,3,9,4,7,4,8,9,3,7,8,6,1,4,1,1,8,4,9,3,3,2,6,11,4,9,2,6,7,2,5,3,2,1,0
"OTU_70",10,17,35,11,6,1,5,5,4,6,1,5,4,10,5,4,5,3,1,5,6,0,6,7,11,6,7,9,10,1,8,10,10,9,2,2,4,2,2,4,4,2,3,2,4,4,3,3,5,7,4,5,10,4,6,5,3,4,4,5,4,4,5,7,7,6,3,6,4,6,3,2,3,7,8,5,9,2,11,8,6,11,7,10,11,12,12,4,18
"OTU_67",8,5,9,6,5,3,5,3,8,5,18,14,5,5,7,13,10,4,3,6,6,5,4,15,11,10,7,10,8,6,6,5,3,6,9,3,5,8,2,5,17,5,4,4,10,5,8,6,3,5,5,1,4,4,6,10,11,11,2,6,3,12,6,3,7,5,0,9,5,5,6,3,11,2,1,3,8,5,8,10,6,5,7,2,1,4,2,0,0
"OTU_78",3,0,0,0,0,1,1,2,1,0,1,0,2,0,5,1,3,1,2,2,2,0,1,4,4,3,1,3,2,1,1,5,5,1,3,3,1,6,5,5,4,4,11,5,6,3,10,4,9,10,10,4,10,6,9,5,9,13,8,14,12,14,19,15,8,22,17,14,14,15,13,21,11,16,15,17,6,6,10,3,4,8,3,5,2,4,1,0,3
"OTU_72",7,1,12,12,16,24,30,25,32,15,32,24,9,6,8,8,6,3,8,2,6,4,4,1,3,3,4,9,8,2,2,0,0,3,7,7,5,2,4,1,6,6,1,1,6,5,1,4,3,0,1,2,1,3,2,1,5,3,8,5,5,8,5,1,1,0,3,13,9,9,3,4,3,3,2,2,2,4,0,4,0,5,2,4,6,2,1,3,0
"OTU_91",6,2,24,12,11,5,4,6,4,2,5,3,2,1,7,11,7,7,8,7,2,12,6,5,4,7,5,5,6,7,2,2,3,5,4,7,7,6,10,10,12,8,6,10,14,11,12,11,4,9,6,14,7,16,6,5,5,6,7,7,10,8,5,4,3,4,12,4,2,5,3,2,5,4,1,2,1,2,4,2,2,2,0,0,2,2,2,1,0
"OTU_64",10,1,19,7,0,1,0,3,0,4,14,17,10,10,2,5,0,3,2,2,0,1,0,0,0,2,0,1,0,9,6,6,5,12,0,1,3,1,3,1,1,0,3,1,0,0,1,0,0,0,1,0,2,0,2,1,1,0,3,0,12,4,3,4,10,14,5,3,3,7,8,0,5,10,13,15,16,23,16,23,17,10,26,21,24,19,19,4,1
"OTU_89",3,0,0,1,6,7,4,2,0,2,14,1,1,4,7,3,7,7,7,1,6,4,9,13,3,9,9,7,7,7,4,1,1,4,3,9,8,4,7,8,7,16,5,12,8,5,8,15,11,6,11,7,5,4,4,16,5,10,5,5,6,2,9,6,13,3,4,3,3,1,4,6,2,7,5,6,6,4,7,11,11,2,0,4,8,3,6,0,0
"OTU_62",2,1,5,0,4,13,23,4,29,37,2,6,11,14,23,21,22,25,22,26,34,6,15,13,10,6,3,3,6,1,2,6,2,3,3,5,2,4,9,2,3,4,3,1,0,5,0,2,0,1,1,1,0,1,1,1,1,2,0,1,5,0,1,0,2,1,2,1,1,3,0,0,2,3,3,2,1,1,1,1,2,2,1,1,1,2,3,1,4
"OTU_95",0,0,29,9,4,8,4,8,4,5,9,7,1,6,1,1,2,5,4,7,4,3,2,1,2,3,3,5,6,3,2,0,1,5,5,5,2,8,8,7,3,3,8,4,1,1,3,3,6,2,1,0,2,3,2,2,6,9,3,9,2,6,4,4,3,5,13,13,12,14,5,17,16,12,9,5,8,8,9,3,4,2,6,4,6,9,5,10,5
"OTU_75",0,3,5,0,4,7,3,0,5,2,12,13,16,1,5,5,3,4,1,0,4,7,8,4,9,3,3,1,3,6,7,4,10,0,3,2,5,5,5,3,3,3,5,8,4,7,4,2,5,5,7,5,4,6,8,3,2,1,8,5,9,2,11,11,2,8,15,14,14,15,10,12,11,18,8,12,5,6,5,2,2,1,1,2,1,2,1,1,0
"OTU_61",5,7,23,7,0,0,0,1,1,0,6,27,63,31,0,0,0,1,0,0,1,3,0,1,2,0,0,0,0,28,16,40,38,9,0,0,0,0,0,1,0,0,1,0,0,1,0,0,0,2,0,0,0,0,1,0,1,0,0,0,6,0,1,2,12,2,0,0,1,2,5,1,2,9,9,10,11,6,5,4,13,9,10,2,9,6,5,15,0
"OTU_60",2,3,0,6,26,50,28,32,40,40,56,15,8,9,8,4,16,13,13,15,7,10,4,9,3,5,2,2,6,0,0,0,0,1,4,12,8,0,4,1,0,1,0,0,0,0,2,1,0,0,0,0,0,0,0,0,0,0,0,0,0,0,0,0,0,1,1,0,0,0,1,0,0,0,0,0,0,0,0,0,0,0,0,0,0,0,0,0,1
"OTU_81",0,0,0,2,0,1,0,0,0,0,0,3,0,5,5,4,6,7,5,5,1,0,0,0,1,7,2,0,1,0,3,2,5,1,23,13,8,18,13,28,18,17,12,10,6,10,11,10,11,8,9,15,11,14,9,8,9,5,6,12,2,5,1,1,5,7,2,0,3,3,3,1,2,1,5,1,3,2,3,2,1,1,6,1,3,5,3,6,1
"OTU_96",0,0,0,0,1,0,2,0,0,0,0,0,0,0,4,2,2,1,2,2,2,1,1,3,4,1,1,2,0,0,0,2,0,0,1,7,2,4,5,8,10,8,7,11,4,7,13,6,10,9,13,7,13,10,9,6,9,8,19,4,13,8,21,17,5,19,13,13,8,23,11,8,13,5,2,10,2,3,3,1,3,1,3,1,1,0,1,0,0
"OTU_98",1,0,2,1,0,2,0,1,0,1,2,1,0,2,0,2,1,0,2,1,0,2,2,4,1,1,0,5,3,1,1,2,2,1,5,3,6,5,6,1,3,3,11,5,2,3,3,8,3,3,2,5,2,4,7,8,14,5,15,6,4,13,9,1,3,11,16,15,14,23,15,25,17,8,11,8,8,9,8,3,5,7,7,7,2,3,5,1,1
"OTU_83",6,14,9,7,7,4,7,2,4,3,0,4,7,7,1,3,6,4,4,2,6,3,2,3,7,6,1,4,2,3,6,6,16,4,4,2,3,0,2,3,1,10,2,2,2,2,2,5,4,3,5,2,3,1,3,0,4,3,4,4,8,10,6,13,2,2,13,8,8,12,8,9,7,13,10,14,5,6,6,5,4,8,4,3,5,2,2,0,0
"OTU_188",0,0,0,3,0,1,0,3,1,0,0,0,1,0,4,9,5,12,4,6,9,2,1,8,13,5,8,4,5,1,8,2,2,4,4,6,7,3,1,3,3,6,6,7,2,3,9,9,6,12,9,6,1,9,6,10,9,15,2,4,4,2,1,5,7,3,9,1,6,8,0,8,11,5,11,7,4,13,7,3,8,7,1,11,5,2,8,0,0
"OTU_84",6,4,0,2,2,7,4,0,3,4,1,3,2,5,3,3,1,8,5,1,3,0,2,6,5,1,2,4,2,4,6,5,10,2,6,5,2,9,3,6,4,6,7,2,3,3,4,6,4,2,12,3,9,1,7,8,9,1,4,6,9,4,5,12,6,3,3,3,3,2,3,3,3,8,6,5,6,6,5,12,13,11,8,9,8,4,20,2,1
"OTU_74",2,2,1,6,2,7,9,6,5,5,5,4,4,2,10,6,12,2,9,14,6,6,8,7,5,8,6,1,2,5,7,9,8,2,5,4,6,7,4,2,0,6,3,2,2,1,2,4,1,1,2,2,2,1,2,2,5,7,3,0,4,5,1,2,3,1,0,4,2,3,2,0,5,5,6,7,1,1,2,5,4,3,4,4,9,7,2,30,35
"OTU_94",6,2,0,11,17,14,10,14,7,4,4,5,1,3,6,4,7,5,4,4,4,8,6,12,12,1,4,3,2,1,4,1,0,1,5,5,7,4,2,8,5,9,5,3,8,2,4,4,5,8,4,10,2,4,5,3,6,5,8,3,5,12,4,9,4,7,12,9,5,3,5,2,2,2,3,3,3,0,5,2,1,1,0,3,0,0,1,0,0
"OTU_85",7,1,1,8,1,7,2,1,3,2,9,12,8,6,4,9,7,1,0,2,3,1,5,8,1,2,8,5,1,0,4,13,6,8,6,1,7,3,3,9,4,6,3,1,3,3,5,3,8,6,6,7,4,2,3,2,8,3,3,3,6,2,2,2,9,5,5,4,5,4,4,1,1,4,12,3,11,6,4,12,7,3,3,8,9,6,9,4,1
"OTU_102",0,0,2,0,2,1,0,0,0,0,7,1,3,1,0,3,7,0,4,0,0,4,1,4,2,3,4,2,4,1,2,1,0,0,0,2,1,5,5,3,2,3,1,4,1,6,3,2,6,1,4,5,10,7,12,9,9,6,13,12,6,15,12,14,6,20,7,11,10,4,10,8,13,4,12,14,5,3,7,7,5,1,2,5,8,1,1,0,0
"OTU_104",23,3,2,29,5,0,0,3,1,4,2,15,3,9,0,1,3,1,0,0,0,0,1,0,0,4,1,2,2,11,15,2,3,27,3,2,8,5,4,1,1,1,2,2,1,1,3,4,4,2,2,4,1,2,2,4,1,3,4,3,15,2,5,5,8,7,2,6,6,2,3,3,7,4,3,7,11,6,17,9,7,5,14,2,1,1,0,0,0
"OTU_93",20,11,5,34,12,10,2,14,6,6,6,8,3,7,6,5,4,2,3,8,2,23,9,4,3,6,7,1,2,4,5,1,1,6,1,2,3,3,5,2,0,1,2,2,1,0,2,0,1,0,0,1,0,0,2,1,1,2,1,2,4,4,0,9,6,5,2,3,6,1,2,0,8,5,2,6,7,5,3,1,5,9,7,6,2,2,6,1,0
"OTU_57",9,15,3,8,15,20,20,24,19,15,12,22,31,17,4,3,14,3,9,10,11,25,9,8,1,6,2,0,2,12,9,3,0,2,2,2,4,1,2,0,0,1,1,1,0,1,0,1,0,1,0,0,0,0,0,0,0,0,0,3,0,0,1,1,0,0,1,0,0,3,0,0,0,0,3,2,0,1,0,0,0,0,0,1,0,0,0,0,1
"OTU_105",2,0,1,0,3,2,2,0,5,1,5,1,0,1,11,7,8,7,5,7,2,4,2,3,4,3,4,3,7,0,1,1,0,1,5,7,3,12,11,12,9,11,10,5,14,9,6,15,6,4,10,8,10,9,11,5,6,6,5,5,4,5,6,2,4,7,1,6,8,4,3,1,3,3,0,2,3,3,2,0,3,0,0,1,5,2,1,1,0
"OTU_76",5,1,3,0,4,5,8,8,15,9,8,2,0,1,20,20,13,35,26,19,9,39,20,8,7,5,11,8,5,3,0,0,0,1,0,0,5,3,3,0,3,0,2,0,3,3,0,3,2,1,0,0,0,1,0,0,0,0,0,0,3,1,0,0,2,4,0,0,0,1,1,2,0,2,2,1,1,2,0,2,2,1,5,0,3,3,9,1,0
"OTU_97",10,1,9,10,9,9,8,7,8,1,0,11,9,5,5,8,3,5,8,9,4,1,7,7,11,1,6,4,3,3,2,2,3,4,4,5,4,6,5,5,11,7,7,9,5,2,7,3,4,3,3,1,2,3,5,3,1,5,4,7,7,4,7,5,4,3,0,4,6,2,1,2,5,3,0,1,6,4,4,3,0,0,1,2,1,4,1,0,0
"OTU_80",0,0,0,1,28,44,40,34,50,19,17,8,2,6,5,4,14,9,10,3,8,8,4,5,2,4,1,1,5,1,1,0,4,2,5,6,8,3,4,0,1,3,2,0,0,0,0,0,0,0,0,0,0,2,0,0,3,0,0,3,0,0,0,0,0,0,0,0,0,0,1,2,0,0,0,0,0,0,0,0,0,0,0,0,0,0,0,1,1
"OTU_90",19,28,23,6,9,10,9,4,6,7,8,2,14,20,2,2,2,0,1,0,4,4,4,7,8,8,2,0,0,10,3,17,20,1,1,2,0,2,2,1,3,2,0,2,0,0,3,1,4,0,1,2,2,0,0,1,5,1,0,0,3,1,6,7,5,2,0,1,3,5,4,5,5,7,4,8,3,1,3,1,5,3,0,1,0,0,0,2,1
"OTU_112",1,0,0,0,0,0,0,0,0,0,0,11,5,1,0,0,1,0,0,0,0,1,0,0,0,0,0,0,0,31,26,16,18,226,0,3,8,2,2,0,0,0,0,0,1,0,0,1,0,0,0,0,0,0,0,0,1,4,0,0,0,0,0,0,0,0,0,0,0,1,0,1,0,0,1,0,0,1,0,0,0,0,0,0,1,1,0,0,0
"OTU_82",0,0,0,0,0,0,0,0,0,0,0,2,1,0,0,0,0,0,0,0,0,0,0,0,0,0,0,0,0,3,1,1,2,6,0,0,1,0,3,0,0,0,2,0,0,1,0,1,0,0,1,1,1,1,0,1,1,0,0,0,4,0,1,2,3,3,1,2,1,1,1,0,8,8,6,10,11,14,14,29,54,31,66,47,8,2,1,0,0
"OTU_73",5,6,0,3,15,7,6,13,15,45,51,17,5,15,10,3,10,2,3,22,8,19,12,16,2,11,2,3,3,10,5,1,1,1,0,0,0,0,0,0,0,0,0,0,0,0,0,0,0,0,0,0,0,0,0,0,0,0,0,0,0,0,0,0,0,1,1,0,1,0,0,0,0,2,0,1,0,2,0,0,0,0,0,1,0,1,0,1,0
"OTU_86",1,3,3,1,0,0,0,0,0,0,8,4,24,12,0,1,0,0,0,0,0,0,0,0,0,0,0,0,0,33,17,37,49,7,0,0,2,0,0,0,1,0,0,0,1,0,2,0,0,0,0,0,0,0,0,0,0,0,0,1,1,2,2,0,9,1,2,2,5,5,2,5,3,7,10,23,3,9,12,4,3,4,4,4,8,3,6,1,3
