"ASVID","N01C","N02C","N03C","N04C","N05C","N06C","N07C","N08C","N09C","N10C","N11C","N12C","N13C","N14C","N15C","N16C","N17C","N18C","N19C","N20C","N21C","N22C","N23C","N24C","N25C","N26C","N27C","N28C","N29C","N30C","N31C","N32C","N33C","N34C","N35C","N36C","N37C","N38C","N39C","N40C","N41C","N42C","N43C","N44C","N45C","N46C","N47C","N48C","N49C","N50C","N51C","N52C"
"99fee0a19b008f861969600865c985de",-4.01351240159843,-4.01129335236094,-3.48637426287035,-3.3763503331071,-2.99886588679409,-2.8110050597125,-2.55338793835956,-2.40348431439506,-2.34226612506011,-3.56835173346572,-4.83092667281235,-3.94304672591008,-4.20518454364455,-3.88114169162668,-3.97410063588804,-4.08284277206785,-4.30280083578691,-4.0923319562782,-4.14478680011935,-4.00634849960446,-4.08079755701596,-3.87787911311355,-4.20328135254495,-4.1304094971429,-4.16587274102505,-3.91939905031908,-3.65016494193325,-3.41514646203969,-3.25326332953509,-3.50937161466004,-3.13393836041355,-3.4423782861255,-3.44905964375146,-3.46645758951593,-3.15088336272302,-2.65077907554836,-2.47919561199249,-2.60227864911326,-1.99361429745142,-1.59626794883257,-1.62968546424787,-1.27119653160002,-1.27575248672007,-0.846087043610726,-0.585450042475177,-0.925832490487041,-0.918153371882375,-1.59802601976275,-0.574434584353071,-2.34005602442354,-2.6675109474301,-3.29268090198071
"c834e02be94ea60ec2900976677cc474",-2.45433981355229,-2.10951502936377,-1.80870240026329,-1.49115189830885,-1.29301623602811,-1.52498218953571,-1.77339291615805,-1.72680678366129,-2.45410607336815,-3.36034367684715,-3.68034108144408,-3.71679662056297,-4.07606013671285,-3.93001960008605,-3.64334617565171,-3.61060359549564,-3.23473789313601,-3.1225663820608,-3.41965840218323,-3.54871670282817,-3.7149782070813,-3.67764997216239,-3.48900752630993,-3.23659033280052,-3.10819916091091,-2.55227783668464,-2.73073134837671,-2.50028487247542,-2.76209842162196,-2.83991677198724,-2.55089386333185,-2.49794760731047,-3.06980299952492,-3.14786983271248,-3.09646905696761,-2.35965278700336,-1.79608179766161,-1.8585347561832,-1.77272276959731,-1.65580921625331,-1.08717337931012,-1.51535147334949,-1.99873800730419,-2.52623742071201,-3.04881493246011,-3.42945048668018,-3.71925055199024,-3.64186237306647,-3.46311466931985,-2.49696257628546,-2.16493942824141,-2.41033208561387
"dfcfd742612d616e7c1097c359c7e63b",-2.13984076058762,-2.54055865744385,-2.42732539018984,-2.55736997489594,-2.53976876161783,-2.913592129703,-2.84934189748534,-3.13378293327219,-3.56437507757721,-2.59413550037936,-2.9951573956997,-2.65331157259824,-2.77407707330736,-2.90784878537721,-3.25326379489924,-2.98948275397487,-2.72455059003822,-3.37579868389016,-2.58863793198873,-2.73026419557309,-3.34251469746848,-2.42602014208178,-2.40195001732986,-2.24676523061948,-2.21299944696194,-2.5514760997578,-2.24404859054147,-2.22835922411772,-1.86384482066163,-1.70762743103101,-1.90086201834864,-1.89921622195649,-1.77074366376954,-1.89855738631204,-1.74861670177645,-2.1217338444128,-2.52706108954203,-1.89510403991651,-1.82162743316528,-2.20953303586785,-2.61534455991772,-3.39549006898286,-3.44192413355174,-4.33714760764682,-5.50700397689082,-6.90324512350425,-7.6031149144857,-7.54753823700305,-6.08136902187315,-7.57723976226439,-7.6155734567198,-7.62387001872761
"123e950130b49f3692b2898d9a43ef9c",-5.40030682194628,-5.16542716773173,-5.1583296705371,-5.30042625239539,-5.25589549554791,-5.13802038587208,-4.92299341535186,-4.42631879168579,-4.18209971016458,-3.82265693817385,-3.10223796657917,-3.14629100225132,-2.91606947274234,-2.6564091301102,-2.36312466512724,-2.20188129538841,-2.09962435819784,-1.97537632450794,-1.87020939716481,-1.87810391453212,-1.97283180662158,-1.89968511318208,-1.93219866199262,-2.02087355125501,-1.82767411225868,-1.77151649342037,-2.01678175204241,-1.93609307833305,-2.03009117443658,-1.92781505334848,-1.87343872100133,-2.09807369814596,-1.82299779394772,-1.70350845924712,-2.06860212106478,-2.76779724497729,-3.44808096756101,-4.11726397396407,-4.38500297022039,-4.48048840864055,-3.82608057562742,-3.33776182507936,-3.07471341000257,-2.84544775257512,-3.29317728996857,-3.54968621227342,-3.93108142686391,-4.15769416394724,-3.61994102365376,-3.38998612103594,-3.43687730397192,-3.36755428802725
"091126efa2a5f6896c1a128c49160228",-3.51151576568077,-3.3878103008797,-3.63060086852378,-3.9018882564568,-4.46206934234742,-4.32256881783075,-4.01215033965182,-3.7070115259941,-3.50585413214742,-3.18488562463965,-3.06420417602682,-2.89938833010894,-2.42696726047003,-2.9851109559688,-3.0773664743113,-3.59676206866239,-3.62139214512734,-4.06054910571388,-3.92906792318336,-3.65508239018716,-4.09016919081162,-3.71475154393953,-3.64751031602622,-3.39000560070403,-2.80931992711944,-2.6501148423431,-2.71962228257553,-2.54202116391515,-2.5602817026909,-2.47889507099001,-2.65872798052225,-2.68970588495325,-2.39980377744727,-2.42479728651633,-2.3020674202092,-2.3764071466326,-2.71049542003898,-2.81168771425604,-3.2053707020557,-3.56683979907823,-4.01117283889616,-4.22742412678986,-4.33227738083171,-4.63055262603003,-5.14386609509956,-4.88928246145395,-5.55337852083055,-5.79107693123314,-4.62561548682824,-7.50351011353343,-5.67879628663847,-4.70786794176827
"b7cc218ca1bf93e7cf985ec718297e8f",-4.72884227980011,-4.71017349499808,-4.50973754970669,-4.61925137009724,-4.09131915696208,-3.94805010309262,-3.33645313576488,-2.42967195186549,-1.99890003941619,-1.68913778485678,-2.00489787834358,-2.35253312859099,-2.5350109433615,-2.85150692176708,-2.97519191422178,-2.74353137652637,-2.72549063849237,-2.69703461823606,-2.83700492669932,-2.86265856532369,-3.16401463769675,-4.64322974781244,-5.70909000220694,-5.98066172532808,-6.2088694415613,-5.18070258596674,-4.56397031351792,-4.75735464836181,-5.31790449982334,-5.52792645762689,-5.51028761726412,-5.03600310083059,-5.94115116460678,-6.68396151632634,-6.63830597479142,-5.58447229948966,-4.97372302554441,-6.05338484777737,-5.82799640064288,-5.24523835740025,-6.1608032540756,-7.02992633400312,-6.72438702074114,-6.43530159197104,-5.82361835995815,-4.95128961598731,-5.45030543086153,-5.64750602471291,-5.2546746458168,-5.81468317068964,-6.70762610353822,-7.19543735143392
"2f23ae1dded4bbb8bd07cfc7f6427336",-4.24191147951993,-4.32237291858829,-4.9797569224188,-4.75320079383279,-3.80929199430934,-3.86925066897993,-4.00390600929535,-4.15602947160682,-3.70664334472027,-3.60934533801601,-4.17216538340866,-4.21364097781925,-4.0892663303243,-3.50420695788853,-3.1764894335353,-3.00412032144465,-3.37784570076125,-3.36121743790902,-3.9262076404201,-3.88596490402009,-3.53994039539173,-4.05488373449871,-4.37699061067917,-3.95936581350019,-4.14387141642003,-4.42517319801657,-3.9146425223157,-3.92998231423004,-3.65321927371505,-3.2363738878314,-3.62874149270527,-3.35052127599964,-3.56160670077959,-3.41173116870941,-3.3908173169671,-3.25291139715367,-4.03146571805284,-3.97043816583757,-3.77849161280362,-3.28748014351202,-3.59920153147734,-3.72488353700397,-3.70951450039193,-3.70253336755338,-3.27813209484174,-3.7578397252325,-4.43340603646519,-4.04788955341295,-3.518530142029,-3.926336037939,-4.21272104673674,-3.32052171344392
"c810fd2451d1d96abe0584945a56bf8f",-3.98097394731489,-4.00139181653886,-3.79514864770798,-3.85738376873639,-4.23056796731497,-4.49580164893273,-4.41543411270237,-4.23959198187393,-4.40174031114498,-4.18691026162526,-3.96472706891871,-4.06298178336541,-4.46139785425017,-4.34824480763169,-4.2895142614939,-3.98158024873228,-3.92713299154613,-3.52057892392869,-3.41086798440922,-3.62847933957417,-4.04413746547412,-3.80336280276311,-3.67120073794514,-3.91087480551524,-3.70634236510323,-3.83293584783937,-3.80622559390842,-4.06516371168136,-4.1307364191749,-4.22298748250215,-4.09931187944579,-3.82226582462233,-3.55207439047348,-3.54960710564272,-3.51938437612024,-3.67252088922031,-4.0111064355991,-3.96518601610195,-3.8737172224358,-4.12745059058132,-4.15688253708911,-4.26419116475694,-3.97104446520798,-4.20220992534897,-4.19250670770574,-3.54763483941802,-3.60600153444141,-3.05283657337569,-3.94800642213164,-2.72856313283185,-2.78562671657791,-2.77924387790943
"feb89dc9caf19ef8293e6bb151ee1866",-4.27970883640158,-4.1494520905749,-3.83729945923221,-3.70087811957302,-4.08183109381542,-4.20439406736606,-4.22593008293214,-4.13464260998241,-4.37753823038415,-4.15955768964872,-3.97293298370429,-3.81735241952869,-4.5304792933865,-4.00793505103457,-4.06684159402281,-4.10178805493476,-3.85520330847031,-3.67739729521992,-3.34632186022663,-3.20828256129682,-3.53994039539173,-3.09822701166425,-2.89595476574133,-3.1420619231656,-2.88017655621114,-3.36540610065577,-3.39382377206922,-3.3401158125374,-3.51461441009391,-3.71149181194416,-3.87700521232549,-4.09131884130556,-4.30536863641871,-4.61099077688655,-4.61755309339776,-5.02016994144974,-4.89908280819051,-5.45464865267805,-5.57224908469435,-5.8594498608455,-5.98519493409439,-5.68138744890108,-5.33448238030064,-5.29482069427104,-5.41667371453201,-4.51588819186025,-4.03564813529756,-3.50104271663187,-5.00186680427631,-2.41740276726464,-2.56347213109524,-3.07106352682858
"767f3283ab767c0a7adbf5a18db0742a",-3.77790233759506,-4.07630080387532,-4.25527492903474,-4.13687737316278,-4.8850824252851,-4.31500672268492,-3.75012048475221,-3.8280187165504,-3.72559343723557,-3.16630579874003,-3.35429334324344,-2.93387969854072,-2.84749889149206,-2.68768340727287,-2.84712699607537,-3.07190361910873,-3.35263191134829,-3.95924674907843,-3.73136672795325,-3.7169683653944,-4.05318148771528,-3.61571246169403,-3.62205175206796,-3.78996506868968,-3.83280890173591,-3.87527119968517,-3.66982815740146,-3.63078063461685,-3.78041284298152,-3.5208133457618,-3.65472281991768,-3.5836721129988,-3.61865551020757,-3.66212758698503,-3.90093271107925,-4.02827400391715,-3.67026760691934,-3.763405512456,-3.72566918510625,-3.91930238243105,-4.58682516253776,-4.69313410062265,-4.89482236619197,-5.18700698208398,-5.48365162198393,-5.98544647478242,-8.77461091028174,-8.71905389876169,-5.49695530077414,-6.47289814043952,-5.17171174227647,-4.47234650747662
"1c7d2ad94334dd47c5d0181ab8aea2b9",-3.8264651170665,-4.10857967804397,-4.3217727068538,-4.17685474535124,-2.50099128495405,-3.2571803675497,-3.85379400370047,-4.47567824283867,-3.44385995257535,-3.62943990057761,-4.05877309643723,-3.07083520987508,-3.60413822565885,-4.4780542604016,-3.82256973242055,-4.55977081828932,-3.95323685399931,-4.14871198568964,-3.79740163310934,-3.97773811942734,-3.78981640712578,-3.99144269778046,-4.08630060022707,-4.24697317174029,-4.76866215186616,-4.20272969618708,-4.00483345564041,-4.6108298157024,-5.05662358133165,-4.58940831997903,-5.00424677166959,-4.6067769346768,-4.67897084835717,-4.81460529769571,-4.80692533720375,-4.51850273019477,-4.78571711942368,-4.40198425267093,-3.85489682313967,-4.20117989341911,-2.80936468772296,-3.09694534144009,-3.60242128376109,-4.61103810350031,-4.05884799824568,-2.95369093826455,-3.18071912062003,-3.65131939834262,-3.70013455844785,-4.74171455097289,-4.32073863880376,-3.58151816826193
"08bd45c0807b6fb44faaa54fb53e4213",-3.71646864899142,-3.84042935224114,-3.39239883321422,-3.10462126119661,-3.37006340852664,-2.91862385313702,-2.94049140584331,-2.81611469889908,-3.06731235514906,-2.86047432390188,-2.84167945102828,-2.84486351331184,-2.64269737407934,-3.15804828391435,-3.45822688069732,-3.74637581477656,-3.65839798012139,-4.23394781222209,-3.9262076404201,-3.91743912115727,-4.35732649193468,-4.38335907990766,-4.90387397274623,-5.19306471993729,-5.12503034683979,-5.8023341483847,-5.73947131706471,-6.00998758369854,-8.79865596908919,-6.36850874699424,-8.83433480150228,-6.57641982646608,-8.81866893805665,-8.8321102113815,-8.81044229634566,-8.8453726026403,-8.22243906654793,-8.85278732839173,-8.85773300517452,-8.88755584767352,-8.88361446040242,-8.86553305321552,-8.86957239937667,-6.78407991762092,-8.85537803928356,-5.13478952490818,-5.33471218426275,-4.38107831786502,-5.53685532706313,-3.65198718271902,-2.22181013530891,-2.32242063722434
"37f0f50bbe241beb5ca3703a962a8e8d",-4.22149775558412,-3.81815652692072,-3.91253279047983,-4.08135917620299,-4.51826269970553,-4.70449613678735,-4.70613395332414,-4.46728458136331,-4.56513776908485,-4.70839699834776,-4.18556908907065,-4.45967859031215,-4.62117403517719,-4.81564559890672,-4.71708810219208,-4.93457670277263,-4.85093700919173,-4.52770950785906,-4.82504308843418,-4.59188434927644,-4.84926910247829,-4.69683737451392,-4.60974792741729,-4.8146204101703,-4.82354715039997,-4.34981505532507,-4.46904783865925,-4.50710010359294,-4.88447800635038,-4.84451062380302,-4.69567362711638,-4.59166353893215,-4.18025085404803,-3.545932856084,-3.19424562732864,-2.60970468646595,-2.46203879135055,-2.6768881316626,-2.64373356056209,-2.80055889593616,-2.78373689635681,-3.09469751724861,-3.45583600430982,-3.70053007133391,-4.20885143383812,-4.7556165342516,-5.15507665298616,-4.86247174464004,-4.76115846211489,-4.05613735902652,-3.99370654424835,-4.14878402762114
"1aad9c2d080f1285de75d84d1b96f65b",-5.30220514815892,-5.69227979009997,-5.51812201659673,-5.45715094203478,-5.72984207093957,-5.87714589826452,-5.70344425321457,-5.54489502508489,-5.89926114341593,-5.17604700516093,-5.29761712143364,-4.70201259767805,-4.69641366640986,-4.84573682748522,-4.56907186581561,-4.63195120866573,-4.25451253918082,-4.87714330956222,-4.0569226548756,-4.12941370638002,-4.75497470021146,-3.94040937641572,-3.70776773863414,-3.84082288927232,-3.58071436917941,-4.15566580545298,-3.69889549734405,-3.84353761936188,-3.52807290109446,-3.17771954988353,-3.47469810546025,-3.29722865467715,-3.36304931370539,-3.33832899083337,-3.66356164612965,-3.83766686352504,-3.93344331978511,-3.57066472564127,-3.26648709117047,-3.70342199542286,-3.90174411381747,-3.63381967693091,-2.99971266811077,-3.09345785393618,-3.7653929939536,-3.98938160442838,-4.50801620215819,-4.09404689887714,-3.68005833459953,-3.64975438856019,-3.78216392227892,-4.28848610582541
"4da62986df30d31d35fe1a57ca42739d",-4.3784154711014,-3.84607259237991,-3.72041906366958,-3.91044873320377,-4.02367944954279,-4.33018701431481,-4.23959375563963,-3.88585611314814,-3.99561864551495,-4.53394267669972,-4.57945008492787,-4.54460999508563,-4.7583257958522,-5.04783592457102,-4.87645137290046,-4.82554066512007,-4.37093271539005,-3.80150468714675,-3.76999407229318,-3.51733005740134,-3.6826489043633,-3.40767210184497,-3.51969700638539,-3.78501274697815,-3.73044402999525,-3.74590512151073,-3.76437628615295,-3.73996057002992,-3.51270562790622,-3.80764722643286,-3.36606170631464,-3.55754738212121,-3.35198159501343,-3.25137156311381,-3.37926550499559,-3.37329458773579,-3.52763059645522,-3.77862620148247,-4.17448341911931,-4.27401067266867,-4.31967003176182,-4.50037448254522,-4.98644482298544,-5.2760338867026,-5.27577547687735,-5.07888314337833,-5.04269051724302,-4.71920817502503,-5.59263806873979,-3.80317718633779,-3.61023939804318,-3.83792232453475
"f3adc35cb1fc524f48eba2a0ea2c2b07",-4.1664019157737,-4.23640150074977,-3.86729773908754,-3.46261169905998,-4.03565347426298,-3.93492998130189,-3.99301452633846,-4.08447543675913,-4.48681132668235,-4.55853287517976,-4.54535980604647,-4.26785838134198,-4.18311663439494,-4.15242141195974,-4.43533669932218,-4.33700652880841,-4.39769564279086,-4.77163164405557,-4.45533408433863,-4.33481740520774,-4.33320705830721,-4.27256298046211,-4.47108186174917,-4.35248049058007,-4.5528068005407,-5.31493673830341,-4.69210312852927,-4.81573160191688,-4.44205471101315,-4.49700098316464,-4.06277295132592,-3.73584034948059,-4.25945238855514,-4.03434235203134,-4.16983024632494,-4.13541343984446,-4.32699235436112,-4.07273172605746,-4.6057920021897,-4.48854647805155,-4.06647759043933,-3.96499489019425,-4.15397366379703,-3.72277934244825,-3.57878895279982,-4.05715893534523,-3.53927020238093,-2.8052253572024,-2.89003601842684,-4.3514223727098,-4.76643833358421,-4.95557551691323
"04b4ed8ceabf387ba2caa3e54509965d",-3.83757029121794,-3.83481645470495,-3.92708146930235,-4.12623792599805,-4.28277946982135,-4.37312889925402,-4.24649421646647,-4.48414134217254,-4.2432103656983,-4.52426996790043,-5.95394239059028,-5.17299395434134,-3.3508798194996,-2.94955152849063,-2.8030031644433,-2.73547633776265,-3.35595967620014,-3.48746644063211,-4.00943101088865,-4.33083653413607,-4.38202663467388,-4.39239866765624,-4.70299918503702,-4.5654868658487,-4.6083290333801,-4.64498828694527,-4.59048846698402,-4.53712804690572,-4.51449775005656,-4.23053100915802,-4.35474611752174,-4.75394097159654,-4.70756077854569,-5.01466755762419,-4.74387755404985,-4.63409134259184,-4.2999670919235,-4.56657439381009,-4.72891738260694,-4.90787521031989,-5.07960240035596,-5.07115455478734,-5.31534144245949,-5.22168258797196,-5.12750991248762,-5.28978103552575,-4.90516970330962,-9.12708421052447,-5.26498444094497,-4.9319250316565,-3.91920343068036,-3.86987576477887
"ff289c73ac6541ac56707936f501a2cd",-3.99062878377715,-3.81815652692072,-3.33404613132185,-4.18429279888504,-9.21100878582723,-9.23318177330657,-7.74322151618544,-9.25451332824669,-6.46005115723117,-5.09694147384663,-2.89854712450949,-3.81478131321293,-4.54591001749708,-3.16715153579984,-2.98873487579651,-3.12500460925813,-3.67852871271069,-3.6307580098641,-4.14478680011935,-3.79450035253589,-3.46998821253826,-4.1120441393215,-3.8313699111423,-3.76059659881792,-3.86280998764108,-3.20046563427532,-3.74051831090774,-4.05876611079448,-4.78841123334092,-4.77772195118624,-5.08230558168793,-5.04377514317479,-4.18372185967455,-3.84262188735459,-3.655013672295,-3.521071355058,-4.31339084228374,-4.52513119854573,-6.12724883484008,-6.68773185500417,-9.27553592072312,-9.25745533364169,-9.26149449530469,-9.25201303774716,-9.24730078684766,-9.1718138430991,-9.20282957836739,-9.14727564307253,-9.19563004935012,-6.62726947340095,-5.72475884095575,-4.17190443312071
"7311eb1c24e6b824f722d125c3af3477",-4.65215849550396,-4.25722995291885,-3.96893521464419,-4.01908207772155,-4.07555373058033,-4.53240126727422,-4.1412770801788,-3.8576937190836,-4.02069106451912,-4.42787493715669,-4.46258986523279,-4.68992703932111,-4.92438346575425,-5.06664699900467,-4.84921380141004,-4.8992284390508,-4.4873749551354,-3.85918678822646,-3.76999407229318,-3.67601353686027,-3.73486456735576,-3.73862379005054,-3.8230288806484,-4.17979283603537,-4.33901519600703,-4.29976845591401,-4.36480471703327,-4.32257002964717,-4.17291840147606,-4.2267523374557,-3.95490002978454,-3.88328898611234,-3.82822122841569,-3.74960637248818,-3.72770390922308,-3.75184430654009,-3.74563490297457,-4.00252162823525,-4.10693552759061,-4.42199433180174,-4.69569847370114,-4.7908289177435,-5.56100595283828,-5.59008916592013,-5.8733583660254,-5.84047393311169,-5.88825057294084,-5.30962227224245,-9.20109898600603,-4.43831333744722,-4.23055410299289,-4.34618691825426
"5e881daab846993e2a1262bd76e598f2",-7.45835915275654,-9.19917453745527,-6.96463587645692,-6.80837683500186,-7.47775848880832,-9.27888829324777,-9.2874732742325,-8.17559450363649,-7.98109859852216,-6.99087018569264,-6.40962648601055,-5.86897091476088,-5.45575378167056,-4.81564559890672,-4.32507828280299,-3.54127433427775,-3.2214185582625,-2.63192796890664,-2.51829366582074,-2.71967919137807,-2.92550896189575,-2.75342175746023,-2.87971294882028,-3.18477880525562,-3.47416502724071,-3.68563242999037,-3.82651425832305,-4.0524078067459,-4.29869937208413,-4.5118334271652,-4.570598841923,-4.76573721176062,-5.12474007567815,-5.38867022416493,-5.45979563128524,-5.68012385112437,-6.15715552367411,-6.6140072265707,-6.49081837067309,-6.7619288307626,-7.23975323520843,-9.3031617488696,-9.30720089335347,-8.57678198282789,-8.56722068501589,-8.00252686826431,-9.24853623287177,-7.34683098735282,-7.89857022290078,-4.94754017519674,-4.04051968631148,-3.70831359893957
"bfcc7e237fe6a77b523dd9d3b03098b2",-5.27909979534589,-5.16542716773173,-5.14861192021948,-4.7998030342615,-4.28277946982135,-2.60076896076722,-2.79747553836629,-4.25987802313664,-4.03774937002475,-5.0314666751481,-4.84368543098504,-4.91041927314703,-4.79075438841686,-5.27692743363695,-5.16145575958548,-5.01697176533991,-4.44391488877669,-3.95358489236547,-4.21031525699194,-3.96930656406231,-2.98047450775804,-4.41072058638086,-4.9279547016598,-4.69432915662742,-4.02734015828238,-4.64498828694527,-4.64003030974408,-4.80246620968823,-5.13644582593778,-4.85841176845958,-4.75268761871395,-4.62728286302343,-4.30146295798622,-4.81460529769571,-4.81345057903004,-4.60394394426485,-4.57346598056578,-5.17120599935341,-4.8752927384963,-4.00923570437854,-5.40339784299854,-4.94427054501557,-4.67106040511049,-4.25203642390942,-3.40483965570891,-7.71473325091559,-7.91503518021514,-6.79981834779913,-4.94742588094899,-7.50351011353343,-4.93094713349256,-2.95262081899716
"7af6ae689696e9ea838fbb88ee9afb78",-4.7091232600516,-4.70364251634558,-4.88599547097666,-4.59111584078121,-4.61938447213422,-4.76703192283789,-4.71704206532677,-5.02662193202575,-4.67633353977939,-4.66328442703265,-4.88295242300053,-4.5817428154221,-4.1026433650368,-4.45698108204514,-4.53890468428157,-4.45574167249616,-4.11501900510175,-4.41132157770917,-4.68437503706823,-4.63910897101316,-4.1482569727482,-4.44359420799819,-4.75645963353432,-4.31884773305235,-4.61405108832068,-4.6113260630258,-4.48346199285545,-4.6611852697075,-4.61984224279912,-4.56288987475472,-4.85760942945581,-4.4258525163655,-4.67897084835717,-4.48570973528879,-4.52470055792872,-4.62900448205222,-4.66450651993838,-4.74594610686687,-4.74540979734773,-4.84858684214186,-4.60494391604709,-4.1484432989113,-3.98125766128492,-3.81235913547414,-3.92035009695746,-3.6876801050453,-3.84366958829529,-3.48265966460769,-3.77721795166915,-4.18948699900834,-4.04051968631148,-4.23740641874801
"8794266a9850580f5e066fcd3caea9c9",-9.34394627426978,-6.57664364860302,-7.6010691123214,-5.56729294985508,-5.45310467672965,-6.42486902390539,-6.72079899842964,-7.0223050230047,-7.09330690759048,-7.68447738312799,-5.97341039034592,-9.37370146093865,-9.37659588560292,-6.96283514524909,-9.39497118914637,-9.40244309679674,-9.37301882195253,-9.39197237132654,-9.37386397449234,-9.40322688638437,-6.07855925395892,-7.17204077362752,-5.33178709809519,-5.82304589548302,-6.29604843036237,-5.70022777710154,-5.42591656429992,-6.2281911059557,-4.52455648199385,-5.51444973015974,-6.81663630379628,-6.77337880888332,-4.85052872326419,-7.5056422784878,-6.91305698951869,-6.43391399230973,-5.02672143184788,-5.06606759366901,-4.12795253847042,-2.96131661909317,-4.30934695595261,-2.6409536323942,-2.10911419257524,-2.76237616430389,-5.58049380444099,-3.04879432296875,-2.26964306853701,-5.13432676643881,-6.20524864559779,-6.66988424349666,-7.24713145834254,-6.60705050645977
"ca3cc27f240057f680ed6515dae7fdc1",-4.6897788898394,-5.43424588377228,-7.02531606772128,-6.36951425317505,-5.26589747529193,-4.38515917334664,-3.82574191783788,-4.0366295547209,-4.89602157295795,-6.35406308832142,-5.20180646616719,-4.642969434794,-5.44312092641099,-3.93001960008605,-4.46716697011902,-5.19573077777294,-4.63577062643681,-4.01763127800231,-4.53985187371294,-4.44414652604629,-3.94953630644758,-5.49025916671898,-4.50268618762088,-3.94486750144215,-4.67311029467936,-4.25984809384963,-3.47870941735738,-5.14391436131142,-4.53983269940051,-5.3539025738503,-3.75886164683268,-3.25613807736354,-4.64568943198193,-4.46328318024681,-4.34847832755308,-3.7475164976363,-3.12907982575149,-3.06123957660768,-4.80239944853683,-4.42579166264064,-5.37370399382799,-5.58949332825407,-6.45575334837516,-5.74054919884792,-4.47431152945096,-4.85236743728612,-7.29568288476816,-5.77196999048478,-6.20524864559779,-4.53851832220311,-4.06781239363022,-5.04579126698988
"c6aaf054cb3a6fecf4cad5e1602ceece",-5.1014911235512,-6.3871114995355,-7.08991015521899,-7.16538306931963,-7.57312007852963,-6.23215327763794,-5.38241661266076,-5.19995981317111,-4.97168310280737,-5.73580395322318,-5.91610222733555,-5.77689161899123,-5.52140686234722,-4.92511312065809,-5.51984923018072,-5.89164421182577,-6.41874550516363,-6.30429209126644,-7.62575766054026,-6.93976381195782,-6.70823669735966,-6.04830637337167,-5.43360554844755,-4.76222802832548,-5.32362655380551,-5.87665784699811,-6.27980711566989,-5.05560330385381,-4.71272708301419,-4.90129478071443,-4.77043386591975,-5.2318579986497,-5.4769799741698,-5.89400205273551,-6.33034983636104,-6.67266565664953,-5.69638677269507,-4.76861198496534,-4.07474871241284,-3.83868072512737,-4.06918628567154,-3.40592050962887,-3.14701530376829,-2.81236278632655,-2.70268635867017,-3.32805512662839,-3.72604065409947,-5.14443601071917,-2.68105551977465,-6.54711644524631,-5.8063594588654,-6.09532393663954
"a2f21cd05cbf503426f5e24ab1aa0d65",-4.7091232600516,-4.40157123074685,-4.61276836521916,-4.34997066949562,-4.29819723267022,-4.43898661612901,-4.26395058734377,-4.24630965653546,-4.5368025304678,-4.20791172912827,-4.50774361295156,-4.37241537676377,-3.77367014177755,-4.55543070772623,-4.72300550785923,-4.35314982873564,-4.23119273360313,-4.35982961417921,-4.67842064772768,-4.52731159932131,-4.55897224733238,-4.11550699088476,-4.11524377782393,-4.33133124762851,-4.24679984746411,-4.25984809384963,-4.31025773616759,-4.03980714495693,-4.15866528960949,-4.3132686979936,-4.09313170579689,-4.020106570782,-4.08751966402264,-4.04315296619729,-4.24960986226507,-4.22717892143473,-4.12838807912888,-4.81551793335625,-5.49964323845573,-5.79864692233815,-5.98519493409439,-6.60660358679002,-6.6866004895102,-7.01793050110591,-9.57842098548298,-7.84832041754387,-7.37577778042282,-9.47839869918169,-7.27921272898978,-9.50808703522561,-9.5464042759514,-9.55469735911328
"ebffaf5c074232770582956617687f96",-9.50151102036323,-9.49894567210157,-7.6010691123214,-6.01859321449624,-5.54157309476622,-5.19899020087685,-4.9853053626221,-4.8849303377212,-4.95048220460949,-5.0394232645722,-4.55016072200474,-4.62590347877722,-4.4855376149081,-4.34824480763169,-4.35361666207071,-4.28622761360162,-4.42054460710956,-4.11188136750641,-4.33822401201549,-4.61784987456207,-4.66868359171042,-4.92180408038964,-5.15457529172156,-5.0310319220039,-5.33524340960251,-5.70022777710154,-5.98436493632254,-5.88706510792971,-5.68713676381334,-5.43716638562589,-4.96736225665621,-4.93302404161854,-4.98599066015287,-5.03003562831651,-4.55981351456985,-4.05693934291923,-3.67756569421366,-3.89921848476578,-3.73810595019343,-3.91003007062593,-3.99842889234632,-4.10380303241326,-4.3764815492883,-4.01040685972995,-3.68275609338579,-5.02590276622704,-5.71488463809745,-5.28597405852841,-4.50599331686568,-4.11367702797555,-4.54849709125498,-4.49040623694846
"116f776446f19d78cb2a89c251128371",-9.59018020322618,-9.5876148712529,-9.6082822376385,-9.61137461910677,-6.04521135091734,-6.02877016232516,-5.39304710713707,-5.23493451954468,-5.46879581394106,-4.63071415887136,-4.96636010193987,-4.73286938700684,-4.85186749025604,-4.70346633397098,-4.4398237334001,-4.40744242514587,-4.09799238586585,-4.71676417430058,-4.14478680011935,-3.93624846169433,-4.30964131583161,-3.64401705005668,-3.58829677840982,-3.78254534744201,-3.7958313424602,-4.24430396138526,-3.71719108693983,-4.00289930752412,-3.7633419733375,-3.93040850707157,-4.35078184163577,-4.11934011331827,-4.26320138943905,-4.01120718334898,-4.40391731051003,-4.78793282196291,-4.74368912012365,-4.66517923376231,-5.03158224993957,-5.74131016000477,-5.79049969073769,-6.06089732182332,-5.95574484112796,-9.68615675567252,-9.68144466431607,-6.03102062441398,-6.17034268212418,-7.25976100573926,-9.62977572645612,-9.61111120768649,-9.64942817518872,-9.65772120058179
"9b13767ad70a5aba75dfb8ab53b41a60",-4.44154406253088,-4.18022816676324,-4.11971445218343,-3.67768730106452,-4.56253269702515,-4.36123811298319,-4.15385684366996,-4.47147280448444,-4.24671412145183,-4.08787372302635,-4.2517321455432,-4.18389483142576,-3.47460106080088,-3.73127596600665,-3.92929238247789,-3.9563518871035,-4.16785076039583,-4.27550363539769,-4.54504801524156,-4.57157738746672,-4.77314692180083,-4.42468028402311,-4.63989362204648,-4.67657100874518,-4.80954560921001,-5.07956632792251,-5.23660313617223,-5.83081552599532,-5.49883852929963,-5.64276636207584,-5.81144034936271,-5.61592391449976,-5.74527521192018,-5.37769095408955,-5.6653775902403,-5.43905587150081,-5.64491672178916,-6.05338484777737,-6.04367741855492,-6.35588505757408,-6.22689592921588,-6.33589376462978,-5.83763788885414,-5.99047349013548,-5.9256871636592,-5.69692568719299,-6.12144798651682,-5.61459865163705,-5.59263806873979,-4.828869138594,-5.20861758719734,-5.36698043455185
"48cfa59632961313466dfcfd6a0e4bd0",-4.34141481985805,-4.34046534667326,-4.80704812255345,-4.79301338318084,-4.27136602866672,-3.78916614405054,-4.17948606997966,-4.67515072523898,-4.44765238102357,-4.67437666265247,-5.38139893047809,-5.542461084902,-6.06594620358584,-5.86232824381768,-5.48147190964588,-4.73296145134837,-5.01919360834798,-4.91971832768056,-5.25390821670563,-5.19752459215856,-4.07151007073983,-4.44359420799819,-4.10793164715146,-3.67935713622531,-4.19978054673019,-4.28361382058683,-4.57449505407609,-3.92716942507001,-4.24345006900753,-4.36372182126444,-4.1371898250097,-4.61186489802823,-4.38677475869693,-4.67444409906024,-4.7623849497806,-4.8427677787445,-4.82955740806756,-3.89676292971971,-4.52677803280387,-4.93259541034909,-6.61051657594484,-7.40969538939092,-7.14968594790407,-8.17122265509371,-6.95702152028506,-7.71473325091559,-9.16805897971958,-9.63422621413133,-5.87174567666778,-9.6639142273618,-9.70223106536729,-8.51774304022167
"0e274ec0a51227998286650629922662",-4.67079507333788,-4.79912593006339,-5.01304136078033,-4.69625860638343,-5.21684903998802,-5.1296028131603,-5.26288386536896,-5.53287175638357,-6.18762834851661,-5.28197239104201,-5.54717864586786,-5.36401800286578,-6.0203758906024,-5.78204845695859,-5.83939503348455,-5.43638990314088,-5.3168664852189,-5.98775977624476,-4.9644822746021,-5.30550794709339,-5.3831179682405,-4.81334512160838,-4.9279547016598,-5.03938470738224,-4.84491797789753,-5.45699665557079,-4.90969860956328,-5.11660276837457,-4.73112695114745,-4.36372182126444,-4.24557347280545,-4.1579249632188,-4.20125439970887,-4.19540290750903,-4.23836002015532,-4.39027624304754,-4.87537483274276,-4.19931665293816,-4.19693767387263,-4.42199433180174,-5.15527661725551,-4.71934437841484,-4.11529220273595,-4.27963106786689,-4.78056303270753,-5.21448742763062,-6.03026711264907,-5.30962227224245,-4.62011234170462,-4.29594626976156,-4.41099903826071,-4.771844161789
"c3d286727d3bc9f75ccf3964283e6fe8",-5.95226161157446,-6.14302500261189,-5.78840210480943,-5.83199313347484,-5.88445658461956,-6.83087423464618,-6.35562529128805,-6.07351465775158,-6.11848870240183,-6.02961062412683,-5.91610222733555,-5.77689161899123,-6.11368217983223,-5.90500637675513,-6.01506678860458,-5.87324391572055,-6.13051971803991,-6.30429209126644,-5.97077322716911,-6.21962115306612,-5.95309053422637,-6.22637196534243,-6.01534382089793,-6.14230618666679,-6.70212787486694,-6.65135651879187,-6.84022562218854,-7.53796265976821,-7.19384680146541,-8.2262524820362,-7.82893404492907,-7.51157435141531,-8.48910231124971,-9.7432264346115,-7.91221386172928,-7.85219605427264,-9.13362857560786,-8.33787511964206,-8.34839576984214,-8.4115215162422,-8.22103081819852,-7.57684260126592,-7.68063742756094,-7.07204486216925,-6.26292195870074,-3.87696504455811,-3.28047838561263,-2.83389566272549,-4.96268447223698,-2.11685434863789,-2.5362345936099,-2.76660591154169
"a8809cc11488285159b609a0b669f59d",-4.63992077472014,-4.33591225958299,-4.06140354399881,-4.04159288749978,-4.18434803377141,-4.50482943684121,-4.85169053230432,-4.91691524720966,-5.23993271098484,-6.26935218871572,-8.29809146092836,-6.45416788707106,-6.65011732787873,-5.99621514986658,-6.33952899750465,-5.75308454055168,-6.13051971803991,-5.12816920006624,-5.21286840471555,-4.846910973534,-4.77314692180083,-5.37643514581199,-5.70909000220694,-5.84144882506594,-5.60105597290674,-4.95615203187699,-4.37346000272006,-4.36032663889175,-4.07052749806969,-4.28494323009205,-4.01312235435635,-4.16449837571664,-4.06248473572759,-4.97723701369441,-5.68069754341232,-5.69456134646917,-5.05429769528387,-4.86469388139505,-4.49160899502126,-4.58609064521945,-5.19534784745031,-5.62785466578549,-5.95574484112796,-5.51660207395167,-4.9700527345107,-4.17727834642538,-3.95342544087825,-6.18797073889389,-4.50599331686568,-5.99750184147102,-5.20861758719734,-4.82735730522416
"a8985695e90a39ad84c796e38206f195",-5.41326811222691,-5.29674636573035,-4.46433693826291,-5.31165498997554,-9.79142638661189,-9.81359840922207,-9.82218305965836,-9.83492905588254,-9.81582499556439,-5.34480072461955,-2.70921910830719,-3.86474884194454,-9.76910186911596,-4.73037307378024,-4.14145140142803,-3.94807677670341,-4.39769564279086,-4.7227165072393,-5.10790914659834,-4.63910897101316,-4.24202272754374,-5.00942243767105,-4.52431183044894,-4.45109702253621,-4.17331203140037,-3.87527119968517,-4.16209004357524,-4.11782097488148,-5.06518822734888,-5.02538930440656,-5.33963923610994,-5.16813874309621,-4.36166773023528,-4.1584771568268,-3.74611030171246,-3.99215644934386,-4.66450651993838,-4.93645160061077,-9.83007157675728,-9.85989182019921,-9.85595077199118,-9.83787093752282,-9.84190992987147,-9.83242887084366,-9.82771681942205,-9.75223320269179,-9.78324754051063,-9.72769613938404,-9.77604833202451,-9.75738398178457,-9.79570060667401,-9.80399355962699
"59364744507fc064189cc76039389725",-5.3748732330194,-5.09602631139284,-5.56084884111541,-5.49705745265393,-5.52844942825135,-5.2262890934114,-5.21697172709408,-5.21729591919548,-5.27786933871804,-5.08852183275333,-5.4034778622032,-5.23274429684415,-4.73310725582482,-5.37504096259223,-5.54627059677082,-5.43638990314088,-5.035969908662,-5.78084813471799,-5.46252717339894,-5.49906192291877,-5.69449707420296,-5.24224292382259,-5.01262162412949,-5.35126554086613,-5.52775095320252,-6.09077105992985,-5.40171166475232,-5.5467280396305,-5.37468607035767,-5.23552815622458,-5.54817774676024,-5.30996642376524,-5.5409538997,-5.41099375247668,-5.65028722908012,-5.69456134646917,-6.15715552367411,-5.42135228736374,-5.49964323845573,-5.35301993708322,-5.24562858700301,-5.00572816893215,-4.4751921915293,-4.37097522615902,-4.54956137303532,-3.97080326267266,-3.63683705594049,-3.3248297563256,-3.84480071743145,-3.61898201449656,-4.00232452580594,-4.56112238221895
"4be33645dd9f084ae764b704fa796e19",-3.6894702960809,-4.69715315845015,-6.9074218900809,-5.83199313347484,-5.88445658461956,-6.11412455984387,-6.76166921477028,-6.670531584571,-5.6333208146555,-4.2736152078407,-9.84202126729482,-5.4241883199473,-6.56996679186781,-9.42541303603894,-6.22809567807384,-5.16817789823631,-5.30576211299762,-5.27137605405674,-6.01436694032529,-5.16095210341279,-4.07151007073983,-5.83866515513777,-4.96940471938646,-6.09340851873462,-5.35888596438619,-3.91939905031908,-4.8116457943943,-4.72021856217462,-5.32900821386883,-4.92343534713988,-4.36272091946956,-5.22250566466843,-5.50208452882756,-5.04564040329495,-4.27634800226453,-5.10570106475846,-7.03385915577786,-5.8013987955806,-5.41031537966933,-5.23675480500363,-5.02288868090202,-4.71404806866087,-5.16580751933182,-4.9125125606178,-4.2457497739568,-5.10645039691055,-5.42610311787648,-2.35638876554368,-5.0098883485352,-4.90139773121142,-6.9414954141221,-5.51820562514157
"ecc95e5dfc560bd3c36f7b225b081f42",-9.7988264128797,-9.79626111398903,-7.71890769273299,-6.80837683500186,-6.21065156370249,-5.85970498288282,-5.39304710713707,-4.89124719743344,-4.52752946186501,-4.43226502501968,-4.11077266496258,-4.21364097781925,-4.03112204719649,-3.98790120942544,-4.49052474628994,-4.33301006692434,-4.44391488877669,-3.75148073068621,-4.34248941574173,-4.40924808508909,-4.77314692180083,-4.44359420799819,-4.32622024761015,-4.3355263777847,-4.80954560921001,-4.34555005210756,-4.99398958325339,-4.45423962465179,-5.08253793774896,-5.14803266099307,-5.22125632041157,-5.29986616653789,-5.3600532000871,-4.80836295088295,-5.62076836801818,-5.6108871545076,-5.2717609491866,-5.85033291713889,-5.93006395466134,-5.82858904780789,-5.28059487515324,-5.41694215309587,-5.37388855339511,-5.33347629732583,-5.24798055238644,-5.61660325141334,-5.55337852083055,-5.34616646489105,-5.83459806160455,-5.26891070327041,-5.42817194984642,-5.58299492997952
"24743feeecdab3f091a06539f2b11dcf",-3.29541861845544,-3.18010783940695,-3.60013950105921,-3.86284402573337,-4.72573038838523,-4.39733229033764,-4.46991085757302,-4.40643449570806,-4.4912563074625,-4.26985283778201,-4.66731614133908,-4.88100174208222,-4.97841573733707,-5.27692743363695,-5.50689379214762,-5.44827559685809,-4.83693850579319,-4.89820761121534,-4.20656342438251,-4.05687481025117,-4.62021272752086,-4.20987787814447,-4.26928601171843,-4.57076300009187,-4.54741710225065,-5.71654225141152,-5.94258509323806,-5.81274364303393,-5.89909122697697,-6.30777694978517,-9.96297201175874,-6.65062728130989,-6.69631382361433,-6.85851501353232,-6.91305698951869,-9.97400873144611,-9.35115941558412,-9.98142273739812,-9.98636793702774,-10.0161879517338,-10.0122469333658,-9.99416723730812,-9.99820619851872,-9.98872521278319,-9.98401319804689,-9.90853019317607,-9.93954427399552,-9.88399333891746,-9.93234512445706,-9.91368092903323,-9.95199723918887,-9.96029012559631
"aabb82168cc5440fc5c662209b0baa8f",-5.23441632333765,-5.20733292362179,-4.92401544883968,-5.85109665194974,-5.08254243349486,-4.6300856287704,-4.64814215192654,-5.10175535925098,-5.91732860253506,-6.38396721676057,-6.21690545747088,-4.91041927314703,-4.09593321193035,-4.67725229794827,-5.17064036312896,-5.57553951886863,-6.03499196956461,-5.83319079575781,-5.42462364672133,-5.39199188865791,-5.22820141566385,-5.46383180502561,-5.33178709809519,-5.36274812325854,-5.76591855867994,-6.19107008218674,-5.75633204174954,-5.83081552599532,-5.56716113532651,-5.80760609561045,-5.54817774676024,-5.65803766867273,-5.28558357361929,-5.37769095408955,-6.11862149942178,-5.6108871545076,-4.97372302554441,-4.93645160061077,-4.94704486923464,-4.69395286910535,-4.83465721122448,-4.70353739345243,-5.05736099527848,-4.72330966435008,-4.92921931131445,-5.44651343257681,-5.06754058948468,-4.18508703424787,-5.27540052010129,-3.96179597065949,-3.97106913579908,-3.92628770418001
"c210b192c5b387540be3721f9bbf5d67",-5.56805531089636,-5.38205334307122,-6.01215804305996,-5.39396008529019,-5.26589747529193,-5.70014842852161,-5.77890927286845,-6.18138030091441,-6.39932873590365,-6.16649331588733,-5.37053799811858,-5.36401800286578,-5.48150434961842,-5.32479304053206,-4.56398170891092,-4.53033320323143,-4.7894087637717,-4.29889875771065,-4.32133744465726,-4.19343546486633,-3.38976152428462,-3.77798728397054,-4.38173316438564,-4.58675701847734,-5.42053499927229,-4.92563004459919,-4.22407243432822,-4.1245958328163,-4.12045484135307,-4.93846875597735,-4.63643787485379,-5.27996368901696,-5.11603029191819,-5.07759024814546,-4.54461707902734,-4.49153970075811,-4.74368912012365,-5.47747299754322,-8.01182881831273,-10.1486553675621,-10.1447143710783,-10.1266347765289,-10.1306737149033,-10.1211927829193,-10.1164807950874,-10.0409982389448,-10.072012131285,-10.0164615379995,-10.0648130249778,-10.0461489430937,-10.0844650224285,-10.0927578600324
"21823049adacccbea93a6988239a88e1",-4.30132368753851,-4.30459374310341,-4.45941458934404,-4.60227711620566,-4.78650782203774,-4.82122115967065,-4.78506632320838,-4.82383312610391,-5.00803387411985,-4.8373120914456,-4.71709338968636,-4.85241262088181,-5.29184485204242,-5.42792214116959,-5.53297334223795,-5.04065631035111,-4.99453869421493,-4.75301180688539,-4.83885112693964,-4.92920470492687,-5.56620481167164,-4.92180408038964,-5.09538485584996,-5.13612218388307,-4.86674806609781,-4.92563004459919,-4.9548051400725,-5.02232818266018,-5.35158881673102,-5.41266747494737,-5.15810532289249,-5.08355592569538,-5.22585005960112,-5.0695077936072,-5.3102669614964,-5.43905587150081,-5.80796582714101,-5.6535940731344,-5.73533813963516,-5.95815734909021,-5.93287440095192,-6.02158331203331,-5.76103347680231,-6.04888403797547,-5.68764355033184,-5.48642172024471,-6.24846100026584,-6.02939455899672,-5.74732077667068,-5.87200731665162,-6.62748159397108,-6.18861464009877
"06b1b0ededcab44d5b5b97b9e5b43160",-5.42639807588845,-5.78272152562917,-5.21868265123567,-5.30042625239539,-5.96162370509696,-5.76096982326272,-5.59335865704183,-5.44152327713275,-5.01546312750423,-4.71417921015058,-4.60451670618501,-4.642969434794,-4.50526819916738,-4.62676460734903,-4.67660202833162,-4.81909944124154,-4.9784290751938,-5.11930611411948,-4.94886899517343,-4.82089777184822,-4.93156138412612,-4.56506823359371,-4.37226988973291,-4.27433049426129,-4.16587274102505,-4.28361382058683,-4.32673484790008,-4.31845930169941,-4.3787745992875,-4.48723088812341,-5.07422336369783,-5.07547377024282,-4.79216829066595,-5.11899969692545,-5.3102669614964,-5.58447229948966,-5.64491672178916,-5.99381754586463,-6.86598586610584,-10.1897536352861,-10.1858126450235,-10.1677330793303,-10.171772011213,-10.1622910945091,-10.1575791143255,-10.082096685745,-10.1131105245052,-10.0575600283827,-10.1059114304876,-10.0872473808799,-10.1255633945982,-10.1338562183286
"8612a638846acf832935cb932a1f0398",-5.56805531089636,-6.0159829284931,-6.46503324251821,-6.06522381901706,-5.20731863380114,-5.77676736741269,-6.00659460635183,-5.75979595470256,-5.01546312750423,-5.57430975851688,-5.47277074869315,-4.5550823051485,-4.42392078150611,-4.07765764343709,-4.7531198610828,-5.15915792120651,-4.34485044023661,-4.75918062811221,-5.26443396352799,-5.19752459215856,-3.79689269817451,-4.49748524623871,-4.77027542327912,-4.20540050692087,-5.30078622651602,-5.30395362686223,-5.03474989918332,-5.53306895878194,-5.36307138170648,-5.62767480064204,-5.88063274199957,-5.51153527806228,-6.04459311287601,-6.00981554106203,-6.16751649088834,-5.49711943409512,-4.19845429597827,-5.61317612674871,-5.46521154214294,-5.67394787681079,-5.21183177167139,-5.19905872384753,-5.19063935274985,-5.65570827034255,-5.32387044097265,-5.40812423252324,-5.08445266712942,-5.13432676643881,-5.02612447113872,-5.83343055079443,-5.46383180502561,-5.37784154515978
"0117e9c502bd1cee660d22cb0e8b4a3c",-4.81900435207873,-5.36941635195256,-5.32804354681324,-4.93825907541781,-4.97147030078363,-4.60477406793973,-4.29613877097929,-3.84389265735468,-3.70247825345176,-4.78625641217405,-8.11572010457761,-5.74229672363316,-5.06960879020093,-3.83445395826476,-3.88370815922948,-4.21981834457804,-5.43519471770484,-5.10180945062271,-5.31877337511542,-5.31592190989211,-4.93156138412612,-5.35279454049594,-5.94617657642672,-6.88787475391516,-7.30882183875539,-7.190891319586,-7.12817512437475,-6.34281473359386,-6.464803126462,-6.57646956904822,-6.05628560811464,-6.07908715030429,-5.33820989699229,-4.88592834336705,-4.66735340749396,-4.51850273019477,-4.70332835632548,-6.68821101169757,-8.34839576984214,-8.07496035911586,-10.2232616740569,-10.2051821336448,-10.2092210598401,-9.27002337413736,-7.55528679676161,-6.96045934247271,-6.76911997443944,-10.0950092470382,-6.89940472044217,-7.24098049147979,-4.75435959946932,-4.50416344625528
"868e0165fe32a8925b7f20afa5e1dbfc",-5.55295958492162,-5.34460731137277,-5.6363508837362,-5.21482483752679,-4.67397044633412,-5.00365017051069,-5.07483461042356,-5.70162051489133,-5.16808103186339,-4.70839699834776,-5.13976241524564,-4.82460619257228,-4.55632820700479,-4.74409795087342,-4.88337647014599,-4.87181027285236,-4.38422685558348,-4.64239226596148,-5.05493840199163,-5.16997198847328,-4.51533793265682,-4.56506823359371,-4.9279547016598,-4.47972630187559,-5.69670191096828,-5.44436386747728,-5.22649907875756,-6.17544071718007,-10.1443045840448,-5.98329295251404,-10.1799795041976,-5.57550043791782,-5.92168152837206,-5.87593343824578,-6.04947136638234,-6.19231379805673,-5.80796582714101,-5.86718801664665,-5.948129928894,-5.92416666688281,-5.93287440095192,-5.9121040779212,-5.71772241926294,-5.83320597908382,-5.59328055949796,-5.04325679980942,-5.25091124415077,-4.76010873270661,-4.99390824731048,-5.13735106018572,-5.12739609608325,-4.8147564121652
"3ebe761bfb1238c87195d431f41bf976",-4.90998806289053,-5.05840557036494,-5.4249500174814,-4.91510286737469,-4.48045954003025,-4.85262344238486,-4.85796962220981,-5.24387060897726,-4.3656480995669,-4.62538552480478,-5.08945148380024,-4.49380036516642,-4.49535531998088,-4.49957069315145,-4.65973161486469,-4.94906819930615,-4.67650541006325,-4.66470318360937,-5.08994253737261,-5.53743652173512,-4.35732649193468,-5.20120055576831,-5.64103469890338,-4.7370103344503,-5.66380018125171,-6.42788984829772,-6.02795718346701,-6.54380525848305,-10.1468282212661,-10.1481560610854,-10.1825031379476,-6.7307694617777,-6.44002004272847,-6.72483354211615,-10.1586132394978,-6.46473432106629,-5.46188782632735,-6.13873446584302,-5.87773578177964,-6.14784488226251,-5.64006499471241,-5.73792715297388,-5.50227809844547,-5.49325063125201,-4.79799836986771,-5.14441505331114,-5.06754058948468,-4.54744638066523,-5.39768348104054,-5.498496540742,-5.50079892141415,-5.06164018711177
"e1e0950f18e814ccace25739d2373bef",-5.33788556334413,-5.42094246166041,-5.56084884111541,-5.40628559028886,-5.349692179352,-5.23555504481172,-5.3511808561051,-5.52099021886556,-5.29738556000211,-5.26186904438864,-5.18368783550799,-4.85948480403114,-4.61007616475695,-4.7168308141944,-4.77162580100573,-4.87859570966527,-4.76321437516213,-5.48789104404313,-5.31877337511542,-5.42643441874698,-4.99797979241412,-5.15213485636996,-4.82016468172903,-4.82136346552664,-5.21426318724398,-5.40738785919258,-5.18706345049492,-5.45478678459425,-4.93614938278624,-5.56947277789019,-5.84544166658943,-5.84668789690451,-5.52783020123326,-5.63785331566838,-5.56420544669017,-5.68012385112437,-5.80796582714101,-5.71013904041104,-5.93006395466134,-5.92416666688281,-5.96745043235606,-6.04104804729681,-5.38398524886013,-5.55267593721017,-5.13565495473421,-5.43355403513191,-5.46262790004103,-4.43527114919269,-5.05097717337963,-4.64963205973127,-4.77866222667073,-4.75399341691828
"816adcb981eb4e362e1358439c1c50f9",-5.46684560120966,-5.14510791029753,-5.60546778583158,-5.21482483752679,-5.62412064681968,-5.98866651862763,-5.91282710159091,-6.11528135236625,-6.93064138276884,-5.92825847120419,-6.1921629583723,-5.79464555130195,-5.69898604391459,-5.20912971013581,-5.31947493698757,-5.42464262468222,-5.15236412777918,-6.17049945879613,-5.72587007112021,-5.21631913172482,-6.22196558102949,-5.20120055576831,-5.18552187240269,-5.14539278660487,-5.05182213433292,-6.09077105992985,-5.79092542193745,-5.67878512813916,-5.04813075342501,-5.17636493674962,-5.24957720112865,-4.91225464558662,-5.1513284797484,-4.92705237665124,-4.88111700222145,-4.79986527079078,-6.15715552367411,-4.66517923376231,-4.97444813597822,-4.82019195585544,-5.35438259048099,-5.47124306836829,-4.86400645496633,-4.81942731089028,-5.43850922127547,-5.0698583739874,-5.60915777414297,-5.46447895904143,-4.71194042180907,-4.69157026506211,-4.6680680176682,-4.82735730522416
"d17d4e52392e61bf7543955737ee5b3d",-10.1489031837434,-10.1463379269696,-10.167004692966,-10.1700969856627,-10.2038753320922,-10.2260469402305,-10.2346314326417,-10.2473771967274,-10.2282734854558,-10.2069016348261,-10.2190095643338,-10.1786569523465,-10.1815512413074,-9.80240996293255,-9.17440226517055,-10.2073972579269,-8.72279715283241,-8.25176824784542,-8.21376106887319,-10.2081810117705,-7.40199409914373,-10.1733620322041,-7.18974812148943,-6.36587963749861,-5.89984143924324,-5.10616190069506,-5.04310248423376,-4.83596010485699,-4.63662554519358,-4.80391318732065,-4.3911314016668,-4.6588363243291,-4.8048507481619,-5.23533737869394,-4.93131819496242,-4.36645052815833,-3.92413122239109,-3.80524512436601,-3.88086339095421,-4.00923570437854,-4.01374052980747,-4.25740778800822,-4.58907809731373,-4.83737436199636,-5.33377051914872,-5.5000833523716,-6.17034268212418,-6.02939455899672,-5.18530863005195,-5.3130952738496,-5.67879628663847,-5.95039212059123
"41d407d2dcd22d6ed303635fcdd94744",-4.27543987729281,-4.58111165803784,-5.6363508837362,-5.53860882317456,-5.76220602594139,-6.18326484785648,-5.91282710159091,-5.59447606887294,-5.22148540798949,-5.41179998089406,-5.07322191150858,-5.37576848365575,-5.50792978357789,-5.20912971013581,-5.38574532342288,-5.49727067906103,-6.03499196956461,-6.05245511502987,-6.15779351686786,-6.41780401192671,-6.14770487882583,-6.19891808381045,-6.22711776059326,-5.64013244757975,-4.85941911278709,-4.59490260051392,-4.55874834913684,-4.57331395501036,-4.81494476956335,-4.99291304100279,-5.02703944743332,-5.15064708032031,-5.66745905283531,-6.46854989651499,-6.96717656269852,-5.81818396447435,-5.75063071924636,-5.16271901330106,-5.09996169767613,-4.91399903218154,-4.83465721122448,-4.74624736177188,-4.85795392684863,-5.35337357229611,-5.79177427365285,-5.02590276622704,-5.33471218426275,-5.64750602471291,-5.1477078101476,-6.71439115870242,-6.62748159397108,-6.26475073105235
"f908a38600f83fdc81be5d4d19e1c44e",-5.66371251210382,-5.80182783817173,-5.59037418419074,-5.55284883681807,-4.76789031475613,-5.28320372873799,-5.54252152868024,-5.9396542017794,-4.9297154066505,-5.48356673189002,-5.57325408729145,-5.00416453934695,-4.80402104473326,-5.51283559115619,-4.77787003287534,-5.44827559685809,-4.725145603997,-5.24106576257686,-5.27507051684929,-5.35868620117802,-4.84926910247829,-4.96865522185537,-5.05776396516343,-4.58675701847734,-5.44628944332735,-5.38346917246937,-5.23660313617223,-5.58885250798222,-5.35158881673102,-5.38874935715091,-5.56113108044755,-5.73239484958992,-5.96100533962327,-6.26460054707669,-6.07199664549985,-5.50914441633992,-5.50462432232439,-5.56169073708131,-5.7206918421733,-5.46307326584639,-5.53177121992161,-5.23373206069035,-5.38398524886013,-5.57746310797753,-5.22092968574158,-5.08798907515945,-5.52660555622382,-4.52510926321241,-5.17577656840392,-5.70899110836359,-5.8063594588654,-5.198245869642
"107273e73071282e4d0f4a0b46548da5",-5.41326811222691,-5.65826195935439,-5.70111224610032,-5.0452032903151,-4.7316473441386,-4.77291229301889,-5.02165280913996,-5.43066526341873,-4.76557706007665,-4.98499611836809,-5.33863923602661,-4.42202637342628,-4.54074050246491,-4.99341179413034,-4.72895751346746,-5.43638990314088,-5.1151045035678,-5.48789104404313,-5.99233373447257,-6.03262690922853,-5.3831179682405,-5.57397086313421,-5.30785992644632,-5.41003115135874,-6.49705426518977,-6.06718666433331,-5.88300093121254,-6.00998758369854,-5.823368597578,-5.84408104167531,-6.21790266537162,-6.12363848471629,-6.26278031108115,-6.1884644335645,-6.39107924153797,-5.95915574065354,-6.07693627791202,-5.83375563169399,-5.70625560442431,-6.01140085530804,-5.38350518644279,-5.39601457329842,-5.53710265149926,-5.54050729423615,-5.11141390024897,-5.07888314337833,-5.29194292623732,-4.30258224943176,-5.05939878057224,-5.16622737565883,-5.18999630562129,-4.92720336182982
"85d595577c2a94a0a96058af457da34d",-10.2177546590518,-10.215189408963,-10.235856121586,-10.238948406391,-10.2727266681878,-10.2948982223085,-10.3034826941244,-10.3162284279557,-10.297124762175,-10.2757529634779,-10.2878608634277,-10.2475083513564,-10.2504026330158,-9.87126251600418,-10.2687770382817,-10.2762485853617,-8.02948712792416,-10.2657783659346,-10.2476708568698,-10.2770323372821,-9.74758195000311,-8.71308886823731,-10.2152862282335,-10.2524836954393,-8.40788043147554,-10.2511821701328,-10.2541996297993,-8.45457282943457,-7.75378447781563,-7.19615138216758,-6.21790266537162,-6.03642795412879,-7.23582496591053,-6.68396151632634,-5.96410383749389,-5.20807024068435,-3.81008931249433,-3.74203825941957,-3.96807536563936,-4.18902322953307,-4.23347025662088,-4.28134797476967,-4.53933825233385,-4.12718224452965,-3.84115377869495,-4.29629697083141,-4.49838685766434,-4.53064792684593,-4.3019715261298,-4.47227970291973,-4.93811580322759,-5.13620056835155
"02b4cbe5c2955ab2f66dc82cdf6dad64",-4.4365474735523,-4.35424707056681,-4.3837143987876,-4.39021374932182,-4.14011168645769,-4.68267574115891,-5.20803435235413,-4.56363771186424,-3.93157677126422,-4.32778783005657,-4.5216879278617,-4.26388953243707,-4.0892663303243,-3.94260642880023,-3.80539184156886,-4.46931950357248,-4.70053512880549,-5.28168496649889,-6.29526600143965,-6.38698134456296,-5.95309053422637,-6.37617819081961,-6.49584637723463,-6.27610628814688,-6.96023610327097,-7.190891319586,-6.94569311832253,-10.2788482937288,-10.2750197595465,-10.2763475931076,-10.3106945109439,-10.3115935151612,-10.2950304214758,-10.3084701710426,-10.2868047225239,-10.321731078761,-9.69889358955941,-10.3291449836299,-10.3340901162518,-10.3639097338437,-10.3599687672818,-10.3418893115224,-10.3459282186734,-10.3364473601825,-10.3317354091365,-10.2562534665295,-10.2872671011664,-5.85067656833338,-10.2800680539683,-6.30831920424568,-6.66675320936661,-7.60115242829729
"45ffedadc43d8030c7f8a405ca9ab0db",-2.21547784945059,-2.4508163060662,-2.90833065265697,-3.89622012470303,-5.28620347238901,-6.74376467887291,-7.86105273648539,-9.27439440076629,-10.3251608202789,-10.3037890417252,-10.3158969302102,-10.2755444568941,-10.2784387357215,-9.899299069176,-10.2968131231978,-10.3042846631371,-10.2748618523646,-10.2938144537316,-10.2757069622483,-10.3050684143114,-9.77561869111899,-10.2702495553665,-10.2433223658606,-10.2805197961137,-10.2619263313819,-10.2792182720771,-10.2822357288019,-10.2841652806141,-10.2803367471306,-10.2816645804491,-10.3160114921196,-10.3169104961783,-10.3003474054372,-10.3137871526112,-10.2921217079657,-10.327048058,-9.70421071961363,-10.3344619615799,-10.3394070933473,-10.3692267058751,-10.3652857399738,-10.3472062872788,-10.3512451937404,-10.3417643368722,-10.3370523866383,-10.2615704575775,-10.2925840865246,-10.2370339708819,-10.2853850406316,-10.2667211174151,-10.305036874186,-10.3133296435889
"e64faa80cdf98e9e30efe534471de110",-3.18425437394732,-3.04385494171879,-3.19919330367344,-3.64161350570701,-4.39164410374483,-5.11297485782766,-5.19039318102163,-5.15787691534929,-5.26825081637671,-5.49604054051534,-5.74570386461976,-5.92855734770249,-6.06594620358584,-6.26874110700212,-6.10422205603577,-6.1924647337365,-6.03499196956461,-5.55353557655948,-5.29668560116013,-5.31592190989211,-5.3831179682405,-5.37643514581199,-5.46075067594216,-5.68681392280973,-5.98522288618451,-6.21779221293408,-6.53974650791793,-7.27543863813127,-7.75378447781563,-8.2262524820362,-10.3453136200542,-10.346212623254,-10.3296495484607,-10.343089282674,-10.3214238590081,-10.3563501754441,-9.73351365397217,-10.3637640720418,-10.3687091991807,-10.398528784278,-10.3945878219552,-10.3765083858587,-10.3805472885862,-10.3710664405073,-10.3663544946728,-10.2908726389872,-10.3218862371145,-10.2663361773611,-10.3146871982906,-10.2960232936399,-10.3343390126675,-10.34263177409
"259eb055b09c7c621e62bec9d100d490",-5.3623928175222,-5.48928686785357,-5.20837033036457,-5.52456719948132,-5.32808271634789,-5.23555504481172,-5.49412599391045,-5.53287175638357,-6.01288351448128,-6.00850601296283,-5.76150216540112,-5.84986837639425,-5.50792978357789,-5.63847328626052,-5.89461072366844,-6.48065787074686,-5.75797672959964,-10.3369357908488,-5.52904849759246,-5.9312755275185,-5.52683108803684,-5.63391009563674,-6.31966534229133,-5.53895090799142,-5.66380018125171,-5.74998656982337,-5.79092542193745,-6.12532362993864,-5.52561444218723,-6.17030783952561,-6.03518234474026,-6.10111584418296,-5.68254852046994,-6.03048491968161,-6.27308662817989,-5.99771945413109,-5.75063071924636,-6.85545669477106,-5.78060105550289,-6.28164349975835,-6.32238569059562,-5.76743440886185,-5.1576638978491,-5.01500667804106,-5.60623169133542,-4.66727310873194,-5.05090631718749,-4.32960657960374,-4.66499234688143,-4.06274295826882,-4.02566220152789,-4.25898787638783
"7e171bbf8497f6f700510d47d0bce5f0",-5.07314629824672,-5.04010662640553,-5.2939746171139,-5.18450539616078,-5.88445658461956,-5.74541644712543,-5.51803336375716,-5.34776737897632,-5.24928418219739,-4.88419242107229,-4.60960478305596,-4.35063477042153,-4.17225734363781,-4.92511312065809,-5.28790249482277,-5.5356455528542,-5.43519471770484,-5.65327441784335,-5.88887795833288,-5.75487413581391,-5.45241702466555,-5.36454563572753,-4.86496705495034,-4.88415382221095,-5.069633944878,-5.07956632792251,-5.10358280298461,-5.00609165404638,-5.3402353894232,-5.55543283743242,-6.01451320087542,-5.41694898088613,-5.42857133545854,-5.59631764437848,-5.42327040339769,-5.25398454337772,-5.20471540432829,-5.47747299754322,-6.21841038437193,-6.08708662122722,-7.06776844008393,-7.48978466175446,-7.58528107863913,-8.01702486212423,-7.87388324570346,-7.30904501567982,-8.4748074749198,-7.54761888176031,-8.0527739404644,-7.60892574231095,-7.58380716411344,-7.19543735143392
"35e8f92891757e2c3fc0b41d6fa22be5",-10.392165316128,-10.3896000810501,-6.66202152303354,-5.65859691719021,-6.31907106854937,-6.48748760306537,-6.0466965033449,-5.71585219874353,-5.23993271098484,-4.64686921515584,-3.79653325654571,-5.11657745874532,-5.76589348280129,-5.78204845695859,-5.87586662235694,-5.33528513455994,-5.24158336233037,-4.87021788580869,-5.08107740732257,-5.29520026854394,-5.25734217401906,-5.4380793089232,-5.3197526472681,-5.39800108535578,-5.43333003333896,-5.39535765059014,-5.04310248423376,-4.77004077853721,-4.7066669595734,-4.60565655417839,-4.74684033422499,-5.4513877288231,-6.18466422204912,-7.01281574963096,-6.16751649088834,-6.3467565908364,-9.85058871629293,-5.90177014819456,-6.45999929504528,-6.25806846982828,-6.2976481856347,-10.49358034296,-6.72438702074114,-6.40626687972332,-6.1674211937996,-5.7309391082054,-6.09786521928982,-5.7532191082437,-5.78132870000906,-5.2265777217125,-6.45133637742331,-10.4597038497906
"9ed5a69c305cd9031b6d38bb9f375923",-5.9302249264359,-5.32039331824724,-5.41231547060145,-5.07157220446985,-5.30692603870364,-5.31291036885094,-4.95021613062386,-5.16615457651096,-5.18557096781965,-5.65917472844105,-5.64155739438536,-5.59983707924759,-5.93500216949002,-5.27692743363695,-5.17990913549774,-4.97868757100243,-5.54099117691488,-5.30262386971125,-5.85030304089444,-6.66502107790292,-6.14770487882583,-5.53124621859704,-6.35251324555574,-5.5810766275366,-5.82114613517538,-5.97802355651662,-5.34362367351562,-4.76367793680012,-5.1091330289375,-5.1668323960928,-5.18468863623203,-5.48704406933925,-6.37739668852797,-5.93114353485788,-5.36518813778489,-5.6108871545076,-5.23768232801068,-5.75473480183013,-5.51138681464371,-5.04494725536956,-4.89360498711674,-5.20761620699244,-5.97380961186926,-6.8266866829462,-6.86161614318426,-5.8798064655651,-5.81528200269447,-6.52502965784346,-6.84805835172401,-6.80981163465201,-7.9406346827505,-6.90750524772693
"e60da15c71e69772ae7da2c5f65865aa",-4.91795129249489,-4.69070488936759,-4.70841044306309,-4.98622042071056,-5.77878687029913,-5.65682865154899,-5.3308813574213,-5.74493382669702,-5.93572669242338,-5.85394562299976,-5.29761712143364,-5.47504973984174,-5.93500216949002,-5.94957664379965,-5.78705334300046,-5.78597671228219,-5.96887079419962,-5.92697831218516,-5.55693681645767,-5.08319937533899,-5.95309053422637,-5.1911951239426,-4.93611030775801,-5.31758117169637,-4.91186876631772,-4.81196752969941,-4.86651187293315,-4.74482476886988,-4.79497997572177,-4.96922096224951,-5.10694672554868,-5.09991640658324,-4.95593061479081,-5.41099375247668,-4.93869691237955,-5.46188172640451,-5.75063071924636,-5.3891197940303,-6.06392758108659,-6.9757254054214,-7.12188050943135,-7.67219934142412,-10.5366867330844,-10.527205927735,-10.5224940032881,-8.69584134284388,-10.4780259526136,-10.4224761645663,-9.15159835195242,-10.4521631337633,-10.4904786693009,-10.4987713919274
"9ab3a54e5cefa6a766fde0d8c304769f",-4.85592890433527,-5.08648927029776,-5.10137569332213,-5.07157220446985,-4.89200707378572,-5.03370056702725,-4.46991085757302,-4.19696398273672,-4.12129711890324,-3.83986980555418,-4.70022920416859,-5.07185309033359,-5.46854687757696,-5.5428072134576,-5.25728701699004,-5.00919836477173,-5.26252655402847,-5.06769802434633,-5.28582024699281,-5.57733021285714,-5.48893772615669,-4.72788548246781,-4.71610338068097,-4.8146204101703,-5.94162596119607,-6.1396690117577,-6.30884818716667,-6.66174817050205,-7.5305336418752,-8.2262524820362,-10.512747012659,-10.513646011406,-10.4970830192959,-10.5105226863132,-10.4888573714179,-10.5237835136608,-9.90095122754029,-10.5311973740584,-10.5361424772004,-10.5659619200822,-10.5620209763123,-10.543941626272,-10.5479805096395,-10.5384997071298,-10.5337877841042,-10.4583063088386,-10.4893197471782,-10.4337699771872,-10.4821207450047,-10.4634569366099,-10.5017724599536,-10.5100651800019
"eb79af3a1a9aa989f04b9161f7cfbcd5",-5.27909979534589,-5.07704122940862,-5.16814168177049,-5.5968175770327,-5.83023477596846,-5.54966695595481,-5.67477422505809,-5.35776482519146,-5.44570823727345,-5.24215788250931,-5.24857675084261,-5.21243262739087,-5.23920626714583,-5.06664699900467,-5.62996431557508,-5.50990068421578,-5.74082785521357,-5.81543891877084,-5.44973375101585,-5.69214941567854,-4.97535347995162,-5.1617594205058,-5.11473287666738,-5.67101174887308,-5.68011665713567,-5.43188733867527,-5.69052031654591,-6.07758890290363,-5.8796193762337,-5.73839858578827,-6.05628560811464,-5.73239484958992,-5.63794197910349,-5.71112915893539,-5.55054729154982,-5.52131456568987,-6.15715552367411,-5.83375563169399,-5.93006395466134,-6.14784488226251,-6.61051657594484,-7.08404013297666,-6.04950220393014,-6.13245446866735,-6.3410264151601,-5.78421671406279,-5.92682144533865,-5.68152511282502,-5.8530003733778,-5.03800654787244,-5.29693886583195,-5.22604810551654
"2a29b04490b167eea05afea58d2dfc40",-5.41326811222691,-5.59349083950669,-6.01215804305996,-5.53860882317456,-6.34811007884947,-6.0494386004458,-6.27543782740784,-5.83758936696161,-7.21856776882277,-6.24263276587039,-6.21690545747088,-5.17299395434134,-5.71530058526015,-5.74418956830218,-5.49410273046541,-5.52269093031745,-5.72396629290643,-5.46278501334623,-6.56396401581892,-5.87503287068155,-5.84155922893189,-5.83866515513777,-4.65841835847918,-5.48538952610059,-5.35888596438619,-6.19107008218674,-6.25158270121355,-4.89195900246266,-4.80159143470511,-5.28762207743129,-5.5353887896384,-5.8641294565392,-5.45248525793113,-4.99204378495217,-5.447473013547,-5.53363344471907,-6.07693627791202,-6.01328359450262,-6.52261448370047,-5.97559365408903,-6.96759527933815,-6.64174150600949,-6.54826531668664,-5.88294462015022,-6.10132026334464,-5.42075901361014,-6.09786521928982,-4.81733397165342,-4.62561548682824,-5.42020308578802,-5.46383180502561,-4.70224648205822
"8678fa3a06998220d4612e2c31b51f03",-5.86687266952227,-10.4693237772865,-10.4899903218659,-10.4930825818246,-10.5268605771593,-5.715012711168,-10.5576163681805,-6.41064469639811,-10.5512584842025,-5.94772776951617,-10.5419946559007,-5.64512066884522,-5.20889083419307,-10.1254002565572,-5.60128691733253,-5.23367627604784,-4.89412881555679,-5.45046255239536,-5.47548497188169,-5.09154941684916,-5.41717262410388,-4.98476591411784,-5.56196286117158,-5.0310319220039,-5.07865872686033,-5.43188733867527,-5.52899999503541,-5.46741901272721,-5.38643597346956,-5.51444973015974,-5.56113108044755,-5.57550043791782,-5.63794197910349,-5.56954908130085,-5.71205504073684,-6.03782221190235,-5.59594976985299,-5.85033291713889,-5.87773578177964,-6.01140085530804,-6.0594825846243,-5.61490455489414,-5.46861639201862,-5.62894549189954,-5.36406688882153,-5.11580887639528,-5.73093730396055,-5.71673395525953,-4.87439627645729,-4.64963205973127,-4.86861079406684,-5.3246681459882
"eba69fef85fa63d9ca01273e9eda4dae",-10.5128165697359,-9.06282595668763,-10.5309178649014,-9.80515781846292,-10.5677880798213,-10.5899594402989,-10.5985438382847,-8.35796296584568,-7.7296864901435,-7.57906576493291,-6.61059634382037,-6.21011151745138,-5.93500216949002,-5.5428072134576,-5.38574532342288,-5.72123348285322,-6.41874550516363,-5.83319079575781,-5.64555561693015,-6.09873800465251,-6.07855925395892,-5.81991806348199,-5.94617657642672,-5.49851546231426,-5.55643628892273,-5.60753067519661,-6.14600800692993,-6.28386760102657,-6.99952980395415,-8.2262524820362,-7.60569097627388,-7.83017717678653,-7.57250298502038,-10.5808123812012,-8.24879073369641,-10.5940731841853,-7.95067866178966,-10.601487031102,-7.65501178518911,-7.45565434174327,-6.45614151484799,-6.21204668125742,-5.95574484112796,-5.41553286529929,-5.16890712217527,-3.77042522050898,-3.75132060685677,-3.75874597984357,-4.49622419034324,-3.5723682907366,-5.43991904779042,-5.56969955152057
"ffd660f96ba6668b2d8d86fc4e150862",-10.5725909415074,-6.71034909048392,-7.23312212231794,-4.83444872586982,-3.69468881822078,-3.31938188004696,-5.25353305710713,-6.25213882901195,-6.31462463067273,-6.88540741531823,-4.27354127397545,-5.55650172644156,-7.05601363310456,-5.32479304053206,-5.82164347998242,-6.07442606782233,-5.99043140490467,-5.51363819218104,-7.11460683351937,-10.6318679919614,-6.84192068020345,-10.5970494635359,-5.7268477475872,-5.93888148469985,-10.5887263202789,-10.6060180940072,-10.6090355218909,-10.6109650553058,-10.6071365583601,-10.6084643789905,-10.6428109682465,-10.643709964014,-10.62714702723,-10.6405866492842,-10.6189214071709,-10.6538474328554,-10.0310179807424,-10.6612612690303,-10.666206356115,-10.6960257038356,-10.6920847724801,-10.6740054800229,-10.6780443504361,-10.6685635784182,-10.6638516706549,-10.5883704499411,-10.6193837813614,-5.38408331018776,-10.6121848037119,-5.33593423011934,-4.46832774453584,-3.59295808010579
"0bd1dbc52a31344a9bf0c2fd0b16da8c",-7.12165624892941,-7.2704868445034,-6.66202152303354,-5.83199313347484,-6.34811007884947,-7.97674257274183,-7.63781281356218,-6.78845546860434,-6.26188307375852,-6.83656611986923,-6.81563999007433,-6.45416788707106,-6.36200387229813,-6.04512379042973,-6.17669852534897,-7.04930590204372,-6.87610165254876,-6.36323706812173,-6.87800119451637,-6.55153941332431,-6.14770487882583,-6.47812554387467,-6.6631326959908,-6.27610628814688,-6.49705426518977,-7.52757879512324,-7.12817512437475,-6.79543941393283,-6.65431358968506,-5.51444973015974,-5.16688902412029,-6.01575887232875,-5.88383809166097,-5.95024183128403,-5.32101480888714,-7.15865990108174,-7.03385915577786,-6.16125526837837,-7.8782500648698,-6.16894283389816,-6.1608032540756,-6.14446549792709,-5.17401723906717,-4.30082421723817,-4.02796860524046,-4.2550757060039,-3.99079169233269,-4.25906345098632,-4.62011234170462,-6.86116007255056,-7.32129030166504,-5.74215146301539
"554345c10941538d3c323777253ee02d",-5.32585146674136,-5.2736403788356,-5.46383180502561,-5.18450539616078,-5.5548699038029,-5.64279320302977,-5.23508708020712,-4.86004871601057,-5.73446842410977,-5.14012343606886,-5.31791989379352,-4.91790883827721,-5.15085764787067,-4.90873354508054,-5.24728459059364,-5.42464262468222,-5.0530287028708,-5.76398870830692,-6.35599914786414,-5.99085211471158,-6.22196558102949,-6.47812554387467,-6.06425021683363,-5.80497359617199,-6.26613959973034,-6.65135651879187,-6.70030318763703,-6.89562942550003,-6.69692688817312,-6.94462279819466,-6.91204606039929,-7.13663236214411,-7.1021906661596,-8.80532516264838,-8.06641686059807,-7.73436440531078,-10.035958003902,-7.23878415593728,-7.55965423783629,-7.18721244294779,-6.83392931834148,-7.02992633400312,-7.03836794257394,-6.66615541590436,-5.890500483146,-5.96341167560073,-5.48773394719259,-4.76708824055223,-5.87174567666778,-4.41007008252285,-4.58851713900704,-4.82735730522416
"11c6637e2dc386eaf99bb4ffc7544814",-5.18120420956561,-4.92859686870367,-5.14861192021948,-5.0365640265393,-5.63856095059898,-5.38582593174708,-5.73295478479187,-5.6333317741354,-5.91732860253506,-5.19449887124203,-5.20180646616719,-5.38765737936586,-5.69898604391459,-5.42792214116959,-5.82164347998242,-5.705678112696,-5.14291980376622,-5.15523400527203,-5.24349097975039,-5.49906192291877,-6.07855925395892,-5.15213485636996,-5.02149061559637,-5.29573338578211,-5.27845100095688,-5.36010426060213,-5.38982352879939,-5.22056987762904,-5.17404906120265,-5.75525936800764,-5.77855075103452,-5.60226840578188,-5.90258178036617,-5.45717961854227,-5.59209000869738,-6.05849020712487,-5.80796582714101,-6.16125526837837,-6.69874219001164,-7.45565434174327,-7.61467087476399,-10.7255106790072,-10.7295495447384,-10.7200687837408,-10.7153568814935,-10.6398757527793,-10.6708890455571,-10.6153395395311,-10.6636900767709,-10.6450263560624,-10.683341701144,-7.95797732350214
"095dcca0a1cacb655451100eb59c8ef1",-5.32585146674136,-4.25303039721475,-4.57909547119335,-4.93048146913831,-5.36067287477773,-5.48805185573112,-5.82706342309204,-6.25213882901195,-4.85701190138904,-4.84387825384341,-3.58326312509614,-5.31833783503885,-6.24400507527298,-4.78641973982071,-4.69953948443086,-5.54876884949929,-6.82475403247873,-7.66377292357896,-10.6846324908305,-10.7139936082454,-10.184551724258,-6.71961683686662,-5.33178709809519,-4.54465078822725,-5.60105597290674,-5.57843518776461,-5.69052031654591,-10.6930907117827,-10.6892622222899,-10.6905900403322,-10.7249365638215,-10.7258355578978,-10.7092726525183,-10.7227122490503,-10.7010470482499,-10.7359730077729,-10.1131451643088,-10.7433868301984,-10.7483319081687,-10.7781512018734,-10.7742102775647,-10.7561310177931,-10.760169880853,-10.750689126143,-7.06247722417769,-10.6704961508191,-10.7015094215493,-5.37128544876768,-6.40921941716605,-6.97249598556121,-6.9414954141221,-5.49341268145851
"be2ee09d7e96f8404691a1367b7f8bcf",-6.32574544440584,-5.82130403822324,-5.73512519977021,-5.34611035596308,-5.50270381975925,-5.18119200931062,-5.13924412243752,-5.36786227418718,-5.52893905957003,-4.47723350335667,-4.75168380413458,-5.47504973984174,-6.06594620358584,-6.73945496355044,-7.22786996760907,-6.1924647337365,-7.33601417909117,-6.3333318679203,-7.52034295168367,-7.05109138906314,-6.99622392696975,-6.47812554387467,-6.28785856016178,-6.83652776969377,-6.00775164387295,-6.57120611632527,-6.94569311832253,-5.33646913251241,-5.71950521654218,-5.64276636207584,-5.37153784822437,-6.05753115544454,-5.8654373946416,-6.16431680812649,-5.9239936261103,-5.68012385112437,-5.42088891893622,-5.91951769957975,-6.73801030439262,-6.58581564043233,-6.96759527933815,-6.30987165709315,-5.90342027939731,-5.77049665762724,-4.87089418483742,-7.59689443814454,-7.29568288476816,-6.91116123682284,-8.74608021735751,-5.97546771206675,-5.8586981679085,-5.1448345670873
"2692b51dc69b7a25255e60c4e6b8d269",-4.69618627226786,-4.58690086533486,-4.23534636048197,-4.19555148221966,-4.94184944051709,-5.00365017051069,-5.18168668391917,-5.43066526341873,-5.76533803556336,-5.54753896310873,-5.68487944260286,-5.58518388913811,-5.44312092641099,-5.63847328626052,-5.87586662235694,-5.92948684683208,-5.75797672959964,-6.14575459004605,-5.30766910679209,-5.26489367950923,-6.01386795610422,-5.46383180502561,-5.50288953227681,-5.76977468006193,-5.58596212487082,-5.93624303177866,-5.9024726004588,-5.76039774039017,-5.65577661822165,-6.07245492724388,-6.16901282514928,-6.41186802514242,-7.1021906661596,-7.13069881029368,-7.29286068157794,-7.04077959862244,-7.95067866178966,-8.00130716634214,-8.34839576984214,-10.8331300907429,-10.8291891708383,-10.8111099314952,-10.8151487899594,-10.8056680460668,-10.8009561523812,-10.7254751664633,-10.7564883992624,-10.700939002003,-10.7492894442334,-10.730625759656,-10.7689410312848,-10.7772336981119
"aa203bbc98224540b556cf123e097c88",-6.29393901437055,-5.38205334307122,-4.43515178100137,-4.52139831138468,-4.46663599640326,-4.50030557909322,-4.21244535694646,-4.64486445126463,-4.87632940808075,-4.69693015754087,-4.08597631255158,-4.02457978795657,-10.7717366505073,-10.3926031531283,-10.7901107943539,-10.7975822364995,-10.7681598150999,-10.7871121643426,-10.7690049136391,-10.7983659774578,-10.2689253489664,-10.7635475801849,-10.7366207589006,-10.773817683081,-10.7552244689612,-10.7725161764357,-10.7755335928751,-10.7774631189898,-10.7736346365425,-10.7749624521382,-10.8093089134577,-10.8102079059352,-10.7936450302426,-10.8070846026483,-10.7854194409013,-10.8203453378813,-10.1975190150851,-10.8277591473094,-10.8327042166637,-10.8625234593067,-10.8585825416593,-10.8405033127857,-10.8445421688946,-10.8350614305459,-10.8303495396352,-7.71473325091559,-6.49250103392492,-5.20730974540605,-10.7786828627883,-5.05535923134443,-6.79473927205888,-6.64484086320916
"f672aa3aea2d03f0b297739022e9b716",-5.1014911235512,-4.98711293666107,-4.45941458934404,-4.75320079383279,-4.92018797588322,-4.8850276079031,-5.01427828537476,-4.99806241314371,-5.39020037041525,-5.23244462239733,-5.13120164670349,-5.12576445456024,-5.01885280380863,-5.18750466244041,-5.48147190964588,-5.05675933691611,-5.26252655402847,-5.35695308369963,-5.11701347357674,-5.2849967160783,-5.3831179682405,-5.85776830573182,-6.28785856016178,-6.27610628814688,-6.29604843036237,-6.27346982270968,-6.27980711566989,-6.79543941393283,-6.43084787341961,-6.83915518748988,-10.8093089134577,-7.27026317811331,-7.67791493968442,-7.26433021792054,-7.29286068157794,-10.8203453378813,-6.33983006317557,-7.05631895194061,-10.8327042166637,-10.8625234593067,-10.8585825416593,-10.8405033127857,-10.8445421688946,-10.8350614305459,-10.8303495396352,-10.754868599999,-10.7858818133584,-10.7303324513513,-10.7786828627883,-10.7600191899213,-10.7983344377434,-10.8066270995368
"d662d41c478094e4a8f701d57e0564d4",-10.7412741976026,-10.7387089857397,-10.759375393169,-10.7624676328491,-10.7962454107087,-10.8184166559514,-10.8270010100018,-10.8397465708358,-10.8206431651761,-9.18891242456256,-6.91104984593157,-7.04958030911876,-10.7739216935355,-10.3947882172713,-7.66996199547358,-7.04930590204372,-6.82475403247873,-6.42586189102115,-6.48974755437841,-6.79300740528534,-10.2711104219189,-6.55234327346457,-6.42162226780652,-6.61311572596286,-6.49705426518977,-6.83389343038368,-7.35147909920739,-6.94974991901814,-10.7758196794839,-8.2262524820362,-10.811493954797,-10.8123929472349,-10.7958300722783,-10.8092696440858,-10.7876044833071,-10.8225303787364,-10.1997040936426,-10.8299441878422,-10.8348892569829,-10.86470849836,-10.8607675808777,-10.8426883527702,-8.59720512938562,-7.88344635413774,-5.99998582994012,-4.60855428397233,-3.83355541129152,-2.90775374864911,-5.76418108223278,-3.55591479429007,-4.79103484130488,-4.8147564121652
"583e7caf625474a3918b14c9f2246d0a",-10.7430987221256,-8.36956287441221,-8.41227702146668,-7.50207610523519,-4.81187360335003,-3.70427060443423,-3.59296657473709,-3.99882168618843,-4.64997598717972,-5.27187071653305,-5.5092883666189,-6.21011151745138,-7.18965279596305,-7.09648483207142,-6.46489978165541,-4.33301006692434,-4.71893698740287,-5.22135244190922,-5.72587007112021,-6.38698134456296,-6.48478789573783,-7.6141476862921,-9.7553934942914,-9.83327965749263,-10.7592340366437,-10.7765257426548,-10.7795431588414,-10.7814726847949,-10.7776442026678,-10.7789720181523,-10.8133184766459,-10.8142174690508,-10.7976545947075,-10.8110941660166,-10.7894290060447,-10.8243549001819,-10.2015286465067,-10.8317687090191,-10.8367137779818,-10.8665330183039,-10.8625921009592,-10.8445128734901,-10.848551729283,-10.8390709916781,-10.8343591011396,-10.7588781677119,-10.7898913784636,-10.7343420211854,-10.7826924284916,-10.7640287571955,-8.277208622906,-6.46870002788021
"e6597e930f9b32e98a6fd25d851f75da",-6.66920963109106,-6.57664364860302,-6.61940631754265,-6.40235933224892,-5.83023477596846,-5.85970498288282,-6.22533089105278,-6.83106202807396,-5.70451749857757,-5.98783552117216,-6.57417884547295,-5.43666526615753,-5.40614471658457,-6.096535547176,-5.55974564217906,-5.61707834879558,-5.181237966777,-5.47525989896153,-5.07228922401547,-5.38076743062276,-5.25734217401906,-5.25276930948603,-5.546866781671,-5.25340626700797,-5.87958281445989,-5.63749157725298,-5.37807380784876,-6.15006957728462,-6.464803126462,-6.40031102869798,-6.44144482157402,-6.86445004504327,-6.69631382361433,-6.85851501353232,-6.45572253505764,-6.67266565664953,-7.25717899620668,-6.3905282575385,-6.4010639543546,-6.33052272301855,-5.74719266619883,-5.75257263882563,-6.37105729294064,-6.20003734238347,-5.79177427365285,-5.98544647478242,-5.96693136058411,-5.0113430082093,-5.8530003733778,-6.09081312478861,-6.14709372525448,-5.43397293828743
"768df3ea504b48ae391c6a6e7d27cda6",-7.56377732690315,-7.19038615405073,-7.08991015521899,-6.80837683500186,-6.93080340792939,-6.66362378277571,-6.17760631696692,-5.7901953820003,-5.39020037041525,-5.67404106867893,-5.53438963883339,-5.77689161899123,-5.28109544890742,-5.67249344079467,-5.75361295101308,-5.76939623718663,-5.62832938689576,-5.25106851394743,-5.63023378663339,-5.57733021285714,-5.79011306440722,-5.76568594815577,-5.7268477475872,-5.71918241027693,-5.74816304221879,-5.30395362686223,-5.4761416462471,-5.51959250680222,-5.8796193762337,-6.07245492724388,-6.12239312352517,-5.56237849223019,-5.76158730975769,-5.93114353485788,-6.02744003364976,-6.67266565664953,-7.54503732670069,-7.05631895194061,-7.39250541134453,-7.02456005852422,-7.37337430991005,-7.08404013297666,-6.93819210526401,-6.40626687972332,-6.26292195870074,-6.35890392670896,-5.83303388788856,-5.56716941549427,-6.05832636162638,-5.23699588739959,-5.02050887014262,-5.35623494841178
"2abf330694cd7731207f2a9032b06581",-10.7772781088798,-10.7747128989818,-10.7953792907231,-10.7984715280836,-6.98492206026918,-5.34351739235424,-3.78502738190369,-3.90748893251325,-3.80272733986394,-4.50519493603773,-5.48479693349065,-5.44929847161402,-6.16380051601699,-6.96283514524909,-10.8282997097721,-10.8357711461719,-10.8063487476501,-10.825301082079,-10.8071938455227,-10.8365548865299,-10.3071147924005,-10.8017365163828,-10.7748097167335,-10.8120066111794,-10.7934134117844,-10.8107051055559,-10.8137225196283,-10.8156520442332,-10.8118235647845,-10.8131513793389,-10.8474978141977,-10.8483968059948,-10.8318339429375,-10.8452735050746,-10.8236083599494,-10.8585342303099,-10.2357085547378,-10.8659480342061,-10.8708930998933,-10.9007123208035,-8.40339719693731,-6.88318311368315,-6.17494284202976,-5.3139635548356,-5.16049104964063,-6.29627186908523,-5.34569365883006,-5.27435437277858,-6.15384909257663,-5.77820502317593,-5.46383180502561,-5.35623494841178
"1ca7de3787f8507c9042645d02405f66",-4.28399559567005,-4.10857967804397,-4.55185917989706,-4.60790387621739,-5.28620347238901,-5.51224787612026,-5.67477422505809,-5.87047324546563,-5.60619414628534,-5.57430975851688,-5.47277074869315,-5.37576848365575,-5.07832103146227,-5.20912971013581,-5.18926364270784,-5.48479693349065,-5.35093162715587,-5.33486938813029,-5.83155658515093,-5.87503287068155,-5.60717979326478,-5.51739788037249,-5.62471599282808,-5.51181454081044,-5.73071535701579,-6.02161648516805,-5.94258509323806,-6.43828484089806,-6.14262862863003,-7.06251291742988,-10.8490107031981,-7.27026317811331,-7.79574941170118,-10.8467863941404,-10.8251212496608,-10.8600471189875,-10.2372214685503,-10.8674609226688,-10.8724059882136,-10.9022252082798,-10.8982842935777,-10.8802050783656,-10.8842439314011,-10.8747632002866,-10.8700513129968,-10.7945704337524,-10.8255836217455,-10.7700343057383,-10.8183846769937,-10.7997210194073,-10.8380362361645,-10.8463288913897
"c45cfa95e995f9bf8a6670a4864bca96",-6.71578734513638,-6.4222608559679,-6.33127940522589,-6.30688337453136,-5.77878687029913,-5.01107963980452,-4.50049169890447,-4.8120425415737,-4.95048220460949,-5.73580395322318,-7.82793842557164,-6.35556497874845,-10.8255422836978,-6.84493380139973,-6.43205805257511,-6.48065787074686,-6.98743593017091,-6.56422112860446,-7.25781608999623,-7.11176697798032,-10.3227317003409,-6.63249572652891,-7.35691824235602,-6.69660474051933,-6.35868051294574,-6.65135651879187,-6.5033253491777,-6.25564340352346,-5.823368597578,-6.0494117911537,-6.01451320087542,-7.83017717678653,-10.847450639613,-10.8608901976626,-6.72179231770626,-5.92201702682938,-6.33983006317557,-6.20787117048376,-5.70625560442431,-5.79864692233815,-5.64006499471241,-5.14110199534793,-4.95276455230758,-5.2760338867026,-6.12287412505761,-5.52797486722047,-4.56266327110292,-6.41152500397572,-6.01376830653844,-7.03317574176773,-7.32129030166504,-6.76759325658564
"5253d98d25bc51baaf939f468ca8ef59",-10.803313806354,-7.67618385011391,-7.08991015521899,-6.8597253520749,-6.40883763957176,-5.82570507861301,-5.59335865704183,-5.16615457651096,-5.619666165809,-6.70288131771767,-5.84444356290342,-5.50147587392916,-6.27222989694636,-5.78204845695859,-5.65948221575962,-5.69035945432406,-5.90683215626728,-5.90750794011331,-6.23799905121277,-6.32803881933971,-5.69449707420296,-6.09604427022175,-5.74492441798738,-5.93888148469985,-6.42548360056523,-6.69396997625819,-7.00290501810906,-7.00696160226815,-8.73488189204748,-9.14270372326037,-7.82893404492907,-8.81125487083206,-10.8578696119373,-8.29439957886632,-7.66079478715276,-7.44653647876146,-6.69703424766648,-6.5449185329296,-6.86598586610584,-6.25806846982828,-6.27350573966968,-5.92954248310013,-5.76103347680231,-6.15448057525397,-5.35386674247276,-4.69174179349166,-4.87006023584384,-4.78119260206408,-5.04262501019567,-4.87176184578221,-5.06844390301763,-5.22604810551654
"32b9c3a857a4561d923e804ff9c01c54",-10.8083693347759,-10.8058041265187,-10.8264705051597,-10.8295627405832,-10.8633404727939,-10.8855116889008,-10.8940960318425,-10.906841576358,-10.8877381952351,-8.09009578318096,-6.1921629583723,-5.88844334106087,-6.13842875168337,-6.84493380139973,-6.03662494322684,-6.29802970656126,-7.42307985816329,-10.8563922780218,-10.8382850525909,-10.8676460756589,-10.3382064017553,-10.8328277268438,-10.8059009442084,-10.8430978152709,-10.8245046274555,-10.841796310451,-8.22732205805132,-6.31290845559332,-6.53636948452684,-5.92125665206449,-5.52276007359387,-4.39238942170943,-6.29023079581606,-6.07314470940728,-5.48490197550756,-6.2665678373529,-6.69703424766648,-4.77435825582065,-4.2001857315782,-5.41155676215455,-7.23975323520843,-6.97858645974273,-5.67619829813401,-7.47779276237997,-5.59328055949796,-3.46297981469775,-4.88395866071419,-6.30956631013466,-4.89575874479896,-7.03317574176773,-8.277208622906,-7.82439594962058
"305f0ef12166d61f455a172ed26bf18c",-8.15179459252116,-10.8326731315194,-9.10553525761006,-7.23954624586764,-7.31060157638157,-7.97674257274183,-7.99463231143183,-7.66458123620527,-7.03609963103034,-7.04807972297014,-6.77113838575105,-7.11417306460296,-10.8678857720142,-7.94425572936432,-7.46918759784396,-8.09132127353041,-7.62385914894509,-7.66377292357896,-7.62575766054026,-7.58207635529203,-7.17869802742962,-7.50873234456995,-7.96334407754181,-7.434847875212,-7.84809730286199,-7.75082994852503,-7.75715806531466,-7.44259923040984,-10.8697837544018,-10.8711115674499,-7.71110125184016,-8.11795863305871,-8.08353434893729,-9.21084024701783,-8.06641686059807,-10.9164943681197,-10.2936696288208,-8.33787511964206,-7.65501178518911,-7.5357415225217,-7.61467087476399,-7.26650140986492,-8.19164770648395,-7.32354782740396,-7.11968322873745,-5.52797486722047,-4.91233971002298,-4.41028219640161,-6.70813716945361,-3.37266573720619,-3.44702822771908,-3.71260007532455
"055b448b67d7b3da8328ac876d03d0f0",-6.98800950274611,-6.66377106179608,-6.13306426462239,-6.71295620067707,-6.44063780336588,-6.42486902390539,-6.41288019762578,-5.40929366309676,-4.99333677527859,-5.24215788250931,-6.86220984497759,-6.35556497874845,-7.05601363310456,-6.73945496355044,-6.31048954359481,-6.14357232530544,-6.60133880847411,-6.07498023796674,-6.26622419784545,-6.32803881933971,-5.84155922893189,-6.14616452659201,-6.01534382089793,-6.06982426510885,-7.02091653956012,-6.99657384554995,-10.8769026531766,-8.04900125339977,-7.26800842888406,-6.22305877712777,-5.6858780446431,-5.52400767212882,-6.04459311287601,-7.0700241772247,-6.5990328905365,-6.07959232197013,-5.50462432232439,-5.42135228736374,-6.00436178821681,-6.88466464341067,-7.17908376933719,-7.77760641526804,-7.03836794257394,-6.96659006470303,-5.80757032575371,-4.59157823246862,-4.64223430887282,-5.81055375941705,-5.36283813184616,-6.33914604598228,-4.98222558264072,-4.85956068638516
"2eb3650ae005e049a426a27cd8fcfbb9",-5.86687266952227,-5.17574193786368,-5.62079097913364,-5.69096848460062,-6.06724176022413,-5.85970498288282,-5.67477422505809,-5.53287175638357,-5.5540383865758,-6.07319813213465,-6.81563999007433,-6.45416788707106,-6.36200387229813,-6.40250929811224,-5.72124810626383,-5.56206528870419,-6.03499196956461,-5.39101179806521,-5.72587007112021,-6.19425231816512,-5.95309053422637,-5.7482392347158,-5.99175520253802,-6.69660474051933,-6.29604843036237,-6.19107008218674,-6.05048360261751,-6.43828484089806,-6.16800016683489,-6.83915518748988,-6.57517545707627,-6.21914777846422,-5.7781681860146,-5.98956273981839,-5.74442084576133,-5.65185545123971,-5.50462432232439,-5.77005026896945,-5.91231690657857,-6.40861783825457,-6.0216524214889,-6.06089732182332,-6.17494284202976,-6.29786457132693,-6.3410264151601,-5.78421671406279,-5.85110469874993,-6.05414587598113,-6.17922003128909,-5.97546771206675,-6.1712422205662,-10.9181116832721
"22fe29187ea3d0c1909c6a2b91978cc7",-10.8690438816202,-10.8664786764218,-10.8871450306413,-10.8902372624539,-10.9240149559401,-10.9461861473306,-10.9547704808488,-10.967516011521,-10.9484126512129,-10.9270412012443,-10.9391489027121,-10.8987970615795,-10.9016912942094,-10.5225589757409,-8.07558263667172,-7.93711956157842,-7.74169647783927,-6.81584882373908,-5.97077322716911,-6.29981692586917,-6.99622392696975,-6.2836401848265,-5.14446664172978,-5.31758117169637,-3.54740538952314,-3.59502194101224,-5.03474989918332,-5.86796354404639,-10.9035892753957,-7.88967322486694,-6.05628560811464,-5.30996642376524,-4.97839168798454,-5.07759024814546,-6.52482016795058,-7.3664451483276,-6.56332647264447,-5.85033291713889,-5.1400457411517,-6.19049357957299,-5.86709738357458,-6.33589376462978,-6.76365393500788,-6.74321076997086,-6.86161614318426,-8.69584134284388,-10.9158364211432,-10.8602872031543,-8.23514853218187,-8.1969328293223,-8.09483621563786,-8.29454951514368
"6a262e6d4493c3254ef99e267db77a13",-10.8711173200964,-10.8685521149993,-10.8892184684102,-10.8923107001032,-10.9260883923071,-10.9482595828792,-10.9568439160854,-10.9695894462992,-10.9504860866804,-10.9291146374985,-10.9412223385185,-10.9008704988997,-10.903764731419,-10.5246324305461,-10.9221388280135,-10.9296102511921,-10.9001879053114,-10.9191402056545,-10.9010330016503,-10.930393990169,-10.400955125587,-10.8955756824374,-10.8686489325697,-10.9058457585973,-10.8872525930836,-10.9045442553251,-10.907561663951,-10.9094911850818,-10.9056627125329,-10.9069905246913,-10.941336898665,-10.9422358888964,-10.9256730549125,-10.9391125934219,-10.9174474865431,-10.9523732956531,-10.3295491093195,-10.9597870868204,-10.9647321440697,-10.9945513149734,-10.9906104066848,-10.9725312212215,-6.84712793977071,-5.07422639687779,-4.51790246857698,-3.33139642932315,-3.09186062778419,-5.15464728714006,-3.83707200311131,-6.16696464494972,-6.84131017957398,-6.90750524772693
"e51072f054476c7d775a498ebc7dfcb7",-4.52499754155773,-5.21808646912491,-5.80680693051648,-6.24793234062968,-6.47347908901985,-6.42486902390539,-6.32817806735927,-6.3549809000133,-6.46005115723117,-6.58494484899616,-6.37972365376723,-6.38736795851236,-6.42665025666523,-5.99621514986658,-5.70544775397526,-5.61707834879558,-5.55503189847341,-5.59507782378864,-5.51538846372195,-5.07491763488146,-5.48893772615669,-5.05189857054766,-5.53199349036214,-5.30659820297784,-4.88905775497584,-4.63930017598923,-4.84558832624594,-4.78937169499411,-4.81494476956335,-5.13876220050221,-6.16901282514928,-7.34442085823275,-7.79574941170118,-10.9441064500219,-10.9224413450796,-10.9573671510883,-10.3345430401591,-10.9647809416111,-10.9697259984332,-10.9995451668049,-10.9956042588467,-10.9775250749155,-10.9815639209138,-10.9720832063633,-10.9673713273645,-8.00252686826431,-10.9229037163115,-10.867354505631,-10.9157047848819,-10.8970411622839,-10.9353563079113,-10.9436489480973
"209c1511c7ca0e943da2606462614b95",-6.54120314437257,-6.61926128280658,-6.01215804305996,-6.47146270707871,-6.31907106854937,-6.20741153344857,-6.17760631696692,-6.3549809000133,-6.63019465096669,-6.51338358322365,-6.68765708585389,-6.2375647878252,-7.18965279596305,-6.73945496355044,-6.49885323689429,-6.9379781427504,-6.9302231965504,-6.56422112860446,-5.92899191775659,-6.29981692586917,-6.84192068020345,-6.25459774663835,-5.86078622346587,-6.22042896211422,-6.2088694415613,-6.06718666433331,-6.02795718346701,-5.63281537421119,-5.84177150980575,-5.3539025738503,-5.6858780446431,-5.73239484958992,-5.39373084680181,-5.48109062853675,-5.62076836801818,-5.78582562211763,-6.69703424766648,-6.11670761014195,-6.37284565368078,-6.65259603041976,-6.45614151484799,-6.36260863067188,-6.31832110383386,-6.27249957683797,-6.39669153162888,-5.57131494170255,-5.18288553660254,-4.90970937550629,-6.05832636162638,-5.13735106018572,-5.77292105501708,-5.68132632989446
"c619014dce44f401c196cf7f60af4e54",-4.48241993722229,-5.10565405615118,-6.05878936149424,-6.50788559834222,-7.2364421863807,-6.87744333605848,-6.32817806735927,-5.6333317741354,-4.78321791710349,-4.3357653847281,-6.72852892709548,-6.03645964030886,-5.32479699935242,-4.39624545477823,-5.25728701699004,-5.16817789823631,-5.65920996615951,-5.06769802434633,-5.33000110488759,-5.75487413581391,-6.38932505583093,-6.22637196534243,-6.35251324555574,-6.43052560464466,-5.94162596119607,-5.73312550389011,-5.40171166475232,-5.22056987762904,-5.64045534070493,-5.80760609561045,-5.91710013181912,-6.77337880888332,-7.57250298502038,-10.9626336199338,-10.9409685220921,-10.9758943167294,-10.3530704822824,-10.9833081048891,-10.9882531601446,-11.0180723192325,-11.0141314124854,-10.9960522341719,-11.0000910789064,-10.9906103673307,-10.9858984898208,-10.9104177736905,-10.9414308931708,-10.885881701406,-10.9342319641337,-10.9155683478193,-10.9538834806725,-10.9621761181575
"5aa44ccd479f0310c977c1a673c4ad0a",-5.90866093945663,-6.0159829284931,-6.5014564901254,-5.72441559780611,-6.50743210087823,-6.74376467887291,-6.53823629764744,-6.83106202807396,-7.15398038973967,-6.29680233604818,-6.29501664353496,-6.52573539333053,-6.42665025666523,-6.096535547176,-5.89461072366844,-5.56206528870419,-5.61323704478352,-5.79799487343598,-6.10767453044791,-5.9705983544266,-5.95309053422637,-5.32969490224029,-5.13445799333759,-5.14539278660487,-5.069633944878,-5.09721885097034,-5.2675359422086,-5.15318454530857,-5.14571641120316,-5.33132222001372,-5.64255614602893,-5.73239484958992,-5.63794197910349,-5.48109062853675,-5.83020532804343,-5.7092089014058,-5.54925293519191,-5.817447125026,-6.62453940866136,-6.55402243140179,-7.37337430991005,-8.02901395341866,-7.78604411020476,-7.56485126361268,-8.16166045205628,-10.915103703656,-10.9461168205286,-10.8905676334927,-7.76498578972675,-10.9202542773461,-10.9585694070057,-10.9668620438155
"14a0e05106135e35f3516fe52964651f",-5.8466121704285,-6.17048204037964,-5.80680693051648,-5.39396008529019,-5.14300819882359,-5.34351739235424,-5.60647908165142,-5.83758936696161,-4.82561070088566,-5.14012343606886,-5.46088629479585,-4.56035900614541,-4.61007616475695,-5.45543981676445,-5.1255291698934,-5.89164421182577,-5.62832938689576,-5.8696630314987,-5.79508028666365,-6.27236693257438,-6.01386795610422,-6.55234327346457,-6.75855897262001,-6.11755982363968,-6.61500482841879,-10.9460763951561,-10.94909380153,-10.9510233212242,-10.9471948515284,-10.948522662696,-10.9828690114937,-10.9837680010777,-10.9672051791157,-10.980644707855,-10.9589796167911,-10.9939054005739,-10.3710818300415,-11.0013191864778,-11.006264240238,-11.036083390464,-6.4851739320031,-11.014063311922,-11.0181021554501,-11.008621446714,-6.19045836170386,-6.32709937963281,-6.22174049702397,-5.46447895904143,-6.31668676410855,-5.76045018982565,-6.32977183368853,-5.1448345670873
"edd74e591385b3625e039a5966ddc0c3",-6.20415364051833,-5.84116477633676,-5.65215495566661,-5.81324567389763,-6.47347908901985,-6.55427719009604,-6.50539823904797,-6.53219341738941,-6.98198354465218,-10.9728127058443,-10.9849203976389,-6.98890145001417,-6.88400169904678,-6.15072121677334,-6.40025744530882,-7.10998158204096,-10.943885996155,-7.02736670746864,-6.18382328177413,-5.49906192291877,-5.25734217401906,-6.22637196534243,-6.01534382089793,-6.19370697326126,-7.02091653956012,-6.73847557897764,-6.40138209397469,-6.40544171175026,-5.823368597578,-5.75525936800764,-5.84544166658943,-6.6128372132191,-6.65544035036765,-7.41858090274813,-6.42288032741576,-6.24120134269171,-6.00265173649855,-6.5120807955861,-6.69874219001164,-6.14784488226251,-6.1608032540756,-5.70926040112925,-5.02839625208316,-4.30798685441217,-4.65089271605942,-6.18163807918462,-5.90735106506396,-6.91116123682284,-5.78132870000906,-6.47289814043952,-6.05591814616151,-5.61012389824035
"5c19cd705ccd19702e1615b7f1adc1c1",-3.63746787952044,-3.36245175748168,-3.58101124308064,-4.12623792599805,-5.349692179352,-6.87744333605848,-6.94418363559569,-7.25888152399045,-7.98109859852216,-8.09009578318096,-7.82793842557164,-8.43652528834878,-10.9588019967943,-10.5796701498879,-8.76888532613486,-8.78462153484075,-7.87528216075398,-7.29583944054148,-7.42497857574351,-7.31955922847679,-7.40199409914373,-6.86638488850627,-7.04653122817937,-7.12447826249342,-6.70212787486694,-6.33241806974274,-6.5033253491777,-6.25564340352346,-7.12480027183448,-6.74373790116802,-6.96338913946811,-7.07595802494821,-7.92933223804051,-8.11202803831707,-10.9724847385366,-11.0074105143078,-10.3845871385693,-11.0148242985467,-11.0197693512032,-11.0495884948883,-11.0456475901506,-11.0275684211576,-11.0316072637952,-11.022126557155,-11.0174146821154,-10.9419340071868,-10.9729471093612,-10.9173979489794,-10.9657481842935,-10.9470845784042,-10.9853996900637,-10.9936923230677
"5f9981020f592f84640f67071b0b9462",-7.05260570232638,-6.98257282076035,-7.6010691123214,-7.16538306931963,-7.47775848880832,-7.14962244429445,-6.9955251401797,-6.63411698653229,-6.21177482018471,-5.73580395322318,-5.52176087287124,-5.11657745874532,-4.63805061724679,-4.51050110498383,-4.84921380141004,-5.23367627604784,-5.39821721674114,-5.68368441911001,-6.35599914786414,-5.9312755275185,-5.74117000672782,-5.73108982760645,-5.76333171817012,-5.36274812325854,-5.78399300041533,-5.65281301446837,-5.79092542193745,-6.10117274075923,-6.09373099535786,-5.90140038677114,-6.61159290576442,-6.27054061495817,-6.04459311287601,-6.09517370001658,-6.07199664549985,-6.2665678373529,-6.33983006317557,-6.90202460427315,-6.73801030439262,-6.88466464341067,-6.22689592921588,-6.88318311368315,-6.3443428191163,-7.01793050110591,-7.55528679676161,-8.69584134284388,-8.76254171085194,-7.1796596900071,-7.89857022290078,-6.58639232016147,-6.84131017957398,-6.34713899071313
"2da1ffca6c2b57046ba9d58302618c34",-6.23319891911288,-7.55834284512329,-6.30045212765981,-6.40235933224892,-6.40883763957176,-6.87744333605848,-6.89534525890546,-6.59897871064842,-5.66119836514255,-5.32342067784535,-5.44914025628262,-5.0984499198238,-4.88747813142292,-5.94957664379965,-5.39722607953233,-6.32625169128869,-5.67501277897758,-7.02736670746864,-6.08352269152593,-5.99085211471158,-5.35017501778533,-5.95913915542724,-5.76333171817012,-5.71918241027693,-6.32687595339046,-5.89612985719936,-5.59922678801566,-6.25564340352346,-5.93920408269179,-5.98329295251404,-6.35168320467008,-6.91328993448061,-6.06662355403269,-6.72483354211615,-6.42288032741576,-5.97825265313575,-6.24434340759209,-6.68821101169757,-5.96652653403901,-7.24788154578196,-6.20437817293053,-6.25976798773065,-6.72438702074114,-7.56485126361268,-7.6506445514369,-6.3917495951746,-6.81569220257924,-5.46447895904143,-6.17922003128909,-6.47289814043952,-6.55327180955907,-6.1644670221818
"b3d06abc9373143dba5ec7195152218d",-10.9573380976574,-10.9547728965914,-10.9754392178177,-10.9785314447521,-7.04213190253363,-11.0344802439208,-6.94418363559569,-7.40207621587858,-11.0367067444906,-7.31654817718298,-7.07371827088247,-8.03095177328079,-10.9899854585687,-10.6108538580003,-11.0083595275069,-6.29802970656126,-10.9864086379041,-11.0053609096268,-10.9872537329553,-7.80532180185801,-10.4871768452198,-10.9817964220777,-10.9548697140094,-10.9920664825891,-10.9734733455242,-5.91598640593203,-5.67471834171229,-5.33646913251241,-5.36307138170648,-5.55543283743242,-5.56113108044755,-4.87855648005367,-4.8048507481619,-4.53209454464727,-5.21835960672264,-6.03782221190235,-5.64491672178916,-5.66743540640533,-5.5848753897716,-5.36254333884731,-5.06512347938033,-5.17381240914625,-5.29655655797484,-5.38397473449751,-5.67360959501883,-5.74838678089295,-6.22174049702397,-10.9485814333419,-5.81652638016929,-10.9782680464765,-11.0165831378133,-11.0248757665204
"69346761032b8631fd4776b05a1911dd",-5.02759972550534,-5.04921477606373,-5.2939746171139,-5.69096848460062,-6.00254872336428,-6.00851830167381,-6.30146156820829,-6.46957913282617,-6.70725345814875,-6.16649331588733,-6.1921629583723,-6.32473903568574,-5.34737805689253,-5.78204845695859,-6.20206826385024,-5.98906370821565,-6.38590132417467,-6.42586189102115,-6.18382328177413,-5.95074467155641,-6.22196558102949,-5.83866515513777,-6.19807212978209,-6.65399142473382,-6.35868051294574,-6.42788984829772,-6.30884818716667,-6.54380525848305,-6.39800434634591,-6.69923258103619,-6.44144482157402,-6.32470736842719,-6.23606055079872,-5.77385003727292,-5.62076836801818,-5.65185545123971,-6.33983006317557,-5.88433042889525,-6.2672954207012,-6.16894283389816,-7.17908376933719,-6.71594267046559,-6.24407443221853,-6.20003734238347,-6.62016844009074,-6.0079752199736,-7.46284134267012,-6.91116123682284,-5.68256947825692,-6.80981163465201,-6.35881029613407,-6.50153988948327
