"ASVID","UK01A","UK02A","UK03A","UK04A","UK05A","UK06A","UK08A","UK09A","UK10A","UK11A","UK12A","UK13A","UK14A","UK15A","UK16A","UK17A","UK18A","UK19A","UK20A","UK21A","UK22A","UK23A","UK24A","UK25A","UK26A","UK27A","UK28A","UK29A","UK30A","UK31A","UK32A","UK33A","UK34A","UK35A","UK36A","UK37A","UK38A","UK39A","UK40A","UK41A","UK42A","UK43A","UK44A","UK45A","UK46A","UK47A","UK48A","UK49A","UK50A","UK51A","UK52A"
"08bd45c0807b6fb44faaa54fb53e4213",7.20785987143248,6.88857245956536,6.90675477864855,6.82979373751242,6.78445706263764,6.82219739062049,6.8596149036542,6.46146817635372,6.35610766069589,6.4393503711001,6.67834211465433,6.42971947803914,7.20785987143248,7.07326971745971,7.0352685992811,6.84161547647759,6.86066367144829,6.96413561241824,6.80461452006262,6.95844839329766,5.18178355029209,6.09582456243222,6.13122648948314,6.15060276844628,7.14991683613211,6.91075078796194,7.26192709270275,7.23417717974985,7.7007477945118,7.12286665859908,5.98645200528444,5.88332238848828,5.66642668811243,7.38336814699238,7.26542972325395,7.47477218239787,7.17930796950403,7.45703208912238,7.25063551189868,7.39018142822643,7.68386398025643,7.17930796950403,7.1708884785125,7.43720636687129,7.21450441415114,6.8596149036542,6.4150969591716,6.83625927727707,6.95844839329766,7.18159194461187,6.81892406527552
"b73cb42e006377b6fde3161fcec1d0f9",7.22620901010067,7.20563517641036,7.10002716662926,7.31986492980897,7.38956395367764,7.31986492980897,6.93537044601511,7.06731984865348,6.87935580446044,6.99209642741589,6.82979373751242,5.84643877505772,7.13886699994552,7.0184017990692,7.08506429395255,7.23705902612474,6.87832646829133,6.87523208727658,7.40000951716269,6.79346613258001,6.12249280951439,6.42486902390539,5.84354441703136,6.88653164253051,6.36818718635049,6.79122146272619,6.94119005506837,7.2283884515736,7.04577657687951,7.56268124672188,6.84906628263346,6.70073110954781,6.30078579466324,7.04315991598834,7.51860721681525,7.1800698743028,7.10249935577465,6.78784498230958,5.96870755998537,5.76205138278018,5.68017260901707,5.95583736946483,6.02344759296103,6.65027904858742,5.55682806169954,5.47227067367148,5.23644196282995,5.11799381241676,6.07304453410041,5.29831736654804,6.00388706710654
"30dbf1c75521f969f69ff64101abcee2",6.38350663488401,6.10031895202006,6.20050917404269,5.91889385427315,6.18001665365257,5.91620206260743,5.79909265446053,5.8664680569333,6.20657592672493,6.3456363608286,7.03262426102801,7.55328660560042,6.26530121273771,6.05443934626937,6.21060007702465,6.12468339089421,6.22455842927536,6.25190388316589,5.64544689764324,5.79301360838414,6.0913098820777,6.08221891037645,6.12686918411419,6.02102334934953,6.59714570188665,6.98933526597456,6.72623340235875,6.53378883793334,5.96357934361845,5.71373280550937,5.71702770140622,5.71042701737487,5.81413053182507,4.72738781871234,4.52178857704904,4.96284463025991,5.26785815906333,5.4971682252932,6.03787091992214,6.10031895202006,5.76205138278018,5.35185813347607,5.5683445037611,5.07517381523383,6.23441072571837,6.17586727010576,6.40357419793482,6.31354804627709,5.82894561761021,6.32256523992728,5.61312810638807
"583e7caf625474a3918b14c9f2246d0a",4.49980967033027,4.18965474202643,4.14313472639153,4.0943445622221,4.85981240436167,5.20948615284142,5.63478960316925,6.41017488196617,6.61338421837956,6.79794041297493,7.26752542782817,7.90838715929004,6.60258789218934,6.16541785423142,5.74300318780948,5.40267738187228,5.25749537202778,5.42053499927229,5.73657229747919,5.76205138278018,6.45833828334479,6.09356977004514,5.59098698051086,5.97126183979046,6.78784498230958,7.14598446771439,6.46458830368996,5.73979291217923,4.0943445622221,2.94443897916644,2.70805020110221,2.70805020110221,3.17805383034795,2.484906649788,2.83321334405622,2.70805020110221,2.484906649788,1.94591014905531,4.4188406077966,5.73009978297357,5.72358510195238,5.8406416573734,4.75359019110636,3.68887945411394,4.89034912822175,6.10031895202006,6.38856140554563,7.11882624906208,5.64544689764324,6.62140565176413,5.28320372873799
"7a3ba492a5e6828062d29151d0ac288f",5.79909265446053,5.88332238848828,6.15060276844628,6.18001665365257,5.93224518744801,5.8111409929767,5.6937321388027,5.67332326717149,5.6970934865054,5.83773044716594,5.61312810638807,5.37527840768417,5.80513496891649,5.9427993751267,5.85507192220243,6.06842558824411,5.99146454710798,5.71042701737487,6.03068526026126,5.98141421125448,5.60947179518496,5.97888576490112,6.11809719804135,6.08677472691231,5.41164605185504,5.33753807970132,5.64897423816121,5.42934562895444,5.87493073085203,6.10031895202006,5.99893656194668,5.74939298590825,6.07304453410041,5.73334127689775,5.57594910314632,5.66296048013595,5.92692602597041,6.02344759296103,6.24997524225948,6.31354804627709,6.50279004591562,6.13556489108174,6.09356977004514,6.02102334934953,5.96614673912369,5.60947179518496,5.53338948872752,5.89164421182577,5.8636311755981,5.80814248998044,5.71702770140622
"0234344c5194a16654cbdac94efd8de1",5.91350300563827,5.83188247728352,5.80211837537706,6.03548143252476,5.92157841964382,5.88332238848828,5.96870755998537,5.7268477475872,5.71373280550937,5.69035945432406,5.65948221575962,3.55534806148941,5.80814248998044,5.42053499927229,5.81413053182507,5.8664680569333,5.73334127689775,5.82008293035236,5.88332238848828,5.41164605185504,4.36944785246702,4.27666611901606,3.46573590279973,4.69134788222914,4.39444915467244,4.80402104473326,5.14166355650266,5.10594547390058,5.4553211153577,6.22257626807137,4.23410650459726,2.484906649788,2.30258509299405,6.29894924685594,6.69826805411541,6.62140565176413,6.42162226780652,6.48463523563525,5.38449506278909,5.14749447681345,5.00394630594546,5.46383180502561,5.74300318780948,6.65286302935335,5.20948615284142,5.91889385427315,5.7268477475872,5.97126183979046,6.85751406254539,6.0913098820777,6.61873898351722
"d91d91ddd239d382e64507aae73eba4b",5.74939298590825,5.79909265446053,5.62401750618734,5.95064255258773,5.88887795833288,6.02102334934953,6.30809844150953,6.15060276844628,5.98645200528444,6.24997524225948,5.66642668811243,4.98360662170834,6.30809844150953,6.20657592672493,6.22653666928747,6.22455842927536,5.96614673912369,5.89164421182577,6.11146733950268,5.8111409929767,4.43081679884331,5.31320597904179,4.54329478227,5.81413053182507,5.2040066870768,5.61677109766657,5.41610040220442,5.56068163101553,5.54907608489522,5.8111409929767,4.02535169073515,4.48863636973214,3.98898404656427,5.98141421125448,6.29156913955832,6.07993319509559,6.04500531403601,5.8348107370626,5.12396397940326,5.33753807970132,4.9416424226093,4.90527477843843,5.72358510195238,6.07764224334903,5.48063892334199,5.29831736654804,5.18178355029209,5.35185813347607,5.96870755998537,5.34710753071747,6.22851100359118
"78685ceba064e4c0ed07ada1dc4dcd8d",5.79605775076537,5.8348107370626,5.75574221358691,5.98896141688986,6.21060007702465,6.25766758788264,6.37161184723186,6.17170059741091,6.07993319509559,6.19236248947487,6.24804287450843,5.91889385427315,6.83947643822884,6.57088296233958,6.34212141872115,6.16751649088834,6.02102334934953,6.28599809450886,6.18208490671663,6.4425401664682,4.35670882668959,5.29831736654804,4.58496747867057,5.4553211153577,5.68017260901707,4.95582705760126,5.35185813347607,5.64544689764324,5.61677109766657,5.63121178182137,4.43081679884331,4.76217393479776,3.63758615972639,5.41164605185504,5.53733426701854,5.71042701737487,5.44241771052179,5.52942908751142,4.98360662170834,4.91998092582813,4.39444915467244,4.24849524204936,4.51085950651685,4.9416424226093,4.00733318523247,4.57471097850338,4.79579054559674,4.81218435537242,5.32787616878958,5.19295685089021,5.41164605185504
"f34cdcd73e535507d29c29b19d01f658",6.46302945692067,6.45204895443723,6.43615036836943,6.3491389913798,6.13988455222626,6.25575004175337,6.07764224334903,6.02102334934953,6.04973345523196,5.40717177146012,4.98360662170834,4.11087386417331,5.67675380226828,5.90536184805457,5.93753620508243,5.78382518232974,6.08221891037645,5.8636311755981,5.5834963087817,5.41164605185504,4.12713438504509,3.63758615972639,3.66356164612965,3.80666248977032,4.17438726989564,5.43372200355424,5.82600010738045,5.03043792139244,3.13549421592915,3.04452243772342,3.73766961828337,3.78418963391826,3.97029191355212,4.98360662170834,5.26785815906333,5.53733426701854,5.79605775076537,5.61677109766657,4.69134788222914,4.67282883446191,4.27666611901606,4.67282883446191,4.91265488573605,5.33271879326537,5.48893772615669,5.8805329864007,6.00388706710654,4.90527477843843,5.29831736654804,4.82028156560504,5.46806014113513
"0fb538dc7ae93db1aad8af6b841e0274",4.90527477843843,4.69134788222914,4.45434729625351,4.43081679884331,4.79579054559674,4.9416424226093,4.969813299576,4.70048036579242,4.34380542185368,4.17438726989564,4.81218435537242,5.29831736654804,4.66343909411207,5.27299955856375,5.13579843705026,4.47733681447821,4.76217393479776,4.82028156560504,4.57471097850338,4.99721227376411,5.51745289646471,6.05208916892442,6.11368217983223,6.11368217983223,6.26149168432104,6.12468339089421,5.67675380226828,5.52942908751142,5.06259503302697,4.38202663467388,4.60517018598809,4.56434819146784,4.61512051684126,4.12713438504509,4.66343909411207,4.969813299576,5.58724865840025,6.05443934626937,6.52356230614951,5.78074351579233,5.15905529921453,5.45958551414416,6.05678401322862,5.75257263882563,6.53813982376767,6.5694814204143,6.37842618365159,5.605802066296,4.68213122712422,5.58724865840025,4.26267987704132
"f0251ae1f45621e16745ce99443f242c",5.21493575760899,4.90527477843843,4.83628190695148,4.60517018598809,4.34380542185368,4.31748811353631,4.4188406077966,4.65396035015752,4.84418708645859,4.60517018598809,5.10594547390058,4.68213122712422,4.99043258677874,5.35185813347607,5.46383180502561,5.50533153593236,6.05208916892442,6.18826412308259,6.36475075685191,6.46925031679577,5.55295958492162,6.27287700654617,6.61606518513282,6.24997524225948,5.97888576490112,5.54517744447956,5.13579843705026,4.89034912822175,5.03695260241363,5.42053499927229,4.9416424226093,5.09375020080676,5.23644196282995,5.14166355650266,5.29831736654804,5.62762111369064,5.34710753071747,4.44265125649032,4.58496747867057,4.38202663467388,4.75359019110636,4.79579054559674,4.96284463025991,4.59511985013459,4.98360662170834,4.89783979995091,4.67282883446191,5.20948615284142,5.32787616878958,5.56068163101553,4.95582705760126
"b66772dfb431b48b579915617caf0ad6",4.52178857704904,4.27666611901606,4.4188406077966,4.30406509320417,4.38202663467388,4.64439089914137,5.11799381241676,5.54126354515843,5.89440283426485,6.19236248947487,6.68710860786651,4.92725368515721,6.73340189183736,6.86171134048073,6.90675477864855,6.94505106372583,6.83410873881384,6.44571981938558,5.96614673912369,5.59098698051086,3.29583686600433,2.77258872223978,4.46590811865458,4.48863636973214,4.82028156560504,3.58351893845611,4.06044301054642,3.85014760171006,5.17048399503815,5.40717177146012,2.89037175789616,2.30258509299405,2.77258872223978,6.26720054854136,6.10924758276437,5.33753807970132,4.67282883446191,-0.47540109685954,-0.494827278368544,-0.477539038369392,-0.435514405087924,-0.465321294300911,-0.43674342705321,2.07944154167984,-0.400156299665083,-0.406285181366628,-0.422630041590057,-0.406669849146757,0,1.38629436111989,1.94591014905531
"868e0165fe32a8925b7f20afa5e1dbfc",5.30330490805908,5.05624580534831,5.03043792139244,4.72738781871234,4.81218435537242,4.71849887129509,4.47733681447821,4.64439089914137,4.71849887129509,4.70048036579242,5.08140436498446,5.52146091786225,4.70953020131233,4.85203026391962,4.99721227376411,4.51085950651685,4.91998092582813,4.77068462446567,4.24849524204936,4.82028156560504,5.74939298590825,5.54517744447956,5.6937321388027,5.20948615284142,4.98360662170834,5.28826703069454,4.89783979995091,4.89783979995091,4.60517018598809,4.75359019110636,5.41610040220442,5.59098698051086,5.84354441703136,4.61512051684126,4.47733681447821,4.80402104473326,4.83628190695148,4.95582705760126,5.56068163101553,5.55682806169954,5.89440283426485,6.11809719804135,6.29894924685594,5.14749447681345,6.33682573114644,6.3456363608286,6.32076829425058,5.76832099579377,4.97673374242057,6.02344759296103,4.98360662170834
"83ce8edb4ac8c161373501ee646e0000",5.78689738136671,5.4971682252932,5.67675380226828,5.44673737166631,5.38449506278909,5.6970934865054,5.4380793089232,4.86753445045558,5.00394630594546,5.01063529409626,5.13579843705026,5.87493073085203,4.98360662170834,4.85981240436167,4.94875989037817,4.51085950651685,5.12989871492307,5.33271879326537,5.52942908751142,5.80211837537706,6.61069604471776,6.52502965784346,6.21660610108486,5.53338948872752,5.69035945432406,5.39816270151775,5.6021188208797,5.23644196282995,4.9416424226093,3.63758615972639,4.4188406077966,4.70048036579242,4.55387689160054,3.91202300542815,3.09104245335832,3.3322045101752,2.19722457733622,2.94443897916644,3.78418963391826,4.35670882668959,4.31748811353631,4.97673374242057,4.21950770517611,3.78418963391826,4.77912349311153,4.86753445045558,5.31811999384422,5.20948615284142,3.3322045101752,4.62497281328427,3.55534806148941
"9597fc3785cf1fa55fae3a6a76e3e1d7",5.66642668811243,5.80211837537706,6.12686918411419,6.08221891037645,6.32076829425058,6.29526600143965,6.57507584059962,6.39024066706535,6.50428817353665,6.35437004079735,6.08904487544685,5.29330482472449,5.31811999384422,5.04342511691925,5.00394630594546,5.34710753071747,5.2040066870768,5.17048399503815,5.35658627467201,5.30330490805908,5.20948615284142,5.04342511691925,5.13579843705026,3.87120101090789,3.61091791264422,3.43398720448515,3.43398720448515,2.83321334405622,3.25809653802148,3.46573590279973,3.2188758248682,2.89037175789616,3.29583686600433,3.52636052461616,3.85014760171006,3.3322045101752,2.70805020110221,2.07944154167984,2.83321334405622,2.83321334405622,3.58351893845611,3.66356164612965,3.63758615972639,4.26267987704132,3.93182563272433,3.58351893845611,3.25809653802148,4.91998092582813,4.94875989037817,4.82028156560504,4.77912349311153
"a738568b261166a672bdd2c51055fff7",5.82304589548302,5.75257263882563,5.80211837537706,5.72358510195238,5.88332238848828,5.89440283426485,5.68017260901707,5.58724865840025,5.66988092298052,5.79301360838414,5.46383180502561,5.56068163101553,5.38449506278909,5.2040066870768,5.16478597392351,5.04985600724954,5.18178355029209,5.25227342804663,5.18738580584075,5.23110861685459,6.08677472691231,5.22035582507832,4.95582705760126,4.98360662170834,3.66356164612965,3.2188758248682,3.95124371858143,3.98898404656427,3.13549421592915,3.2188758248682,4.68213122712422,4.02535169073515,3.17805383034795,5.69035945432406,5.53733426701854,5.65948221575962,5.43372200355424,5.21493575760899,3.17805383034795,3.71357206670431,4.00733318523247,4.15888308335967,4.38202663467388,5.24702407216049,3.95124371858143,4.31748811353631,4.87519732320115,3.46573590279973,5.05624580534831,3.76120011569356,5.31811999384422
"750ba0e2bb9fe55d1cbb3b4eaadc1981",5.08759633523238,5.01727983681492,5.09375020080676,5.17614973257383,5.25227342804663,5.39816270151775,4.969813299576,5.02388052084628,4.969813299576,4.7361984483945,5.52545293913178,5.89440283426485,4.75359019110636,4.61512051684126,4.36944785246702,4.40671924726425,4.56434819146784,4.51085950651685,4.31748811353631,4.54329478227,5.31811999384422,5.12989871492307,5.04985600724954,4.91998092582813,4.79579054559674,4.26267987704132,4.20469261939097,3.95124371858143,3.98898404656427,3.93182563272433,4.14313472639153,4.06044301054642,4.24849524204936,3.76120011569356,3.85014760171006,4.04305126783455,4.77912349311153,4.80402104473326,5.74939298590825,5.90263333340137,5.95583736946483,5.95842469302978,5.73979291217923,4.70953020131233,5.6970934865054,5.68697535633982,5.92692602597041,6.00881318544259,5.40717177146012,6.12249280951439,5.41164605185504
"cc4fa36d40bc7a4d412d0e7cb87ef853",4.33073334028633,4.36944785246702,4.12713438504509,4.07753744390572,4.20469261939097,4.0943445622221,4.38202663467388,4.40671924726425,4.64439089914137,4.48863636973214,5.18738580584075,5.69035945432406,4.69134788222914,4.99043258677874,5.0998664278242,4.74493212836325,5.2257466737132,4.98360662170834,4.99043258677874,5.10594547390058,5.71702770140622,5.54126354515843,4.9416424226093,4.96284463025991,5.36129216570943,5.81413053182507,5.61677109766657,5.4249500174814,4.56434819146784,4.39444915467244,5.12989871492307,5.33271879326537,5.50938833662798,4.49980967033027,4.52178857704904,5.01063529409626,5.27299955856375,5.35185813347607,5.18738580584075,5.19295685089021,5.06259503302697,5.57972982598622,5.48063892334199,5.11198778835654,6.0282785202307,5.96100533962327,5.51745289646471,5.17048399503815,4.54329478227,4.87519732320115,3.85014760171006
"0a4893b9a6062b1e61e27c920e0e38ca",5.35658627467201,5.22035582507832,5.34710753071747,5.37527840768417,5.11799381241676,5.35185813347607,4.85981240436167,4.75359019110636,4.59511985013459,4.15888308335967,4.84418708645859,4.26267987704132,4.55387689160054,4.62497281328427,4.67282883446191,4.69134788222914,5.12989871492307,5.25749537202778,4.85981240436167,5.43372200355424,5.62762111369064,4.85203026391962,5.08759633523238,5.33753807970132,4.969813299576,5.01063529409626,5.29831736654804,5.28826703069454,5.12989871492307,4.98360662170834,5.43372200355424,5.17048399503815,4.64439089914137,5.17614973257383,5.19849703126583,5.35185813347607,5.17048399503815,5.41610040220442,4.95582705760126,4.89034912822175,5.18178355029209,5.53733426701854,5.47646355193151,5.07517381523383,5.59471137960184,5.17614973257383,5.4553211153577,4.79579054559674,4.77912349311153,4.77068462446567,4.64439089914137
"8375b47f50ee3b002fe82bfe00409092",3.04452243772342,2.89037175789616,2.77258872223978,2.70805020110221,2.99573227355399,3.09104245335832,2.70805020110221,3.04452243772342,2.94443897916644,3.09104245335832,3.71357206670431,3.73766961828337,3.04452243772342,2.99573227355399,2.77258872223978,2.94443897916644,2.89037175789616,2.30258509299405,2.63905732961526,1.94591014905531,3.2188758248682,3.13549421592915,3.2188758248682,3.13549421592915,3.66356164612965,4.04305126783455,4.91998092582813,5.26269018890489,5.69035945432406,6.07764224334903,6.54678541076052,6.76734312526539,6.61740297797448,5.89989735358249,5.76519110278484,5.92958914338989,5.65599181081985,5.4510384535657,5.92425579741453,5.65599181081985,5.48063892334199,5.33271879326537,5.27811465923052,4.43081679884331,5.03695260241363,5.23110861685459,4.99721227376411,5.23644196282995,4.79579054559674,5.37989735354046,4.85203026391962
"09e001b592afa7c54186b4bd0f7fd237",4.52178857704904,4.44265125649032,4.7361984483945,5.11198778835654,5.06890420222023,5.26785815906333,5.40267738187228,5.64897423816121,5.40717177146012,5.02388052084628,5.15329159449778,4.15888308335967,4.48863636973214,5.26269018890489,5.33271879326537,5.54126354515843,5.52146091786225,5.40717177146012,5.03043792139244,4.81218435537242,3.73766961828337,4.07753744390572,3.25809653802148,4.02535169073515,4.70953020131233,4.06044301054642,4.55387689160054,4.66343909411207,4.45434729625351,4.93447393313069,4.46590811865458,4.87519732320115,4.93447393313069,5.48063892334199,5.65948221575962,5.6937321388027,5.79301360838414,5.4380793089232,4.88280192258637,4.54329478227,4.06044301054642,4.11087386417331,4.7361984483945,5.35658627467201,4.85981240436167,4.93447393313069,4.20469261939097,4.67282883446191,5.7037824746562,5.33753807970132,5.73009978297357
"9318d8cb603c43732005170b52f5de79",4.14313472639153,4.44265125649032,4.48863636973214,4.40671924726425,4.68213122712422,4.39444915467244,4.38202663467388,4.29045944114839,4.0943445622221,4.20469261939097,4.86753445045558,5.35185813347607,4.23410650459726,4.40671924726425,3.78418963391826,3.95124371858143,4.33073334028633,4.47733681447821,4.78749174278205,4.67282883446191,5.36597601502185,5.47227067367148,5.44673737166631,5.57215403217776,4.98360662170834,4.59511985013459,4.17438726989564,4.00733318523247,3.85014760171006,4.06044301054642,3.97029191355212,4.27666611901606,4.7361984483945,3.61091791264422,4.17438726989564,4.49980967033027,4.91998092582813,5.00394630594546,5.92958914338989,6.01859321449623,6.12249280951439,6.06842558824411,5.80513496891649,4.7361984483945,5.68697535633982,5.79301360838414,5.66988092298052,5.71702770140622,5.12396397940326,5.71373280550937,4.90527477843843
"552b2e6b06aff5e457765df86c108618",5.00394630594546,4.54329478227,3.93182563272433,3.85014760171006,3.78418963391826,3.89182029811063,3.25809653802148,3.68887945411394,3.89182029811063,3.93182563272433,4.27666611901606,4.44265125649032,3.80666248977032,3.71357206670431,3.43398720448515,3.13549421592915,3.61091791264422,3.97029191355212,3.40119738166216,4.11087386417331,4.64439089914137,4.51085950651685,4.45434729625351,4.8283137373023,4.70048036579242,4.70048036579242,4.86753445045558,5.32300997913841,5.58724865840025,5.90263333340137,6.37842618365159,6.30627528694802,6.07304453410041,4.97673374242057,5.04342511691925,4.85981240436167,5.14749447681345,5.44673737166631,5.83773044716594,5.68017260901707,5.4971682252932,5.3890717298165,5.45958551414416,4.35670882668959,4.78749174278205,4.69134788222914,4.45434729625351,3.95124371858143,3.2188758248682,3.8286413964891,2.70805020110221
"05810500448cc3ad7c9d8b11a497f1ca",5.35185813347607,5.37063802812766,5.55295958492162,5.4971682252932,5.8171111599632,5.60947179518496,5.27299955856375,5.23110861685459,5.12989871492307,5.14749447681345,5.6937321388027,5.89989735358249,4.85981240436167,4.31748811353631,4.04305126783455,4.11087386417331,4.31748811353631,4.27666611901606,4.17438726989564,4.17438726989564,4.66343909411207,4.45434729625351,4.4188406077966,4.45434729625351,4.07753744390572,3.2188758248682,3.36729582998647,2.94443897916644,2.99573227355399,2.484906649788,2.99573227355399,3.36729582998647,3.61091791264422,0.156832335181147,3.3322045101752,3.04452243772342,3.3322045101752,3.43398720448515,4.40671924726425,4.82028156560504,4.969813299576,4.85203026391962,4.9416424226093,3.97029191355212,5.29831736654804,5.30826769740121,5.4249500174814,5.5834963087817,4.87519732320115,5.62762111369064,4.91998092582813
"92886da043b3cfb88c385fc9b72752d5",5.18178355029209,5.39362754635236,5.37527840768417,5.23110861685459,5.19849703126583,4.97673374242057,4.52178857704904,4.81218435537242,4.54329478227,4.63472898822964,5.11799381241676,4.97673374242057,4.15888308335967,4.17438726989564,4.18965474202643,3.98898404656427,4.11087386417331,4.30406509320417,3.93182563272433,4.47733681447821,4.00733318523247,4.62497281328427,4.49980967033027,4.35670882668959,4.34380542185368,4.31748811353631,4.68213122712422,4.93447393313069,5.38449506278909,5.70044357339069,5.4553211153577,5.37989735354046,4.88280192258637,4.61512051684126,4.60517018598809,4.57471097850338,4.31748811353631,3.87120101090789,4.17438726989564,4.11087386417331,4.34380542185368,4.18965474202643,4.36944785246702,4.21950770517611,4.35670882668959,4.70048036579242,4.77912349311153,4.82028156560504,4.57471097850338,5.14749447681345,4.4188406077966
"e8724520788bb38a7f9d22c91318f016",4.99043258677874,4.64439089914137,4.97673374242057,4.91998092582813,4.77912349311153,4.86753445045558,4.72738781871234,4.71849887129509,4.36944785246702,4.33073334028633,4.84418708645859,4.90527477843843,4.53259949315326,4.56434819146784,4.56434819146784,4.26267987704132,4.70953020131233,4.48863636973214,4.21950770517611,4.74493212836325,5.02388052084628,4.57471097850338,4.70048036579242,4.47733681447821,3.78418963391826,4.07753744390572,4.31748811353631,4.34380542185368,4.18965474202643,4.07753744390572,4.57471097850338,4.95582705760126,5.01727983681492,4.59511985013459,4.14313472639153,4.53259949315326,4.87519732320115,4.51085950651685,4.99721227376411,5.01727983681492,5.24702407216049,5.0998664278242,5.08759633523238,4.36944785246702,5.21493575760899,5.14749447681345,5.17614973257383,4.94875989037817,4.44265125649032,4.969813299576,4.47733681447821
"5e881daab846993e2a1262bd76e598f2",4.38202663467388,4.06044301054642,4.21950770517611,4.34380542185368,3.98898404656427,4.15888308335967,3.76120011569356,3.93182563272433,4.02535169073515,4.04305126783455,3.52636052461616,3.40119738166216,4.02535169073515,3.8286413964891,3.91202300542815,3.80666248977032,4.11087386417331,3.89182029811063,4.36944785246702,4.49980967033027,4.45434729625351,4.31748811353631,4.84418708645859,4.85981240436167,5.01063529409626,5.33753807970132,5.37063802812766,5.31320597904179,5.88332238848828,5.93489419561959,6.11146733950268,5.66642668811243,5.40717177146012,4.30406509320417,3.63758615972639,3.85014760171006,3.73766961828337,3.58351893845611,3.63758615972639,3.97029191355212,4.77068462446567,4.83628190695148,4.95582705760126,4.54329478227,4.69134788222914,4.84418708645859,4.66343909411207,4.74493212836325,4.68213122712422,4.67282883446191,4.44265125649032
"e25ef47f374d93454b340499c284a37e",4.84418708645859,4.84418708645859,4.86753445045558,4.69134788222914,4.7361984483945,4.45434729625351,4.46590811865458,4.43081679884331,4.38202663467388,4.35670882668959,0.0475548528087092,2.83321334405622,4.60517018598809,4.85203026391962,4.84418708645859,4.82028156560504,4.87519732320115,5.01727983681492,5.13579843705026,5.11198778835654,6.13772705408623,5.15905529921453,4.96284463025991,4.93447393313069,3.68887945411394,3.46573590279973,4.00733318523247,4.00733318523247,3.87120101090789,1.09861228866811,5.31811999384422,5.04985600724954,4.40671924726425,4.85981240436167,4.91998092582813,4.72738781871234,4.76217393479776,4.62497281328427,4.67282883446191,4.70953020131233,4.26267987704132,4.46590811865458,4.39444915467244,4.35670882668959,3.49650756146648,4.15888308335967,3.87120101090789,2.19722457733622,4.31748811353631,1.6094379124341,4.34380542185368
"4da1ab0190b065b4136bce78f2a475b7",4.0943445622221,4.00733318523247,4.04305126783455,4.30406509320417,4.43081679884331,4.18965474202643,4.46590811865458,4.94875989037817,4.87519732320115,5.23110861685459,4.94875989037817,3.09104245335832,6.0137151560428,5.80814248998044,6.20657592672493,6.22455842927536,5.86078622346587,5.84354441703136,6.15060276844628,5.75574221358691,3.68887945411394,3.29583686600433,-0.107871591822946,3.46573590279973,3.04452243772342,3.13549421592915,-0.0396655991140708,3.55534806148941,2.19722457733622,4.33073334028633,-0.111602001739602,-0.113823912151907,-0.133804981150376,3.76120011569356,4.12713438504509,4.12713438504509,3.98898404656427,4.00733318523247,-0.0880093261842452,-0.0789604801704986,-0.0570014713468175,-0.0726185641734518,-0.0576910249625686,4.26267987704132,-0.038493162765591,-0.0416675526053617,-0.0502758606520654,-0.0418778319363721,4.48863636973214,-0.0314959653539163,4.21950770517611
"e9311af1b908303f03c070ba934c0d8a",0.0154953037664504,-0.0283027270876184,-0.0213924693022103,-0.0159260227060753,-0.00744134069311855,-0.00383832751217421,-0.0108124403774443,-0.0235448920755481,-0.0229455771387565,-0.0295482101778628,0.0262629067455184,0.0265982502741812,0.017048726581422,-0.000390480495610444,0.00167269975591268,-0.00723144209713719,-6.95593070281133e-05,0.0140438185123315,0.0118676739547489,-0.0109672198767312,-0.0638094208124518,-0.0843565614293687,-0.113973372392162,2.19722457733622,1.79175946922805,2.89037175789616,3.3322045101752,4.02535169073515,4.63472898822964,5.44673737166631,6.14203740558736,6.95081476844258,7.05358572719368,6.13339804299665,5.79909265446053,5.41164605185504,5.08140436498446,4.71849887129509,5.07517381523383,5.12989871492307,4.92725368515721,4.4188406077966,3.80666248977032,2.30258509299405,3.25809653802148,2.94443897916644,2.19722457733622,-0.0479796125055874,-0.0604277344852802,-0.0375977459231318,-0.0909284625140347
"54836838deb0d4769d6d07eb48fa827f",5.87211778947542,5.84932477994686,5.48479693349065,5.11198778835654,4.94875989037817,4.63472898822964,5.07517381523383,5.6021188208797,5.4971682252932,4.80402104473326,4.53259949315326,3.71357206670431,4.34380542185368,4.76217393479776,4.40671924726425,3.93182563272433,4.21950770517611,4.33073334028633,4.14313472639153,4.36944785246702,2.83321334405622,3.52636052461616,3.04452243772342,3.89182029811063,4.63472898822964,4.21950770517611,4.31748811353631,4.40671924726425,3.29583686600433,2.19722457733622,1.38629436111989,2.30258509299405,-0.146840915308591,3.49650756146648,3.93182563272433,4.06044301054642,4.76217393479776,4.54329478227,3.80666248977032,3.63758615972639,2.83321334405622,3.78418963391826,4.66343909411207,5.35185813347607,4.88280192258637,4.0943445622221,3.52636052461616,4.24849524204936,4.87519732320115,5.30826769740121,5.25227342804663
"1d1d68c0261030f6885f385754f10174",5.07517381523383,5.02388052084628,4.99043258677874,4.75359019110636,4.47733681447821,4.48863636973214,4.7361984483945,4.34380542185368,4.969813299576,4.55387689160054,4.45434729625351,2.19722457733622,5.27299955856375,5.42053499927229,5.59471137960184,6.0591231955818,5.85220247977447,5.64544689764324,5.84643877505772,5.92425579741453,4.38202663467388,4.24849524204936,5.09375020080676,4.04305126783455,3.87120101090789,3.52636052461616,4.00733318523247,3.29583686600433,4.00733318523247,3.40119738166216,2.77258872223978,2.19722457733622,-0.163681730321014,2.70805020110221,3.04452243772342,3.29583686600433,2.19722457733622,-0.107777466523167,1.94591014905531,2.19722457733622,3.40119738166216,3.46573590279973,3.95124371858143,4.21950770517611,3.78418963391826,3.17805383034795,2.39789527279837,3.93182563272433,4.14313472639153,3.49650756146648,4.0943445622221
"919f52074a986016c7e460883cbe1484",4.95582705760126,5.11799381241676,4.81218435537242,4.62497281328427,4.67282883446191,4.75359019110636,4.79579054559674,4.76217393479776,4.88280192258637,4.46590811865458,4.57471097850338,4.21950770517611,4.29045944114839,4.30406509320417,3.95124371858143,3.89182029811063,3.73766961828337,3.55534806148941,2.99573227355399,3.58351893845611,3.46573590279973,3.63758615972639,3.49650756146648,3.97029191355212,4.07753744390572,4.65396035015752,4.62497281328427,4.57471097850338,3.66356164612965,2.484906649788,-0.163143199280924,-0.165365109693229,-0.185346178691698,-0.115022668035147,-0.0855685278961469,-0.0890815973235772,-0.128998290504371,3.46573590279973,4.11087386417331,4.57471097850338,4.57471097850338,4.99721227376411,5.54126354515843,4.94875989037817,5.75890177387728,5.8664680569333,5.83188247728352,5.42934562895444,5.0998664278242,5.28320372873799,4.36944785246702
"1225347ee9208076df507676ba6503e7",4.02535169073515,4.15888308335967,4.29045944114839,4.40671924726425,4.60517018598809,4.39444915467244,4.26267987704132,4.49980967033027,4.51085950651685,4.21950770517611,4.56434819146784,3.71357206670431,4.44265125649032,4.55387689160054,4.74493212836325,4.52178857704904,4.91265488573605,4.44265125649032,4.47733681447821,4.40671924726425,3.87120101090789,3.52636052461616,3.61091791264422,3.55534806148941,3.49650756146648,2.77258872223978,3.52636052461616,3.29583686600433,3.76120011569356,4.12713438504509,3.68887945411394,3.95124371858143,4.12713438504509,4.48863636973214,4.77912349311153,4.98360662170834,4.85203026391962,4.15888308335967,3.63758615972639,3.80666248977032,4.51085950651685,4.35670882668959,4.81218435537242,4.77068462446567,5.14166355650266,4.9416424226093,4.72738781871234,5.30330490805908,5.66296048013595,5.59098698051086,5.47227067367148
"ba0a5157f621548f0a487dc25bf3fada",-0.0790649105406063,3.29583686600433,4.14313472639153,4.31748811353631,4.83628190695148,5.06890420222023,4.81218435537242,4.66343909411207,4.93447393313069,4.89034912822175,5.30826769740121,5.52146091786225,4.77912349311153,5.01063529409626,4.99721227376411,5.06890420222023,5.30826769740121,5.26269018890489,4.68213122712422,5.14749447681345,5.98393628068719,5.39816270151775,5.44673737166631,5.31320597904179,4.89783979995091,4.52178857704904,4.80402104473326,4.84418708645859,4.46590811865458,3.93182563272433,4.00733318523247,3.13549421592915,2.63905732961526,1.6094379124341,-0.134689325231097,-0.138202394658528,-0.178119087839322,-0.178562712228802,-0.188671321060517,-0.179622475046771,-0.15766346622309,-0.173280559049724,-0.158353019838841,-0.151907686970784,-0.139155157641863,-0.142329547481634,2.07944154167984,3.61091791264422,3.78418963391826,3.98898404656427,3.87120101090789
"5b824059f35b2d1a22e2ce26ab79ede0",-0.185680070960804,2.19722457733622,-0.222567844029465,-0.21710139743333,-0.208616715420373,-0.205013702239428,-0.211987815104699,-0.224720266802802,-0.224120951866011,-0.230723584905117,-0.174912467981736,-0.174577124453073,-0.184126648145832,-0.201565855222865,-0.199502674971342,-0.208406816824391,-0.201244934034283,-0.187131556214923,-0.189307700772506,3.36729582998647,4.31748811353631,4.68213122712422,5.09375020080676,5.40717177146012,5.0998664278242,4.79579054559674,4.68213122712422,4.53259949315326,4.80402104473326,5.30330490805908,5.2257466737132,5.46383180502561,5.44673737166631,5.52942908751142,5.61312810638807,5.23110861685459,5.18738580584075,4.76217393479776,5.15905529921453,5.03695260241363,5.04985600724954,4.86753445045558,4.91998092582813,4.12713438504509,4.40671924726425,4.40671924726425,3.87120101090789,3.63758615972639,-0.261603109212534,-0.238773120650386,-0.292103837241289
"e38bafa6321bd4ed4b15f934c3eb652c",4.85981240436167,4.61512051684126,4.35670882668959,4.11087386417331,3.73766961828337,4.20469261939097,3.61091791264422,2.94443897916644,2.70805020110221,2.70805020110221,2.56494935746154,3.17805383034795,-0.203629947961032,1.38629436111989,2.39789527279837,2.83321334405622,2.19722457733622,2.63905732961526,2.19722457733622,3.09104245335832,2.99573227355399,3.36729582998647,3.97029191355212,2.63905732961526,3.36729582998647,3.49650756146648,4.99043258677874,4.74493212836325,5.07517381523383,4.83628190695148,4.81218435537242,4.77068462446567,4.969813299576,5.01727983681492,4.24849524204936,5.17048399503815,4.48863636973214,5.04985600724954,5.18178355029209,5.62040086571715,5.33271879326537,5.34233425196481,4.55387689160054,4.54329478227,4.99721227376411,4.0943445622221,5.04342511691925,4.90527477843843,3.09104245335832,3.2188758248682,2.89037175789616
"66710dc67a16ee15b84b22764079988c",4.68213122712422,4.39444915467244,4.48863636973214,4.26267987704132,4.29045944114839,4.00733318523247,3.80666248977032,3.73766961828337,4.20469261939097,4.18965474202643,5.17048399503815,5.77455154554441,4.51085950651685,4.27666611901606,4.36944785246702,4.30406509320417,4.45434729625351,4.54329478227,4.07753744390572,4.27666611901606,4.77068462446567,4.68213122712422,4.53259949315326,4.65396035015752,5.20948615284142,5.57594910314632,5.33271879326537,5.06890420222023,4.47733681447821,3.98898404656427,3.93182563272433,3.80666248977032,4.35670882668959,3.04452243772342,2.30258509299405,-0.303994649501272,3.36729582998647,3.63758615972639,3.8286413964891,3.91202300542815,3.40119738166216,3.09104245335832,3.13549421592915,-0.317699941813528,3.87120101090789,3.49650756146648,4.11087386417331,3.55534806148941,3.29583686600433,3.73766961828337,2.63905732961526
"f672aa3aea2d03f0b297739022e9b716",4.86753445045558,4.53259949315326,4.86753445045558,4.97673374242057,4.969813299576,4.96284463025991,4.83628190695148,4.60517018598809,4.81218435537242,4.35670882668959,4.78749174278205,4.0943445622221,4.51085950651685,4.06044301054642,4.4188406077966,4.18965474202643,4.39444915467244,4.34380542185368,4.00733318523247,4.4188406077966,3.43398720448515,3.78418963391826,3.66356164612965,3.95124371858143,3.61091791264422,4.18965474202643,3.43398720448515,3.97029191355212,4.00733318523247,4.12713438504509,3.78418963391826,3.73766961828337,3.63758615972639,3.73766961828337,3.85014760171006,4.00733318523247,3.91202300542815,4.21950770517611,4.02535169073515,3.95124371858143,4.15888308335967,4.26267987704132,4.21950770517611,4.11087386417331,4.0943445622221,4.27666611901606,3.85014760171006,3.87120101090789,4.21950770517611,4.61512051684126,4.21950770517611
"19bf0c1b9f4d2805e5df22736695b103",4.969813299576,4.55387689160054,4.70048036579242,4.34380542185368,4.11087386417331,4.12713438504509,4.34380542185368,4.51085950651685,4.52178857704904,4.26267987704132,3.29583686600433,2.77258872223978,3.66356164612965,3.78418963391826,3.49650756146648,3.36729582998647,3.17805383034795,3.13549421592915,4.14313472639153,4.58496747867057,4.87519732320115,3.76120011569356,1.79175946922805,2.77258872223978,2.70805020110221,3.46573590279973,4.58496747867057,3.98898404656427,2.63905732961526,3.46573590279973,3.73766961828337,2.39789527279837,3.49650756146648,3.36729582998647,3.97029191355212,3.49650756146648,3.52636052461616,3.80666248977032,4.68213122712422,3.87120101090789,3.91202300542815,4.82028156560504,5.23110861685459,5.15329159449778,5.16478597392351,4.969813299576,4.88280192258637,4.99721227376411,4.79579054559674,4.68213122712422,4.86753445045558
"57f295f1e37d390a0d93e4b898f5a1ac",4.49980967033027,4.0943445622221,4.07753744390572,3.66356164612965,3.29583686600433,3.61091791264422,3.2188758248682,2.99573227355399,3.40119738166216,2.77258872223978,3.49650756146648,4.24849524204936,3.66356164612965,3.46573590279973,3.61091791264422,2.77258872223978,3.13549421592915,3.25809653802148,3.29583686600433,3.55534806148941,4.07753744390572,4.00733318523247,3.8286413964891,3.29583686600433,4.14313472639153,4.02535169073515,3.89182029811063,4.30406509320417,4.23410650459726,3.8286413964891,4.58496747867057,4.62497281328427,5.02388052084628,3.29583686600433,2.94443897916644,2.77258872223978,2.94443897916644,3.40119738166216,4.49980967033027,4.85203026391962,5.08759633523238,4.85203026391962,4.40671924726425,3.95124371858143,4.97673374242057,5.42053499927229,5.72031177660741,5.37989735354046,4.11087386417331,5.30330490805908,4.17438726989564
"07eb166d091e1aebe641105881f4f2d3",5.15905529921453,4.86753445045558,4.76217393479776,4.8283137373023,4.76217393479776,4.83628190695148,4.7361984483945,4.51085950651685,4.40671924726425,4.20469261939097,4.46590811865458,4.07753744390572,4.63472898822964,4.47733681447821,4.65396035015752,4.52178857704904,4.48863636973214,4.40671924726425,3.97029191355212,3.8286413964891,2.99573227355399,3.40119738166216,2.77258872223978,3.09104245335832,3.95124371858143,3.58351893845611,4.15888308335967,3.89182029811063,4.12713438504509,3.66356164612965,2.70805020110221,3.25809653802148,3.40119738166216,3.85014760171006,3.61091791264422,4.02535169073515,3.80666248977032,3.46573590279973,4.0943445622221,4.21950770517611,4.45434729625351,3.93182563272433,4.17438726989564,4.06044301054642,4.06044301054642,4.14313472639153,4.12713438504509,4.43081679884331,4.14313472639153,4.52178857704904,3.8286413964891
"38eb18bdb8fc24ba2666bc99f04719ba",-0.37051564957781,3.49650756146648,2.77258872223978,3.25809653802148,3.52636052461616,3.61091791264422,2.83321334405622,2.94443897916644,2.63905732961526,2.77258872223978,2.99573227355399,3.13549421592915,3.13549421592915,3.29583686600433,2.99573227355399,3.13549421592915,3.17805383034795,4.17438726989564,3.71357206670431,3.97029191355212,4.88280192258637,4.66343909411207,4.68213122712422,4.77068462446567,4.35670882668959,4.4188406077966,4.65396035015752,5.06259503302697,4.93447393313069,4.17438726989564,4.83628190695148,4.40671924726425,4.06044301054642,4.54329478227,4.72738781871234,4.78749174278205,4.35670882668959,4.71849887129509,4.49980967033027,4.57471097850338,3.91202300542815,4.49980967033027,4.81218435537242,4.72738781871234,4.43081679884331,4.26267987704132,4.44265125649032,3.66356164612965,4.20469261939097,3.40119738166216,4.58496747867057
"47a9d10e32ffbceb163e240b65825d7e",4.75359019110636,4.30406509320417,4.57471097850338,4.54329478227,4.34380542185368,4.43081679884331,4.29045944114839,4.30406509320417,4.20469261939097,4.0943445622221,4.62497281328427,4.0943445622221,4.55387689160054,4.52178857704904,4.63472898822964,4.58496747867057,4.65396035015752,4.80402104473326,4.8283137373023,4.97673374242057,3.91202300542815,4.34380542185368,3.25809653802148,4.30406509320417,4.56434819146784,4.64439089914137,3.78418963391826,3.73766961828337,4.39444915467244,4.0943445622221,3.09104245335832,2.94443897916644,3.40119738166216,4.11087386417331,4.18965474202643,4.38202663467388,4.27666611901606,4.44265125649032,3.25809653802148,4.20469261939097,3.87120101090789,3.58351893845611,3.55534806148941,3.63758615972639,3.29583686600433,3.25809653802148,-0.476961398151192,-0.468563369435498,3.2188758248682,3.13549421592915,3.13549421592915
"5ec7485582e96e450b0c65c431780a11",3.25809653802148,3.87120101090789,4.55387689160054,5.62401750618734,5.50125821054473,5.79605775076537,5.98896141688986,5.8406416573734,5.4510384535657,5.04985600724954,3.25809653802148,1.38629436111989,3.63758615972639,3.25809653802148,3.49650756146648,2.63905732961526,1.79175946922805,2.77258872223978,3.3322045101752,2.83321334405622,1.09861228866811,1.09861228866811,1.09861228866811,1.09861228866811,-0.558674371722208,-0.535529756851892,-0.531571389375431,0,-0.551285654346569,0.693147180559945,-0.603507792000962,-0.605729702413268,0,3.3322045101752,3.17805383034795,2.99573227355399,2.39789527279837,2.63905732961526,0.693147180559945,1.94591014905531,2.30258509299405,1.94591014905531,3.17805383034795,5.29831736654804,2.70805020110221,2.70805020110221,2.63905732961526,2.07944154167984,5.13579843705026,2.99573227355399,5.01727983681492
"c1ba9460c7bf03aa48206243533697a9",3.98898404656427,3.58351893845611,3.85014760171006,3.55534806148941,4.00733318523247,4.38202663467388,4.20469261939097,3.66356164612965,4.07753744390572,4.07753744390572,4.53259949315326,4.76217393479776,4.02535169073515,4.02535169073515,4.40671924726425,4.26267987704132,4.69134788222914,4.7361984483945,4.20469261939097,4.74493212836325,5.78074351579233,5.54126354515843,5.42934562895444,5.4380793089232,4.81218435537242,4.27666611901606,4.52178857704904,4.79579054559674,4.24849524204936,3.55534806148941,3.95124371858143,3.76120011569356,-0.645154028115965,-0.574830517459413,-0.545376377320413,-0.548889446747843,-0.588806139928638,-0.589249764318117,-0.599358373149833,-0.590309527136087,-0.568350518312406,-0.58396761113904,-0.569040071928157,-0.5625947390601,-0.549842209731179,-0.55301659957095,-0.561624907617653,-0.55322687890196,-0.565675000881653,-0.542845012319504,-0.596175728910407
"422a3c019dbe1b529c87ac238b5bafd5",4.79579054559674,4.84418708645859,4.66343909411207,4.68213122712422,4.72738781871234,4.57471097850338,4.47733681447821,4.65396035015752,4.48863636973214,4.48863636973214,4.77912349311153,5.36597601502185,4.61512051684126,4.69134788222914,4.59511985013459,4.79579054559674,5.10594547390058,5.18738580584075,5.15329159449778,4.89034912822175,4.91265488573605,4.53259949315326,4.15888308335967,3.43398720448515,3.2188758248682,3.2188758248682,3.04452243772342,2.89037175789616,2.63905732961526,2.56494935746154,2.63905732961526,1.6094379124341,-0.692391079617783,-0.622067568961232,-0.592613428822232,-0.596126498249662,-0.636043191430456,-0.636486815819936,-0.646595424651652,-0.637546578637905,-0.615587569814224,-0.631204662640858,-0.616277123429975,-0.609831790561918,-0.597079261232998,-0.600253651072768,-0.608861959119472,-0.600463930403778,-0.612912052383471,-0.590082063821323,-0.643412780412226
"095dcca0a1cacb655451100eb59c8ef1",3.29583686600433,4.44265125649032,3.58351893845611,4.94875989037817,4.58496747867057,4.67282883446191,4.31748811353631,4.36944785246702,4.84418708645859,5.00394630594546,2.19722457733622,-0.526915757092026,4.24849524204936,4.83628190695148,4.49980967033027,4.68213122712422,2.83321334405622,2.70805020110221,3.55534806148941,2.30258509299405,-0.617323428178659,1.38629436111989,1.09861228866811,1.94591014905531,0,1.38629436111989,2.39789527279837,2.30258509299405,1.09861228866811,2.63905732961526,0.693147180559945,-0.67343970008733,-0.693420769085799,4.26267987704132,4.04305126783455,4.14313472639153,3.43398720448515,2.83321334405622,1.09861228866811,1.38629436111989,-0.61661725928224,2.07944154167984,3.09104245335832,5.26269018890489,1.6094379124341,1.38629436111989,-0.609891648587488,2.07944154167984,5.92425579741453,2.39789527279837,6.35957386867238
"554345c10941538d3c323777253ee02d",4.02535169073515,3.76120011569356,4.04305126783455,3.95124371858143,4.34380542185368,4.18965474202643,3.71357206670431,3.09104245335832,3.66356164612965,3.58351893845611,3.63758615972639,4.18965474202643,2.94443897916644,3.52636052461616,2.89037175789616,3.43398720448515,3.3322045101752,3.52636052461616,2.94443897916644,3.43398720448515,4.64439089914137,4.27666611901606,4.20469261939097,3.61091791264422,3.25809653802148,3.49650756146648,3.8286413964891,3.87120101090789,3.76120011569356,2.99573227355399,4.17438726989564,4.04305126783455,4.4188406077966,2.94443897916644,2.70805020110221,3.46573590279973,2.94443897916644,3.04452243772342,4.00733318523247,4.04305126783455,4.76217393479776,4.77068462446567,4.69134788222914,3.63758615972639,4.80402104473326,4.90527477843843,5.41610040220442,4.80402104473326,3.36729582998647,4.44265125649032,4.43081679884331
"5ad4ffad545af8e279101d52bd189173",-0.555687619866223,2.77258872223978,3.40119738166216,4.07753744390572,4.4188406077966,2.70805020110221,5.82600010738045,5.76205138278018,5.58724865840025,5.34233425196481,3.76120011569356,1.6094379124341,0.693147180559945,2.07944154167984,3.36729582998647,4.51085950651685,2.77258872223978,3.89182029811063,0.693147180559945,-0.582150143509405,2.83321334405622,2.89037175789616,1.38629436111989,-0.664628591685372,1.79175946922805,3.29583686600433,2.83321334405622,1.6094379124341,-0.636664568287097,-0.622514967577013,-0.688886705941491,-0.691108616353796,-0.711089685352266,3.55534806148941,2.39789527279837,4.61512051684126,4.02535169073515,4.20469261939097,-0.665294030386134,-0.656245184372388,-0.634286175548706,-0.649903268375341,-0.634975729164458,3.98898404656427,-0.61577786696748,-0.618952256807251,-0.627560564853954,3.29583686600433,6.05678401322862,4.64439089914137,5.71702770140622
"a6fb5086a3f1107b90bc46aaf31c1d78",3.78418963391826,3.97029191355212,4.00733318523247,4.11087386417331,3.58351893845611,3.61091791264422,3.73766961828337,3.29583686600433,2.89037175789616,3.36729582998647,3.58351893845611,3.2188758248682,3.61091791264422,3.43398720448515,3.55534806148941,3.78418963391826,3.73766961828337,3.58351893845611,3.78418963391826,3.89182029811063,3.76120011569356,4.33073334028633,4.44265125649032,4.81218435537242,4.40671924726425,4.30406509320417,4.64439089914137,4.36944785246702,4.71849887129509,4.78749174278205,4.70048036579242,4.30406509320417,4.67282883446191,4.33073334028633,3.93182563272433,3.89182029811063,4.07753744390572,3.97029191355212,4.31748811353631,4.43081679884331,4.00733318523247,4.11087386417331,4.14313472639153,3.76120011569356,3.58351893845611,3.46573590279973,3.25809653802148,3.55534806148941,3.2188758248682,3.17805383034795,2.56494935746154
"838f9b15d03dbd6dc65050aac63dd8d0",2.83321334405622,3.13549421592915,3.13549421592915,3.13549421592915,2.56494935746154,3.55534806148941,3.17805383034795,3.04452243772342,3.49650756146648,2.99573227355399,3.89182029811063,3.93182563272433,3.36729582998647,3.61091791264422,3.66356164612965,3.36729582998647,3.49650756146648,3.89182029811063,3.61091791264422,3.89182029811063,4.64439089914137,4.24849524204936,4.49980967033027,4.30406509320417,4.04305126783455,4.02535169073515,3.93182563272433,3.80666248977032,3.87120101090789,4.77068462446567,5.18738580584075,4.79579054559674,4.80402104473326,3.49650756146648,4.00733318523247,4.34380542185368,4.14313472639153,3.25809653802148,3.73766961828337,3.61091791264422,3.95124371858143,4.44265125649032,4.31748811353631,3.80666248977032,4.40671924726425,4.17438726989564,4.12713438504509,4.27666611901606,3.09104245335832,4.36944785246702,3.49650756146648
"495619e6c51e1e0955975577268afaf7",3.04452243772342,3.66356164612965,3.13549421592915,2.89037175789616,3.36729582998647,3.63758615972639,4.06044301054642,4.60517018598809,5.17048399503815,5.14749447681345,4.59511985013459,3.25809653802148,4.75359019110636,4.67282883446191,4.20469261939097,4.48863636973214,4.86753445045558,4.94875989037817,4.9416424226093,4.9416424226093,2.77258872223978,2.07944154167984,1.6094379124341,1.94591014905531,2.39789527279837,1.79175946922805,2.39789527279837,2.63905732961526,1.94591014905531,2.07944154167984,1.6094379124341,-0.731042621238661,1.79175946922805,3.78418963391826,3.91202300542815,3.40119738166216,3.71357206670431,3.91202300542815,2.07944154167984,1.79175946922805,3.09104245335832,3.63758615972639,4.0943445622221,4.85981240436167,4.18965474202643,4.14313472639153,3.25809653802148,4.54329478227,4.45434729625351,3.98898404656427,3.89182029811063
"41d407d2dcd22d6ed303635fcdd94744",3.3322045101752,3.2188758248682,3.29583686600433,2.39789527279837,2.07944154167984,2.07944154167984,0.693147180559945,0,-0.665846408007608,0,1.79175946922805,1.6094379124341,-0.62585210428743,-0.643291311364462,-0.641228131112939,0.693147180559945,0.693147180559945,-0.62885701235652,-0.631033156914103,-0.653868050745583,-0.706710251681303,1.09861228866811,-0.756874203261013,1.79175946922805,2.07944154167984,3.3322045101752,3.87120101090789,4.04305126783455,3.63758615972639,3.73766961828337,3.89182029811063,3.17805383034795,3.55534806148941,2.56494935746154,2.484906649788,1.79175946922805,3.36729582998647,4.02535169073515,5.35185813347607,5.43372200355424,5.49306144334055,4.95582705760126,5.00394630594546,4.72738781871234,5.11198778835654,5.01727983681492,4.88280192258637,4.81218435537242,4.7361984483945,5.22035582507832,4.8283137373023
"0eb88b722902316b11770922bcdaca7b",4.58496747867057,4.55387689160054,4.31748811353631,3.91202300542815,3.43398720448515,3.76120011569356,4.46590811865458,3.78418963391826,2.89037175789616,3.36729582998647,4.23410650459726,4.18965474202643,3.80666248977032,4.60517018598809,4.87519732320115,3.73766961828337,3.71357206670431,3.04452243772342,2.89037175789616,2.63905732961526,2.83321334405622,3.52636052461616,3.04452243772342,4.26267987704132,5.25227342804663,5.06890420222023,2.94443897916644,3.49650756146648,2.94443897916644,3.61091791264422,3.93182563272433,3.93182563272433,3.55534806148941,3.36729582998647,3.98898404656427,3.3322045101752,3.85014760171006,3.2188758248682,3.55534806148941,3.29583686600433,-0.715436335321557,2.484906649788,3.93182563272433,4.02535169073515,4.04305126783455,3.93182563272433,3.25809653802148,4.02535169073515,3.8286413964891,4.71849887129509,4.26267987704132
"c5750b049169944a0a720c0f9c5c0968",3.29583686600433,3.91202300542815,3.8286413964891,4.00733318523247,4.46590811865458,4.15888308335967,4.26267987704132,4.33073334028633,4.64439089914137,4.67282883446191,4.47733681447821,3.04452243772342,5.27811465923052,5.17614973257383,4.99721227376411,5.04342511691925,5.2257466737132,4.93447393313069,4.88280192258637,4.55387689160054,3.58351893845611,3.17805383034795,3.55534806148941,2.89037175789616,1.38629436111989,-0.702058830565271,1.38629436111989,1.6094379124341,2.94443897916644,3.17805383034795,3.63758615972639,3.63758615972639,4.12713438504509,4.63472898822964,4.4188406077966,3.76120011569356,2.70805020110221,2.39789527279837,1.38629436111989,-0.737395344145238,1.38629436111989,-0.731053428148191,1.94591014905531,1.79175946922805,1.94591014905531,-0.700102416580101,1.6094379124341,-0.700312695911111,2.39789527279837,-0.689930829328656,2.07944154167984
"aed191bac0b1c3264208a084af848bed",5.01727983681492,4.84418708645859,5.04342511691925,4.89783979995091,4.79579054559674,5.01063529409626,4.87519732320115,4.43081679884331,4.55387689160054,4.26267987704132,4.23410650459726,2.99573227355399,4.44265125649032,4.38202663467388,4.21950770517611,4.04305126783455,4.44265125649032,4.36944785246702,3.76120011569356,4.21950770517611,-0.730652113485662,-0.751199254102579,-0.780816065065372,-0.760288360725909,-0.739713054703274,-0.716568439832958,-0.712610072356497,-0.733871128432181,-0.732324337327634,-0.718174736617549,-0.784546474982028,-0.786768385394333,-0.806749454392802,3.3322045101752,3.3322045101752,3.52636052461616,3.80666248977032,3.85014760171006,-0.760953799426671,3.43398720448515,2.94443897916644,3.2188758248682,3.29583686600433,4.15888308335967,3.49650756146648,3.25809653802148,3.43398720448515,4.00733318523247,4.48863636973214,4.38202663467388,4.17438726989564
"8abd3585c9b1660fdd408406819f4295",3.49650756146648,2.77258872223978,2.83321334405622,2.70805020110221,3.13549421592915,2.99573227355399,2.70805020110221,2.70805020110221,2.94443897916644,2.07944154167984,2.39789527279837,3.66356164612965,2.70805020110221,2.70805020110221,2.89037175789616,2.56494935746154,3.36729582998647,3.46573590279973,3.58351893845611,4.27666611901606,5.06890420222023,5.11799381241676,5.07517381523383,4.58496747867057,4.06044301054642,4.23410650459726,3.87120101090789,4.49980967033027,3.95124371858143,3.89182029811063,4.29045944114839,4.35670882668959,4.46590811865458,2.77258872223978,3.43398720448515,3.3322045101752,3.71357206670431,2.94443897916644,4.02535169073515,4.30406509320417,3.93182563272433,4.20469261939097,3.76120011569356,3.25809653802148,4.21950770517611,4.02535169073515,4.45434729625351,3.66356164612965,2.484906649788,3.73766961828337,2.83321334405622
"c3b9e67755c1877b5055fcf237ee8a2c",-0.751592803897816,2.484906649788,2.63905732961526,1.79175946922805,2.89037175789616,2.99573227355399,3.43398720448515,3.3322045101752,3.80666248977032,3.55534806148941,3.61091791264422,2.30258509299405,4.18965474202643,4.70048036579242,4.60517018598809,4.70048036579242,4.39444915467244,4.48863636973214,4.71849887129509,4.70953020131233,3.80666248977032,4.12713438504509,4.29045944114839,3.85014760171006,3.93182563272433,3.8286413964891,4.24849524204936,3.93182563272433,4.75359019110636,4.35670882668959,3.3322045101752,3.29583686600433,3.09104245335832,3.68887945411394,3.63758615972639,3.91202300542815,2.89037175789616,2.484906649788,-0.861199214417727,-0.85215036840398,2.83321334405622,2.56494935746154,3.43398720448515,3.95124371858143,3.13549421592915,3.13549421592915,2.56494935746154,4.00733318523247,4.39444915467244,4.04305126783455,4.35670882668959
"b746f465fc0a651d16eeecc079762c90",3.55534806148941,3.46573590279973,3.58351893845611,3.3322045101752,1.6094379124341,2.63905732961526,4.51085950651685,4.48863636973214,4.20469261939097,4.57471097850338,3.49650756146648,-0.766331088573972,4.59511985013459,4.51085950651685,4.21950770517611,4.45434729625351,4.7361984483945,4.74493212836325,4.91265488573605,4.70953020131233,3.09104245335832,-0.877285900277522,-0.906902711240315,-0.886375006900852,-0.865799700878217,1.09861228866811,-0.83869671853144,-0.859957774607124,-0.858410983502577,-0.844261382792493,-0.910633121156971,-0.912855031569276,-0.932836100567746,5.03043792139244,5.09375020080676,5.12989871492307,5.24702407216049,4.83628190695148,2.56494935746154,-0.877991599587868,2.56494935746154,-0.871649683590821,2.70805020110221,4.27666611901606,1.79175946922805,-0.840698672022731,-0.849306980069435,-0.840908951353741,-0.853357073333434,-0.830527084771285,-0.883857801362188
"60100a196856996735dfb367491283a4",3.40119738166216,2.94443897916644,2.70805020110221,2.63905732961526,2.63905732961526,2.89037175789616,1.94591014905531,1.09861228866811,1.38629436111989,1.38629436111989,2.39789527279837,2.94443897916644,1.6094379124341,2.07944154167984,2.19722457733622,2.77258872223978,2.30258509299405,2.484906649788,2.83321334405622,3.13549421592915,3.87120101090789,4.34380542185368,4.47733681447821,4.11087386417331,3.73766961828337,3.68887945411394,4.35670882668959,4.51085950651685,4.43081679884331,3.93182563272433,4.71849887129509,4.27666611901606,4.67282883446191,3.66356164612965,3.2188758248682,3.04452243772342,2.77258872223978,3.63758615972639,4.35670882668959,4.67282883446191,4.91998092582813,4.85203026391962,4.0943445622221,3.3322045101752,3.93182563272433,3.98898404656427,4.44265125649032,4.14313472639153,2.39789527279837,3.61091791264422,2.56494935746154
"fca1ed7792b0c80cd00c60203ba400e8",4.14313472639153,4.35670882668959,4.68213122712422,4.67282883446191,4.75359019110636,4.67282883446191,4.63472898822964,4.36944785246702,4.31748811353631,4.07753744390572,3.29583686600433,1.09861228866811,3.13549421592915,3.52636052461616,3.2188758248682,3.36729582998647,3.04452243772342,3.13549421592915,3.52636052461616,3.49650756146648,2.19722457733622,1.94591014905531,2.39789527279837,0,1.38629436111989,1.38629436111989,-0.88102872398146,-0.902289780057144,-0.900742988952597,-0.886593388242512,-0.952965126606991,-0.955187037019296,-0.975168106017766,1.6094379124341,1.6094379124341,-0.878903524649644,1.09861228866811,3.04452243772342,2.484906649788,2.63905732961526,3.43398720448515,3.85014760171006,4.64439089914137,5.35185813347607,4.36944785246702,3.89182029811063,3.17805383034795,4.40671924726425,4.86753445045558,4.17438726989564,4.88280192258637
"b701af8d98ca714dab16ab6724bb631a",-0.846053004900436,2.83321334405622,1.94591014905531,2.83321334405622,1.6094379124341,2.83321334405622,2.99573227355399,2.83321334405622,2.63905732961526,2.484906649788,2.77258872223978,2.89037175789616,2.94443897916644,2.83321334405622,2.484906649788,2.484906649788,2.30258509299405,2.94443897916644,3.40119738166216,3.46573590279973,4.34380542185368,3.95124371858143,4.15888308335967,3.97029191355212,4.0943445622221,4.00733318523247,3.98898404656427,4.02535169073515,3.49650756146648,3.29583686600433,4.21950770517611,4.35670882668959,4.53259949315326,3.49650756146648,2.77258872223978,3.17805383034795,3.43398720448515,4.21950770517611,4.84418708645859,4.69134788222914,4.58496747867057,4.27666611901606,4.04305126783455,3.87120101090789,4.40671924726425,4.55387689160054,3.98898404656427,4.02535169073515,2.94443897916644,3.85014760171006,3.13549421592915
"1516cd1f7a1e4da4a9318783cb437b3f",4.04305126783455,4.81218435537242,4.60517018598809,4.55387689160054,4.62497281328427,4.65396035015752,4.67282883446191,4.46590811865458,4.53259949315326,4.07753744390572,1.79175946922805,-0.860028259331402,3.29583686600433,2.39789527279837,1.94591014905531,2.484906649788,1.6094379124341,3.17805383034795,4.8283137373023,4.18965474202643,2.63905732961526,1.79175946922805,2.30258509299405,2.07944154167984,3.49650756146648,2.07944154167984,2.89037175789616,2.39789527279837,1.09861228866811,1.38629436111989,1.79175946922805,-1.00655220232671,-1.02653327132518,1.6094379124341,2.94443897916644,3.09104245335832,3.36729582998647,4.11087386417331,2.30258509299405,2.19722457733622,1.79175946922805,2.70805020110221,3.29583686600433,5.31811999384422,3.3322045101752,2.484906649788,2.30258509299405,3.61091791264422,4.51085950651685,3.66356164612965,4.87519732320115
"1c2b8892a0d7f828d72808cd01cfd199",2.83321334405622,2.63905732961526,2.70805020110221,2.89037175789616,2.99573227355399,2.94443897916644,3.2188758248682,2.99573227355399,2.77258872223978,2.70805020110221,2.70805020110221,3.85014760171006,2.30258509299405,2.39789527279837,2.77258872223978,2.77258872223978,2.30258509299405,3.04452243772342,2.56494935746154,3.46573590279973,4.49980967033027,4.34380542185368,4.47733681447821,4.48863636973214,4.23410650459726,4.12713438504509,4.00733318523247,4.21950770517611,4.45434729625351,3.89182029811063,4.7361984483945,4.30406509320417,4.52178857704904,2.99573227355399,2.70805020110221,3.09104245335832,3.25809653802148,3.13549421592915,3.93182563272433,4.21950770517611,4.00733318523247,3.97029191355212,3.52636052461616,3.25809653802148,4.02535169073515,3.78418963391826,3.89182029811063,3.68887945411394,1.94591014905531,3.43398720448515,1.79175946922805
"1227d149bbf9c6e0c11ab7d46c7e503f",3.13549421592915,3.17805383034795,3.73766961828337,3.93182563272433,3.40119738166216,3.29583686600433,3.04452243772342,3.61091791264422,3.2188758248682,3.71357206670431,1.09861228866811,1.09861228866811,4.88280192258637,5.08140436498446,5.30330490805908,4.91998092582813,5.00394630594546,4.76217393479776,5.11799381241676,4.85203026391962,4.26267987704132,2.77258872223978,2.30258509299405,2.30258509299405,0,-0.998625337646185,-0.994666970169724,-1.01592802624541,-1.01438123514086,0,-1.06660337279525,-1.06882528320756,-1.08880635220603,4.00733318523247,4.00733318523247,4.0943445622221,4.02535169073515,3.58351893845611,1.94591014905531,1.94591014905531,0,1.09861228866811,0.693147180559945,2.56494935746154,-0.993494533821244,-0.996668923661015,0,0.693147180559945,2.99573227355399,-0.986497336409569,2.70805020110221
"80f6c62af8a91fce6b60c53a999bdd7d",-0.940055628713853,2.39789527279837,1.79175946922805,1.6094379124341,2.19722457733622,2.30258509299405,2.484906649788,2.56494935746154,3.17805383034795,2.63905732961526,3.66356164612965,4.33073334028633,3.43398720448515,2.56494935746154,2.39789527279837,2.39789527279837,2.07944154167984,3.17805383034795,2.56494935746154,3.25809653802148,4.23410650459726,4.61512051684126,4.57471097850338,4.17438726989564,4.47733681447821,4.47733681447821,4.00733318523247,4.66343909411207,4.27666611901606,4.36944785246702,4.59511985013459,4.84418708645859,4.62497281328427,3.25809653802148,3.46573590279973,2.77258872223978,2.63905732961526,2.70805020110221,3.36729582998647,3.71357206670431,3.2188758248682,3.8286413964891,3.55534806148941,2.63905732961526,3.68887945411394,3.58351893845611,3.29583686600433,3.09104245335832,1.38629436111989,2.94443897916644,1.09861228866811
"c25f046b8bc4de3bcdb537665b5fb25a",3.29583686600433,3.13549421592915,3.17805383034795,2.56494935746154,2.77258872223978,3.17805383034795,2.70805020110221,2.99573227355399,2.70805020110221,2.77258872223978,3.49650756146648,4.06044301054642,2.70805020110221,3.36729582998647,2.63905732961526,2.83321334405622,3.13549421592915,2.63905732961526,2.39789527279837,2.99573227355399,4.00733318523247,4.23410650459726,4.00733318523247,3.76120011569356,3.46573590279973,3.87120101090789,4.11087386417331,4.02535169073515,3.93182563272433,3.97029191355212,4.4188406077966,4.4188406077966,4.61512051684126,2.89037175789616,2.94443897916644,3.29583686600433,3.3322045101752,3.13549421592915,3.93182563272433,4.35670882668959,3.80666248977032,4.30406509320417,3.76120011569356,3.09104245335832,4.24849524204936,4.21950770517611,4.00733318523247,3.85014760171006,1.94591014905531,3.71357206670431,2.56494935746154
"b60765bf2e10d524fe9872a961bc4c53",3.89182029811063,3.55534806148941,3.04452243772342,2.63905732961526,2.19722457733622,2.70805020110221,2.56494935746154,2.19722457733622,2.70805020110221,2.70805020110221,2.94443897916644,3.2188758248682,2.83321334405622,2.39789527279837,2.19722457733622,2.63905732961526,2.56494935746154,1.6094379124341,1.6094379124341,-0.970633384502141,2.56494935746154,3.63758615972639,3.91202300542815,4.45434729625351,4.53259949315326,4.34380542185368,4.30406509320417,4.33073334028633,4.04305126783455,4.33073334028633,4.35670882668959,4.69134788222914,4.43081679884331,3.95124371858143,3.85014760171006,4.20469261939097,4.23410650459726,4.40671924726425,4.07753744390572,3.73766961828337,3.09104245335832,3.68887945411394,3.8286413964891,2.56494935746154,3.63758615972639,3.49650756146648,3.2188758248682,2.99573227355399,2.99573227355399,3.3322045101752,2.56494935746154
"b8544f4c7065245a8949a406eebdab42",-0.954533647894506,2.63905732961526,3.49650756146648,3.2188758248682,3.13549421592915,3.40119738166216,3.04452243772342,3.52636052461616,3.25809653802148,3.66356164612965,3.98898404656427,4.0943445622221,3.76120011569356,4.0943445622221,4.27666611901606,4.00733318523247,4.02535169073515,4.18965474202643,4.0943445622221,4.35670882668959,4.20469261939097,4.70953020131233,4.27666611901606,3.87120101090789,3.78418963391826,3.87120101090789,4.04305126783455,3.87120101090789,3.71357206670431,3.40119738166216,3.8286413964891,3.29583686600433,3.55534806148941,2.77258872223978,2.70805020110221,-1.01367113201243,-1.05358782519322,-1.0540314495827,3.25809653802148,3.29583686600433,3.73766961828337,3.13549421592915,2.94443897916644,-1.02737642432468,3.58351893845611,3.80666248977032,3.29583686600433,3.63758615972639,-1.03045668614624,3.98898404656427,3.36729582998647
"5a6c87d6a4eb5e114959f6192f29b641",3.04452243772342,2.39789527279837,3.13549421592915,2.63905732961526,2.89037175789616,3.13549421592915,2.99573227355399,2.07944154167984,3.2188758248682,2.89037175789616,3.13549421592915,3.2188758248682,3.09104245335832,2.99573227355399,3.13549421592915,2.30258509299405,3.04452243772342,2.83321334405622,2.70805020110221,2.56494935746154,4.06044301054642,3.98898404656427,4.18965474202643,3.52636052461616,3.91202300542815,3.52636052461616,3.66356164612965,3.36729582998647,4.0943445622221,3.66356164612965,4.43081679884331,4.04305126783455,4.21950770517611,3.2188758248682,2.19722457733622,3.36729582998647,3.3322045101752,3.2188758248682,4.12713438504509,3.93182563272433,4.14313472639153,4.26267987704132,4.17438726989564,2.99573227355399,4.31748811353631,4.21950770517611,4.59511985013459,4.23410650459726,2.63905732961526,3.78418963391826,2.19722457733622
"c9f9355d32e264f6bc060415332587bb",4.75359019110636,4.47733681447821,4.63472898822964,4.02535169073515,3.29583686600433,3.66356164612965,3.8286413964891,4.15888308335967,3.63758615972639,3.66356164612965,3.8286413964891,2.39789527279837,3.04452243772342,2.83321334405622,3.29583686600433,3.40119738166216,3.40119738166216,-1.00072102699002,-1.0028971715476,-1.02573206537908,-1.0785742663148,1.6094379124341,2.484906649788,2.56494935746154,2.19722457733622,2.19722457733622,2.30258509299405,2.39789527279837,3.17805383034795,3.93182563272433,-1.13246862781117,0.693147180559945,-1.15467160722194,3.49650756146648,3.93182563272433,3.43398720448515,3.95124371858143,2.70805020110221,-1.10887595225581,-1.09982710624206,1.38629436111989,3.3322045101752,4.12713438504509,4.92725368515721,4.33073334028633,4.7361984483945,4.77912349311153,4.69134788222914,3.63758615972639,2.484906649788,2.30258509299405
"d662d41c478094e4a8f701d57e0564d4",4.07753744390572,4.14313472639153,4.53259949315326,4.67282883446191,5.01727983681492,4.66343909411207,4.77068462446567,4.27666611901606,3.97029191355212,4.33073334028633,3.13549421592915,1.79175946922805,2.70805020110221,2.484906649788,3.13549421592915,2.39789527279837,2.30258509299405,2.07944154167984,1.79175946922805,1.79175946922805,-1.11744645633133,-1.13799359694825,1.79175946922805,1.38629436111989,3.52636052461616,3.91202300542815,3.66356164612965,3.3322045101752,2.94443897916644,2.83321334405622,1.6094379124341,1.38629436111989,-1.19354379723847,1.79175946922805,1.09861228866811,-1.09727921587035,3.36729582998647,4.27666611901606,3.71357206670431,3.40119738166216,2.484906649788,2.484906649788,2.77258872223978,3.91202300542815,2.63905732961526,2.07944154167984,1.94591014905531,3.13549421592915,4.70953020131233,3.04452243772342,4.46590811865458
"c467d4b4b5f787571d0b7d72c1504ecd",-1.04097700442013,-1.0847750352742,-1.07786477748879,-1.07239833089265,-1.0639136488797,-1.06031063569875,-1.06728474856402,-1.08001720026213,-1.07941788532533,-1.08602051836444,-1.03020940144106,-1.0298740579124,-1.03942358160516,-1.05686278868219,1.79175946922805,4.00733318523247,5.50125821054473,6.62406522779989,6.08677472691231,4.44265125649032,-1.12028172899903,-1.14082886961595,-1.17044568057874,-1.14991797623928,-1.12934267021664,-1.10619805534632,-1.10223968786986,-1.12350074394555,-1.121953952841,-1.10780435213092,-1.1741760904954,-1.1763980009077,-1.19637906990617,2.77258872223978,4.38202663467388,1.79175946922805,-1.14003118171884,-1.14047480610832,-1.15058341494004,-1.14153456892629,1.79175946922805,2.70805020110221,-1.12026511371836,3.40119738166216,-1.10106725152138,-1.10424164136115,-1.11284994940786,-1.10445192069217,-1.11690004267186,-1.09407005410971,3.17805383034795
"834408b5dea275ad6ac778a97c1414cb",1.09861228866811,-1.08875797083827,0.693147180559945,0.693147180559945,-1.06789658444377,-1.06429357126283,-1.0712676841281,1.09861228866811,0.693147180559945,-1.09000345392852,-1.03419233700514,-1.03385699347647,-1.04340651716923,-1.06084572424627,0.693147180559945,1.94591014905531,1.6094379124341,1.6094379124341,2.30258509299405,3.3322045101752,3.49650756146648,3.66356164612965,4.20469261939097,5.08140436498446,4.99043258677874,4.70048036579242,4.70048036579242,4.49980967033027,4.39444915467244,4.72738781871234,4.8283137373023,4.45434729625351,4.0943445622221,4.15888308335967,4.07753744390572,3.46573590279973,3.8286413964891,3.3322045101752,3.78418963391826,3.80666248977032,3.78418963391826,3.68887945411394,2.56494935746154,1.09861228866811,2.99573227355399,2.19722457733622,2.07944154167984,1.38629436111989,0.693147180559945,-1.09805298967379,0.693147180559945
"d922e28fdfb36aa671e51df99219225a",4.969813299576,4.68213122712422,4.39444915467244,4.30406509320417,4.02535169073515,3.80666248977032,3.36729582998647,3.43398720448515,2.89037175789616,3.43398720448515,3.40119738166216,1.94591014905531,3.09104245335832,3.29583686600433,2.99573227355399,3.04452243772342,3.66356164612965,3.73766961828337,3.95124371858143,4.26267987704132,3.29583686600433,2.63905732961526,2.99573227355399,3.04452243772342,3.13549421592915,3.04452243772342,3.2188758248682,2.83321334405622,3.85014760171006,3.58351893845611,2.94443897916644,2.19722457733622,2.70805020110221,2.94443897916644,3.2188758248682,3.40119738166216,3.61091791264422,3.8286413964891,2.30258509299405,2.484906649788,3.09104245335832,3.04452243772342,3.49650756146648,3.93182563272433,3.04452243772342,2.94443897916644,3.25809653802148,2.63905732961526,3.58351893845611,3.46573590279973,3.95124371858143
"bb5d90bda16047b2647c35bcee57cd77",3.58351893845611,3.89182029811063,3.63758615972639,3.17805383034795,2.77258872223978,2.484906649788,3.61091791264422,3.49650756146648,3.61091791264422,2.99573227355399,2.56494935746154,2.19722457733622,2.39789527279837,2.83321334405622,1.6094379124341,2.07944154167984,2.70805020110221,3.17805383034795,3.09104245335832,3.55534806148941,2.89037175789616,3.52636052461616,3.76120011569356,4.00733318523247,4.65396035015752,3.66356164612965,3.93182563272433,3.66356164612965,3.29583686600433,3.55534806148941,3.61091791264422,3.36729582998647,3.04452243772342,2.77258872223978,2.39789527279837,3.36729582998647,3.36729582998647,3.43398720448515,4.11087386417331,3.93182563272433,3.09104245335832,4.02535169073515,4.39444915467244,3.85014760171006,3.95124371858143,4.43081679884331,4.14313472639153,3.43398720448515,2.56494935746154,3.91202300542815,3.09104245335832
"66950cf19482c3f3ee1b7971a304e6c4",3.3322045101752,2.94443897916644,2.83321334405622,2.63905732961526,2.39789527279837,2.484906649788,2.70805020110221,2.70805020110221,2.63905732961526,2.99573227355399,3.68887945411394,4.15888308335967,2.83321334405622,3.13549421592915,2.07944154167984,2.07944154167984,2.99573227355399,3.13549421592915,2.56494935746154,3.25809653802148,4.61512051684126,4.06044301054642,4.02535169073515,4.36944785246702,3.29583686600433,4.43081679884331,4.18965474202643,4.35670882668959,3.97029191355212,3.76120011569356,3.76120011569356,3.85014760171006,3.98898404656427,3.04452243772342,2.70805020110221,3.55534806148941,3.36729582998647,3.17805383034795,3.63758615972639,3.2188758248682,3.29583686600433,3.80666248977032,3.68887945411394,1.6094379124341,3.66356164612965,3.89182029811063,3.68887945411394,3.61091791264422,2.70805020110221,3.76120011569356,2.70805020110221
"c2c4cdbd0939f6a85f1d9dfa6d148a5e",4.23410650459726,3.89182029811063,3.36729582998647,3.55534806148941,3.43398720448515,4.12713438504509,4.66343909411207,4.44265125649032,4.54329478227,4.70953020131233,4.07753744390572,3.17805383034795,4.15888308335967,4.70048036579242,3.71357206670431,3.49650756146648,3.46573590279973,2.56494935746154,2.63905732961526,3.66356164612965,2.70805020110221,2.99573227355399,2.70805020110221,2.83321334405622,3.46573590279973,3.17805383034795,3.78418963391826,2.63905732961526,2.56494935746154,2.94443897916644,0,1.38629436111989,1.79175946922805,2.63905732961526,1.94591014905531,3.09104245335832,3.36729582998647,2.77258872223978,2.63905732961526,1.38629436111989,-1.14662756944109,1.38629436111989,1.79175946922805,2.484906649788,1.94591014905531,1.6094379124341,2.19722457733622,3.95124371858143,4.86753445045558,3.49650756146648,3.25809653802148
"56440c70f592a33b20e98a858002d123",3.73766961828337,2.99573227355399,3.2188758248682,2.70805020110221,2.83321334405622,2.07944154167984,1.6094379124341,1.6094379124341,1.6094379124341,1.79175946922805,1.6094379124341,2.39789527279837,-1.08472749591056,1.38629436111989,-1.10010352273607,1.38629436111989,1.6094379124341,1.94591014905531,1.79175946922805,-1.11274344236871,2.56494935746154,2.07944154167984,1.94591014905531,-1.19522189054468,-1.17464658452204,-1.15150196965173,2.484906649788,3.46573590279973,2.83321334405622,2.56494935746154,3.91202300542815,3.71357206670431,3.66356164612965,4.34380542185368,4.02535169073515,4.12713438504509,3.66356164612965,4.02535169073515,4.89783979995091,3.49650756146648,4.4188406077966,4.49980967033027,4.46590811865458,3.80666248977032,3.95124371858143,4.76217393479776,4.969813299576,4.40671924726425,3.49650756146648,3.85014760171006,3.17805383034795
"107273e73071282e4d0f4a0b46548da5",4.20469261939097,4.14313472639153,3.91202300542815,4.40671924726425,3.98898404656427,3.8286413964891,3.43398720448515,4.0943445622221,3.87120101090789,3.73766961828337,3.36729582998647,2.77258872223978,3.89182029811063,3.55534806148941,3.80666248977032,3.78418963391826,3.52636052461616,3.04452243772342,3.04452243772342,3.8286413964891,2.07944154167984,2.70805020110221,2.83321334405622,2.63905732961526,3.58351893845611,3.2188758248682,2.89037175789616,1.79175946922805,3.76120011569356,3.63758615972639,2.94443897916644,2.89037175789616,2.19722457733622,3.52636052461616,2.94443897916644,3.78418963391826,3.61091791264422,4.27666611901606,2.99573227355399,2.63905732961526,2.39789527279837,3.49650756146648,3.3322045101752,3.55534806148941,3.04452243772342,3.36729582998647,3.13549421592915,2.89037175789616,2.77258872223978,3.13549421592915,3.97029191355212
"c48070f3061b086b60ff32f77e0002fa",2.83321334405622,2.77258872223978,2.484906649788,2.63905732961526,3.17805383034795,2.77258872223978,2.39789527279837,1.79175946922805,2.19722457733622,2.89037175789616,2.70805020110221,3.2188758248682,2.63905732961526,2.19722457733622,2.19722457733622,2.77258872223978,2.94443897916644,2.484906649788,2.07944154167984,1.94591014905531,3.68887945411394,3.55534806148941,4.35670882668959,3.78418963391826,3.91202300542815,3.49650756146648,3.66356164612965,3.61091791264422,3.63758615972639,3.09104245335832,4.33073334028633,4.00733318523247,4.20469261939097,2.77258872223978,2.94443897916644,3.36729582998647,2.83321334405622,3.13549421592915,4.30406509320417,4.04305126783455,4.18965474202643,4.20469261939097,4.02535169073515,3.04452243772342,3.97029191355212,4.0943445622221,4.38202663467388,4.23410650459726,2.63905732961526,3.68887945411394,3.17805383034795
"91e949df3116e7bc8735d49bceb673a1",3.71357206670431,3.63758615972639,3.97029191355212,3.68887945411394,4.06044301054642,4.07753744390572,4.0943445622221,3.89182029811063,3.46573590279973,3.36729582998647,3.55534806148941,3.8286413964891,3.04452243772342,2.99573227355399,2.70805020110221,2.77258872223978,3.40119738166216,3.63758615972639,3.29583686600433,3.71357206670431,4.39444915467244,4.62497281328427,4.55387689160054,4.49980967033027,4.55387689160054,4.38202663467388,3.78418963391826,3.71357206670431,4.0943445622221,3.78418963391826,3.98898404656427,3.40119738166216,3.36729582998647,1.94591014905531,-1.14906099901143,1.38629436111989,-1.19249076161966,-1.19293438600914,-1.20304299484085,-1.1939941488271,2.89037175789616,2.63905732961526,-1.17272469361917,-1.16627936075112,-1.1535268314222,-1.15670122126197,2.89037175789616,2.83321334405622,-1.16935962257267,-1.14652963401052,-1.19986035060142
"55a5e9cc5ecbf0ab7005bda5581d4825",3.17805383034795,3.46573590279973,3.52636052461616,3.85014760171006,4.15888308335967,3.8286413964891,3.80666248977032,4.17438726989564,3.98898404656427,4.06044301054642,4.20469261939097,2.77258872223978,3.71357206670431,4.07753744390572,4.30406509320417,4.66343909411207,4.31748811353631,4.48863636973214,4.54329478227,4.54329478227,4.34380542185368,4.00733318523247,3.93182563272433,3.40119738166216,3.2188758248682,3.43398720448515,3.40119738166216,2.83321334405622,2.56494935746154,2.63905732961526,2.19722457733622,2.07944154167984,2.56494935746154,3.13549421592915,2.94443897916644,-1.15317269162345,1.6094379124341,-1.19353300919373,-1.20364161802544,1.94591014905531,2.63905732961526,2.56494935746154,2.19722457733622,-1.16687798393571,2.19722457733622,1.38629436111989,2.30258509299405,-1.15751012377757,-1.16995824575726,-1.14712825719511,-1.20045897378602
"42585a533f2fd89feb71061338fe7dd6",4.969813299576,4.60517018598809,4.14313472639153,3.98898404656427,3.73766961828337,3.58351893845611,3.8286413964891,4.26267987704132,4.60517018598809,4.00733318523247,3.80666248977032,4.21950770517611,2.94443897916644,3.17805383034795,3.61091791264422,3.09104245335832,2.99573227355399,3.09104245335832,2.77258872223978,2.56494935746154,3.55534806148941,3.3322045101752,3.63758615972639,3.80666248977032,3.63758615972639,4.27666611901606,4.24849524204936,4.12713438504509,2.484906649788,1.94591014905531,-1.24475210790151,-1.24697401831382,-1.26695508731228,-1.19663157665573,-1.16717743651673,-1.17069050594416,-1.21060719912496,-1.21105082351444,-1.22115943234615,-1.21211058633241,-1.19015157750873,-1.20576867033536,1.79175946922805,1.09861228866811,2.39789527279837,2.63905732961526,3.29583686600433,3.85014760171006,3.3322045101752,4.06044301054642,3.76120011569356
"3891c9c486fe0958dacac18bc09c05a3",2.77258872223978,3.61091791264422,3.93182563272433,3.68887945411394,3.76120011569356,4.17438726989564,3.87120101090789,3.93182563272433,4.00733318523247,4.04305126783455,4.18965474202643,3.61091791264422,3.76120011569356,3.95124371858143,4.12713438504509,4.26267987704132,4.46590811865458,4.12713438504509,3.93182563272433,3.80666248977032,3.36729582998647,2.63905732961526,2.83321334405622,1.09861228866811,1.79175946922805,1.38629436111989,2.63905732961526,2.19722457733622,2.83321334405622,2.89037175789616,2.30258509299405,1.94591014905531,0.693147180559945,2.63905732961526,2.56494935746154,2.70805020110221,1.94591014905531,2.07944154167984,2.19722457733622,2.30258509299405,2.83321334405622,2.99573227355399,3.13549421592915,3.46573590279973,3.40119738166216,2.99573227355399,2.83321334405622,3.52636052461616,4.15888308335967,3.73766961828337,4.17438726989564
"c86c42d313081e6c6ec2c8088812cb23",-1.12073582280858,2.484906649788,2.63905732961526,2.484906649788,2.63905732961526,1.79175946922805,-1.14704356695247,1.94591014905531,-1.15917670371378,2.07944154167984,2.70805020110221,3.17805383034795,2.19722457733622,2.19722457733622,2.39789527279837,1.09861228866811,3.17805383034795,3.2188758248682,3.09104245335832,3.3322045101752,4.30406509320417,4.31748811353631,4.02535169073515,3.68887945411394,3.58351893845611,3.97029191355212,3.68887945411394,4.06044301054642,3.95124371858143,3.63758615972639,4.43081679884331,4.45434729625351,4.45434729625351,3.46573590279973,2.89037175789616,3.13549421592915,3.52636052461616,3.36729582998647,3.95124371858143,3.78418963391826,3.89182029811063,4.04305126783455,4.04305126783455,3.04452243772342,3.76120011569356,3.55534806148941,3.61091791264422,3.71357206670431,2.19722457733622,2.39789527279837,2.56494935746154
"2b8313923596f09c18a4b6802c632b36",3.49650756146648,3.17805383034795,3.46573590279973,2.77258872223978,3.09104245335832,2.77258872223978,2.94443897916644,3.36729582998647,3.46573590279973,3.43398720448515,4.07753744390572,5.06259503302697,3.58351893845611,3.52636052461616,3.80666248977032,3.52636052461616,3.71357206670431,3.97029191355212,3.29583686600433,3.17805383034795,4.43081679884331,3.93182563272433,3.76120011569356,2.83321334405622,2.89037175789616,2.83321334405622,3.17805383034795,2.56494935746154,2.63905732961526,1.38629436111989,2.30258509299405,2.484906649788,2.19722457733622,0,0,-1.18852067396768,0,-1.22888099153796,1.6094379124341,2.484906649788,2.484906649788,2.19722457733622,2.70805020110221,1.38629436111989,3.52636052461616,3.61091791264422,4.18965474202643,4.60517018598809,3.78418963391826,4.8283137373023,4.17438726989564
"149550abac2acbfef6d5ae32d4103fcd",2.39789527279837,2.39789527279837,2.19722457733622,1.38629436111989,2.56494935746154,2.07944154167984,1.94591014905531,1.6094379124341,1.94591014905531,2.39789527279837,3.04452243772342,3.04452243772342,1.79175946922805,0.693147180559945,-1.14444725894836,1.09861228866811,-1.1461895180113,-1.13207614019194,0.693147180559945,0,2.07944154167984,1.38629436111989,0.693147180559945,1.38629436111989,2.484906649788,4.00733318523247,4.62497281328427,4.27666611901606,3.71357206670431,3.68887945411394,4.0943445622221,3.95124371858143,4.14313472639153,3.76120011569356,3.09104245335832,2.07944154167984,3.04452243772342,3.85014760171006,4.7361984483945,4.17438726989564,4.4188406077966,4.47733681447821,4.48863636973214,3.85014760171006,4.11087386417331,4.21950770517611,4.06044301054642,4.4188406077966,3.3322045101752,3.04452243772342,1.94591014905531
"10aa3fe0c9285b3a9bb386ecca984c5b",-1.13998509769739,0.693147180559945,-1.17687287076605,-1.17140642416991,-1.16292174215696,-1.15931872897601,-1.16629284184128,-1.17902529353939,-1.1784259786026,-1.1850286116417,0.693147180559945,-1.12888215118966,-1.13843167488242,-1.15587088195945,-1.15380770170793,-1.16271184356098,-1.15554996077087,-1.14143658295151,-1.14361272750909,-1.16644762134057,-1.21928982227629,-1.23983696289321,-1.269453773856,-1.24892606951654,-1.2283507634939,1.6094379124341,2.99573227355399,3.76120011569356,4.27666611901606,4.33073334028633,4.26267987704132,3.95124371858143,3.61091791264422,3.09104245335832,3.2188758248682,2.77258872223978,3.13549421592915,2.77258872223978,3.66356164612965,3.55534806148941,3.73766961828337,3.68887945411394,4.26267987704132,4.35670882668959,4.40671924726425,4.47733681447821,4.31748811353631,4.35670882668959,4.81218435537242,5.08140436498446,5.30330490805908
"edcee9ae6196e011c79d9763cfa748db",3.2188758248682,2.77258872223978,2.99573227355399,2.484906649788,2.39789527279837,2.99573227355399,2.77258872223978,2.07944154167984,2.39789527279837,2.07944154167984,2.07944154167984,3.29583686600433,2.39789527279837,1.94591014905531,2.39789527279837,1.38629436111989,1.79175946922805,2.56494935746154,1.6094379124341,2.30258509299405,3.29583686600433,3.29583686600433,3.52636052461616,2.89037175789616,2.99573227355399,3.36729582998647,3.55534806148941,3.43398720448515,3.3322045101752,3.52636052461616,3.71357206670431,3.95124371858143,4.02535169073515,1.79175946922805,1.94591014905531,2.63905732961526,3.40119738166216,3.29583686600433,3.87120101090789,4.46590811865458,4.27666611901606,4.55387689160054,4.39444915467244,3.17805383034795,4.34380542185368,4.31748811353631,4.78749174278205,3.98898404656427,2.89037175789616,3.97029191355212,2.83321334405622
"c69962aad1a56cd7400314f370f6e8ba",2.07944154167984,2.19722457733622,2.83321334405622,3.40119738166216,3.76120011569356,3.93182563272433,4.61512051684126,4.56434819146784,4.30406509320417,3.91202300542815,3.91202300542815,3.80666248977032,2.83321334405622,2.89037175789616,3.09104245335832,2.56494935746154,2.83321334405622,2.484906649788,3.17805383034795,3.25809653802148,3.36729582998647,2.99573227355399,3.36729582998647,3.43398720448515,3.40119738166216,3.3322045101752,3.76120011569356,3.25809653802148,2.484906649788,1.79175946922805,2.07944154167984,1.94591014905531,1.79175946922805,2.07944154167984,2.07944154167984,2.39789527279837,2.63905732961526,3.2188758248682,3.52636052461616,3.29583686600433,3.46573590279973,4.18965474202643,3.89182029811063,3.13549421592915,3.55534806148941,3.2188758248682,3.17805383034795,4.04305126783455,3.46573590279973,3.95124371858143,3.25809653802148
"a2989847b1fb3dfd897685a913060946",-1.18093771725865,2.30258509299405,1.94591014905531,2.63905732961526,2.56494935746154,2.89037175789616,2.19722457733622,2.56494935746154,1.6094379124341,2.19722457733622,2.89037175789616,3.09104245335832,2.19722457733622,2.94443897916644,3.04452243772342,2.19722457733622,3.46573590279973,3.36729582998647,3.87120101090789,3.17805383034795,3.97029191355212,3.66356164612965,4.00733318523247,3.93182563272433,3.76120011569356,3.52636052461616,3.52636052461616,4.06044301054642,4.44265125649032,4.38202663467388,4.29045944114839,4.04305126783455,3.61091791264422,2.484906649788,2.83321334405622,3.36729582998647,2.70805020110221,1.79175946922805,2.70805020110221,2.484906649788,3.17805383034795,3.55534806148941,3.76120011569356,2.70805020110221,3.55534806148941,3.8286413964891,3.76120011569356,3.85014760171006,3.61091791264422,3.95124371858143,2.99573227355399
"e335f74033bc634af43ee6baa84fa247",3.04452243772342,2.83321334405622,2.99573227355399,2.94443897916644,2.89037175789616,3.25809653802148,2.77258872223978,2.63905732961526,2.484906649788,2.89037175789616,2.484906649788,3.71357206670431,2.56494935746154,2.30258509299405,2.63905732961526,2.77258872223978,2.94443897916644,3.04452243772342,2.83321334405622,3.3322045101752,4.56434819146784,4.60517018598809,4.52178857704904,2.89037175789616,3.04452243772342,3.3322045101752,4.00733318523247,3.68887945411394,3.58351893845611,3.36729582998647,4.12713438504509,4.15888308335967,4.24849524204936,2.19722457733622,2.83321334405622,2.89037175789616,2.484906649788,2.63905732961526,3.71357206670431,3.66356164612965,3.58351893845611,3.78418963391826,3.04452243772342,1.79175946922805,2.77258872223978,3.40119738166216,3.93182563272433,3.36729582998647,1.94591014905531,2.99573227355399,1.6094379124341
"1cb493a848bb5451756c85b2a5ffd356",3.25809653802148,2.70805020110221,2.07944154167984,2.63905732961526,2.77258872223978,2.39789527279837,1.6094379124341,2.56494935746154,2.07944154167984,2.70805020110221,3.2188758248682,3.76120011569356,2.56494935746154,2.83321334405622,2.70805020110221,3.04452243772342,3.55534806148941,3.52636052461616,3.49650756146648,3.91202300542815,4.66343909411207,4.06044301054642,3.97029191355212,4.14313472639153,3.63758615972639,3.66356164612965,3.8286413964891,3.85014760171006,3.78418963391826,3.8286413964891,3.93182563272433,3.52636052461616,3.09104245335832,1.79175946922805,1.6094379124341,2.39789527279837,2.56494935746154,2.30258509299405,2.99573227355399,3.2188758248682,3.61091791264422,4.14313472639153,3.97029191355212,2.83321334405622,3.63758615972639,3.40119738166216,3.36729582998647,3.2188758248682,2.30258509299405,2.83321334405622,2.30258509299405
"0117e9c502bd1cee660d22cb0e8b4a3c",3.17805383034795,3.80666248977032,3.87120101090789,4.58496747867057,4.21950770517611,3.95124371858143,3.04452243772342,3.40119738166216,2.94443897916644,3.13549421592915,1.38629436111989,1.09861228866811,3.55534806148941,3.76120011569356,3.78418963391826,3.85014760171006,3.17805383034795,3.85014760171006,4.49980967033027,3.97029191355212,1.38629436111989,1.38629436111989,1.09861228866811,0.693147180559945,2.63905732961526,1.94591014905531,1.38629436111989,1.09861228866811,1.6094379124341,1.79175946922805,0.693147180559945,1.94591014905531,0.693147180559945,3.17805383034795,3.63758615972639,4.0943445622221,2.94443897916644,4.0943445622221,1.94591014905531,1.09861228866811,2.07944154167984,-1.30835694715765,1.79175946922805,3.91202300542815,1.6094379124341,1.09861228866811,0,2.07944154167984,5.25227342804663,3.09104245335832,4.55387689160054
"ec4387340f04d3ca85d61e808a411bb9",4.15888308335967,4.14313472639153,3.68887945411394,3.2188758248682,3.46573590279973,3.3322045101752,-1.24044904279243,-1.25318149449053,-1.25258217955374,-1.25918481259285,-1.20337369566947,-1.2030383521408,-1.21258787583356,-1.2300270829106,-1.22796390265907,-1.23686804451212,-1.22970616172201,-1.21559278390265,-1.21776892846024,-1.24060382229172,-1.29344602322744,-1.31399316384435,-1.34360997480715,-1.32308227046768,-1.30250696444505,-1.27936234957473,-1.27540398209827,2.99573227355399,2.94443897916644,-1.28096864635932,3.29583686600433,3.63758615972639,3.91202300542815,3.43398720448515,3.04452243772342,4.11087386417331,3.58351893845611,4.14313472639153,4.47733681447821,4.91998092582813,4.68213122712422,5.06890420222023,4.23410650459726,3.71357206670431,4.31748811353631,3.25809653802148,4.31748811353631,4.02535169073515,-1.29006433690027,2.77258872223978,2.56494935746154
"55a3b3b66eb1d13cf1e9d43f843987c6",3.04452243772342,2.99573227355399,3.46573590279973,3.55534806148941,2.99573227355399,3.04452243772342,1.38629436111989,0.693147180559945,1.6094379124341,1.94591014905531,1.6094379124341,-1.21117399023473,2.484906649788,2.99573227355399,2.70805020110221,3.80666248977032,4.23410650459726,4.33073334028633,4.4188406077966,4.76217393479776,4.9416424226093,4.83628190695148,4.00733318523247,4.31748811353631,2.56494935746154,1.94591014905531,1.38629436111989,2.56494935746154,2.89037175789616,2.83321334405622,1.79175946922805,1.6094379124341,1.6094379124341,3.71357206670431,3.89182029811063,3.98898404656427,4.0943445622221,3.63758615972639,1.6094379124341,1.38629436111989,1.94591014905531,2.77258872223978,2.56494935746154,2.99573227355399,1.38629436111989,1.94591014905531,2.19722457733622,1.6094379124341,3.04452243772342,1.79175946922805,2.83321334405622
"04b4ed8ceabf387ba2caa3e54509965d",4.59511985013459,4.45434729625351,4.67282883446191,3.3322045101752,2.56494935746154,2.56494935746154,-1.25610094449162,-1.26883339618973,-1.26823408125294,-1.27483671429204,-1.21902559736866,-1.21869025384,1.6094379124341,2.19722457733622,2.07944154167984,2.83321334405622,2.94443897916644,3.25809653802148,3.89182029811063,3.87120101090789,1.79175946922805,-1.32964506554355,0.693147180559945,0.693147180559945,1.79175946922805,-1.29501425127393,1.6094379124341,1.6094379124341,0,1.09861228866811,1.09861228866811,-1.3652141968353,1.6094379124341,5.57972982598622,4.92725368515721,3.76120011569356,3.85014760171006,4.49980967033027,2.39789527279837,2.63905732961526,2.39789527279837,2.77258872223978,2.83321334405622,4.49980967033027,2.484906649788,2.83321334405622,2.83321334405622,3.09104245335832,3.76120011569356,2.484906649788,3.3322045101752
"6d1d55869c5b78e9862457d11a2ce607",-1.24013455414246,0.693147180559945,-1.27702232721112,-1.27155588061499,-1.26307119860203,-1.25946818542109,-1.26644229828636,-1.27917474998446,1.6094379124341,1.6094379124341,2.30258509299405,2.83321334405622,2.39789527279837,2.83321334405622,2.56494935746154,2.07944154167984,3.09104245335832,2.83321334405622,2.83321334405622,3.71357206670431,4.54329478227,4.85203026391962,5.06890420222023,5.23110861685459,4.68213122712422,3.80666248977032,3.76120011569356,3.66356164612965,3.13549421592915,3.25809653802148,3.87120101090789,3.91202300542815,3.85014760171006,2.77258872223978,1.6094379124341,1.94591014905531,1.79175946922805,1.79175946922805,2.89037175789616,3.29583686600433,3.52636052461616,3.2188758248682,3.09104245335832,2.19722457733622,2.77258872223978,2.77258872223978,3.04452243772342,2.70805020110221,1.09861228866811,1.94591014905531,2.07944154167984
