"ASVID","N01B","N02B","N03B","N04B","N05B","N06B","N07B","N08B","N09B","N10B","N11B","N12B","N13B","N14B","N15B","N16B","N17B","N18B","N19B","N20B","N21B","N22B","N23B","N24B","N25B","N26B","N27B","N28B","N29B","N30B","N31B","N32B","N33B","N34B","N35B","N36B","N37B","N38B","N39B","N40B","N41B","N42B","N43B","N44B","N45B","N46B","N47B","N48B","N49B","N50B","N51B","N52B"
"99fee0a19b008f861969600865c985de",5.54517744447956,4.39444915467244,5.89715386763674,6.24610676548156,6.78445706263764,7.19668657083435,7.35819375273303,7.65491704784832,7.3362856600213,6.35610766069589,4.91998092582813,5.71702770140622,5.76832099579377,6.02586597382531,6.04025471127741,5.91620206260743,4.92725368515721,5.49306144334055,5.48893772615669,5.70711026474888,5.75574221358691,5.63121178182137,5.52545293913178,5.65599181081985,5.59098698051086,5.93753620508243,6.07993319509559,6.41017488196617,6.57786135772105,6.44571981938558,6.79682371827486,6.50876913697168,6.27287700654617,6.40025744530882,6.31716468674728,7.34601020991329,7.09754885061479,6.85435450225502,7.78945456608667,8.20111164444276,8.21446516075919,8.56864647300515,8.45233461906774,8.73052880173936,8.927977461002,8.57904059474232,8.61141186665522,7.92371033396924,8.81418182318832,7.37148929521428,7.05098944706805,6.55677835615804
"c834e02be94ea60ec2900976677cc474",7.26262860097424,5.75890177387728,7.42177579364465,8.16621626859214,8.43337670532313,7.93880224815448,8.00302866638473,7.8815599170569,7.15461535691366,6.40025744530882,6.01859321449623,6.06610809010375,5.78382518232974,6.07764224334903,6.00881318544259,6.28599809450886,5.8111409929767,6.74051935960622,6.23441072571837,6.06378520868761,6.2841341610708,6.27852142416584,6.27664348934164,6.46614472423762,6.74641212857337,7.0352685992811,6.89669433162271,7.34987370473834,7.13648320859025,6.95844839329766,7.39079852173568,7.44541755670169,7.15929190479756,6.58892647753352,6.48463523563525,7.67461749736436,7.14677217945264,7.46565531013406,8.32845106681936,8.13476078241865,8.40491994893345,8.29504914043511,7.87891291229713,7.46049030582534,6.63068338564237,6.20253551718792,6.32435896238131,6.27852142416584,6.34035930372775,7.33106030521863,7.07496319796604,7.79358680337158
"dfcfd742612d616e7c1097c359c7e63b",7.5109777520141,6.26909628370626,6.89770494312864,7.4713630881871,7.26892012819372,7.29709100516042,6.93244789157251,6.59030104819669,7.18462915271731,7.28000825288419,7.32646561384032,7.3185395485679,7.32052696227274,6.8134445995109,5.79301360838414,6.86484777797086,5.44241771052179,6.58892647753352,7.23993259132047,7.24422751560335,7.06561336359772,7.25134498337221,7.38025578842646,6.69826805411541,7.61035761831284,7.29979736675816,7.7397944584087,7.41336733569524,7.60539236481493,7.89506349809157,7.64156444126097,7.47250074473756,7.60140233458373,8.06620756800626,7.79729127354747,7.42773884053289,7.11801620446533,7.23777819192344,7.82204400818562,7.85321638815607,7.68524360797583,6.67329796776765,6.48920493132532,5.69035945432406,4.66343909411207,3.04452243772342,2.24956467670476,2.17423225077252,3.63758615972639,2.20987901794243,2.19332501847279,2.26761521823486
"123e950130b49f3692b2898d9a43ef9c",4.64439089914137,3.29583686600433,4.18965474202643,4.60517018598809,4.61512051684126,4.80402104473326,5.21493575760899,5.63478960316925,5.57215403217776,6.01859321449623,6.4723462945009,6.43294009273918,6.72262979485545,7.35115822643069,7.3038432252777,7.51534457118044,6.89568269774787,7.66152708135852,7.81520706218909,7.94626364358054,7.68432406768116,7.7510451179718,7.64683139143048,7.69165682281055,7.89989532313973,7.91717198884578,7.67740043051481,7.83597458172157,7.78655180642871,7.80343505695217,7.86441990499457,7.84658997529119,8.01135510916129,8.04462627976734,7.4265490723973,7.28207365809346,5.89989735358249,5.49306144334055,5.64544689764324,5.5683445037611,6.15485809401642,6.62406522779989,6.94505106372583,6.91968384984741,6.49677499018586,6.17586727010576,5.97888576490112,5.71373280550937,6.20859002609663,6.36818718635049,6.5366915975913,6.65672652417839
"091126efa2a5f6896c1a128c49160228",6.21060007702465,4.96284463025991,5.79605775076537,5.77144112313002,5.33271879326537,5.82894561761021,5.85220247977447,6.32256523992728,6.32793678372919,6.61472560020376,6.78558764500793,6.98841318199959,7.17930796950403,6.87316383421252,6.86797440897029,6.39692965521615,5.36597601502185,5.74939298590825,5.82304589548302,6.25766758788264,6.32256523992728,6.14418563412565,6.31354804627709,6.28599809450886,6.94215670569947,7.24136628332232,7.11963563801764,7.29979736675816,7.1693500166706,7.36833968631138,7.1929342212158,7.20191631753163,7.29573507274928,7.41034709782102,7.19368581839511,7.25559127425367,6.62539236800796,6.46925031679577,6.6052979209482,6.58202513889283,6.44413125670044,5.82304589548302,5.55682806169954,5.24702407216049,5.05624580534831,4.86753445045558,4.14313472639153,4.18965474202643,5.11799381241676,3.04452243772342,4.78749174278205,5.01727983681492
"1c7d2ad94334dd47c5d0181ab8aea2b9",5.89715386763674,4.77912349311153,7.69302574841789,5.7037824746562,7.08924315502751,6.63594655568665,6.16541785423142,5.57972982598622,6.37161184723186,6.3491389913798,5.4249500174814,6.38350663488401,6.24222326545517,5.52545293913178,5.92958914338989,5.63478960316925,5.46383180502561,5.37527840768417,5.99893656194668,5.98645200528444,5.93753620508243,5.87773578177964,5.55682806169954,5.37989735354046,4.98360662170834,5.53733426701854,5.47646355193151,5.13579843705026,5.01727983681492,5.98645200528444,4.969813299576,5.09375020080676,5.18738580584075,5.15905529921453,7.55485852104068,5.6937321388027,8.09040229659332,5.26269018890489,6.00388706710654,5.65248918026865,7.03878354138854,6.75110146893676,6.16961073249146,5.52146091786225,5.5834963087817,6.76619171466035,6.61204103483309,5.97888576490112,6.18826412308259,4.72738781871234,5.84643877505772,6.24222326545517
"b7cc218ca1bf93e7cf985ec718297e8f",5.24702407216049,3.93182563272433,4.8283137373023,5.31811999384422,5.80814248998044,5.98896141688986,6.63068338564237,7.30988148582479,7.75233516330229,8.04205641005875,7.72488843932307,7.24708058458576,7.12608727329912,7.15617663748062,6.37672694789863,6.99117688712121,5.63835466933375,7.13409372119287,6.87626461189077,7.02553831463852,7.06390396147207,5.25227342804663,4.23410650459726,3.17805383034795,3.85014760171006,4.63472898822964,5.33271879326537,5.35185813347607,4.68213122712422,4.27666611901606,4.70953020131233,4.78749174278205,4.24849524204936,3.29583686600433,3.3322045101752,4.47733681447821,4.18965474202643,3.52636052461616,4.27666611901606,4.49980967033027,3.73766961828337,2.30258509299405,3.29583686600433,3.89182029811063,4.30406509320417,4.75359019110636,4.49980967033027,4.20469261939097,4.59511985013459,3.85014760171006,2.70805020110221,3.13549421592915
"2f23ae1dded4bbb8bd07cfc7f6427336",5.98393628068719,4.35670882668959,4.95582705760126,5.00394630594546,6.05443934626937,5.92958914338989,5.57972982598622,5.82304589548302,6.08449941307517,6.10924758276437,5.67675380226828,5.6021188208797,5.36129216570943,6.39359075395063,6.7286286130847,6.59304453414244,5.95064255258773,6.57368016696065,5.96870755998537,5.85507192220243,6.33327962813969,6.08449941307517,5.68357976733868,5.86078622346587,5.80513496891649,5.53338948872752,5.68357976733868,5.77765232322266,5.98896141688986,6.30261897574491,6.4118182677099,6.64898455002478,6.30261897574491,6.4377516497364,6.05678401322862,6.46458830368996,5.56452040732269,5.48063892334199,6.20253551718792,6.64509096950564,6.2709884318583,6.17378610390194,6.06145691892802,6.35957386867238,6.55961523749324,5.93753620508243,5.15905529921453,5.70711026474888,6.4085287910595,5.40717177146012,6.26149168432104,6.37161184723186
"c810fd2451d1d96abe0584945a56bf8f",5.7268477475872,4.55387689160054,5.52545293913178,5.87211778947542,5.68697535633982,5.63478960316925,5.6021188208797,5.89164421182577,5.50533153593236,5.67675380226828,5.67332326717149,5.54126354515843,5.39816270151775,5.46383180502561,5.29831736654804,5.79605775076537,5.01063529409626,6.23441072571837,6.361302477573,6.36475075685191,5.95324333428778,6.01615715969835,6.08904487544685,5.65599181081985,6.13988455222626,6.1779441140506,5.78382518232974,5.86078622346587,5.95064255258773,5.57972982598622,5.89989735358249,6.01126717440416,6.29894924685594,6.28226674689601,6.03068526026126,6.26720054854136,5.48479693349065,5.54907608489522,6.06145691892802,5.75890177387728,5.79605775076537,5.84354441703136,5.94803498918065,5.81413053182507,5.77455154554441,6.1779441140506,6.49375383985169,6.7202201551353,5.91350300563827,7.05012252026906,6.82546003625531,7.11639414409346
"feb89dc9caf19ef8293e6bb151ee1866",5.21493575760899,4.26267987704132,5.45958551414416,6.05678401322862,5.8406416573734,5.71042701737487,5.78074351579233,5.8636311755981,5.59098698051086,5.76205138278018,6.10255859461357,6.06610809010375,5.58724865840025,5.53733426701854,5.69035945432406,5.85793315448346,5.12989871492307,6.29710931993394,6.51174532964473,6.6682282484174,6.29710931993394,6.64768837356333,6.80461452006262,6.59987049921284,6.80903930604298,6.48463523563525,6.44888939414686,6.37842618365159,6.27287700654617,6.22851100359118,5.93753620508243,5.75257263882563,5.54517744447956,5.4510384535657,4.92725368515721,4.71849887129509,3.71357206670431,4.11087386417331,4.29045944114839,4.0943445622221,4.36944785246702,4.14313472639153,4.49980967033027,4.18965474202643,4.70048036579242,5.43372200355424,5.75890177387728,6.22851100359118,4.97673374242057,7.33171496972647,7.07665381544395,6.69208374250663
"767f3283ab767c0a7adbf5a18db0742a",6.07073772800249,4.63472898822964,5.31320597904179,5.64897423816121,5.37989735354046,5.38449506278909,5.8348107370626,5.97380961186926,6.58202513889283,6.5206211275587,6.86171134048073,6.87626461189077,7.09257371597468,6.92362862813843,6.73340189183736,6.79794041297493,5.61312810638807,6.00141487796115,6.03548143252476,6.06610809010375,5.97888576490112,6.25958146406492,6.13122648948314,5.77765232322266,5.95583736946483,5.77455154554441,5.98393628068719,6.22653666928747,6.03548143252476,6.27287700654617,6.25958146406492,6.39692965521615,6.36647044773144,6.09582456243222,5.76832099579377,5.73979291217923,5.57972982598622,5.43372200355424,5.68697535633982,6.16541785423142,5.74620319054015,5.4510384535657,5.06259503302697,4.49980967033027,4.38202663467388,1.04718901696815,1.09467559499068,1.01934316905844,4.23410650459726,1.05498993622835,4.45434729625351,5.17048399503815
"08bd45c0807b6fb44faaa54fb53e4213",6.0282785202307,4.70048036579242,6.03787091992214,6.7202201551353,6.65157187358973,6.74641212857337,6.84906628263346,7.18235211188526,7.16857989726403,7.11963563801764,7.18462915271731,7.12367278520461,7.02019070831193,6.56244409369372,6.52941883826223,6.17586727010576,5.46806014113513,5.79301360838414,5.94803498918065,6.01126717440416,5.64544689764324,5.27811465923052,4.82028156560504,4.34380542185368,4.64439089914137,4.24849524204936,4.11087386417331,3.55534806148941,1.05125602393998,3.3322045101752,1.08255269682622,1.09507762728616,1.06693071359559,1.08157764811723,1.01238134925588,1.10278654965262,0.990355538026467,0.845934894913722,1.11772786742685,1.13677841631514,1.13325597841252,1.1287070988131,1.12007807984908,1.11422169237681,3.17805383034795,4.52178857704904,4.46590811865458,5.30330490805908,4.0943445622221,6.29341927884648,7.39018142822643,7.25205395185281
"37f0f50bbe241beb5ca3703a962a8e8d",5.45958551414416,4.24849524204936,5.37989735354046,5.72358510195238,5.54907608489522,5.09375020080676,5.31320597904179,5.36597601502185,5.2257466737132,5.20948615284142,5.59098698051086,5.33753807970132,4.79579054559674,5.26785815906333,4.77068462446567,4.95582705760126,4.33073334028633,5.28320372873799,4.84418708645859,5.08140436498446,5.03043792139244,5.19849703126583,4.99721227376411,4.94875989037817,5.19849703126583,5.40267738187228,5.14166355650266,5.35185813347607,5.15329159449778,5.06259503302697,5.23644196282995,5.59842195899838,6.01859321449623,6.25958146406492,6.1779441140506,7.40913644392013,6.61740297797448,6.76619171466035,7.30653139893951,7.13249755166004,7.02997291170639,6.74758652682932,6.57088296233958,6.23048144757848,5.69035945432406,5.08140436498446,4.70048036579242,4.88280192258637,5.24174701505964,5.78382518232974,5.52942908751142,5.96100533962327
"1aad9c2d080f1285de75d84d1b96f65b",4.4188406077966,3.66356164612965,3.80666248977032,4.14313472639153,3.80666248977032,4.46590811865458,4.26267987704132,4.39444915467244,4.63472898822964,4.80402104473326,5.17614973257383,5.2257466737132,4.82028156560504,4.46590811865458,5.08140436498446,5.26785815906333,4.67282883446191,5.29330482472449,5.77144112313002,5.51342874616498,5.3890717298165,5.90536184805457,5.95064255258773,5.76832099579377,6.06145691892802,5.90536184805457,6.08677472691231,5.94803498918065,6.20657592672493,6.48920493132532,6.50876913697168,6.60394382460047,6.51323011091231,6.39526159811545,5.95842469302978,5.8406416573734,5.51745289646471,5.64897423816121,6.31896811374643,6.56244409369372,6.1463292576689,6.34738920965601,6.90475076996184,6.75925527066369,6.3491389913798,5.86078622346587,5.32787616878958,5.72358510195238,6.17170059741091,6.16751649088834,6.03068526026126,5.71702770140622
"4da62986df30d31d35fe1a57ca42739d",5.2257466737132,4.30406509320417,5.605802066296,5.86078622346587,5.86078622346587,5.48063892334199,5.74300318780948,5.99645208861902,5.55295958492162,5.4553211153577,5.19849703126583,5.08759633523238,4.89783979995091,4.99721227376411,4.96284463025991,4.94875989037817,4.78749174278205,5.89715386763674,6.00388706710654,6.13988455222626,6.22257626807137,6.26339826259162,6.21460809842219,6.0330862217988,5.99645208861902,6.09356977004514,5.83773044716594,6.07993319509559,6.48920493132532,6.05208916892442,6.56103066589657,6.59987049921284,6.51767127291227,6.57786135772105,6.15060276844628,6.68835471394676,5.68017260901707,5.46383180502561,5.93753620508243,5.67675380226828,5.62401750618734,5.46383180502561,5.04985600724954,4.68213122712422,4.30406509320417,4.66343909411207,5.01063529409626,5.2040066870768,4.46590811865458,5.94542060860658,5.97126183979046,6.35610766069589
"f3adc35cb1fc524f48eba2a0ea2c2b07",5.49306144334055,4.47733681447821,5.76832099579377,6.31354804627709,5.88610403145016,5.97888576490112,5.79301360838414,5.79605775076537,5.67675380226828,5.32300997913841,5.20948615284142,5.76205138278018,5.55295958492162,5.34710753071747,6.18620862390049,5.56068163101553,5.18178355029209,5.40717177146012,5.49306144334055,5.03695260241363,5.19295685089021,5.54126354515843,5.01063529409626,5.88332238848828,4.91265488573605,4.78749174278205,5.07517381523383,4.94875989037817,5.0998664278242,5.44673737166631,5.86078622346587,6.25382881157547,5.54907608489522,5.84354441703136,5.56068163101553,5.45958551414416,5.24702407216049,5.24174701505964,5.65948221575962,5.67332326717149,6.1463292576689,6.06842558824411,5.91620206260743,6.26720054854136,6.59441345974978,5.70044357339069,5.89164421182577,6.97260625130175,7.03174125876313,5.45958551414416,5.03043792139244,5.14749447681345
"04b4ed8ceabf387ba2caa3e54509965d",5.98141421125448,4.74493212836325,5.37527840768417,5.68017260901707,5.44241771052179,5.72358510195238,5.65948221575962,5.64897423816121,5.39362754635236,5.6021188208797,3.63758615972639,4.65396035015752,6.22257626807137,7.09007683577609,7.21817683840341,7.0833878476253,6.09807428216624,6.24804287450843,5.82304589548302,5.38449506278909,5.30330490805908,5.27811465923052,5.01063529409626,5.31320597904179,5.14749447681345,5.27299955856375,5.25227342804663,5.20948615284142,5.51342874616498,5.46806014113513,5.42934562895444,5.30330490805908,5.00394630594546,4.89034912822175,4.76217393479776,5.29831736654804,4.94875989037817,4.86753445045558,5.29330482472449,4.969813299576,4.96284463025991,4.86753445045558,4.72738781871234,4.61512051684126,4.80402104473326,4.51085950651685,5.04342511691925,0.638772815052287,4.49980967033027,4.68213122712422,6.00388706710654,5.99645208861902
"ff289c73ac6541ac56707936f501a2cd",5.78996017089725,4.72738781871234,6.06610809010375,5.73334127689775,0.693007617786668,0.70996405525401,0.711338795098972,0.730087657261495,3.04452243772342,5.04985600724954,6.73933662735717,6.02344759296103,4.67282883446191,6.49526555593701,7.25276241805319,6.72982407048948,6.15485809401642,6.08449941307517,5.47227067367148,6.17170059741091,6.19440539110467,5.72358510195238,5.98393628068719,6.45204895443723,5.83188247728352,6.52941883826223,5.98141421125448,5.76205138278018,5.02388052084628,4.9416424226093,4.77068462446567,5.11799381241676,5.78382518232974,5.78689738136671,5.66988092298052,6.39692965521615,5.01727983681492,5.18178355029209,3.29583686600433,3.3322045101752,0.748651609058175,0.744102729458755,0.735473710494731,0.729617323022463,0.710831583093766,0.643088165551801,0.690574743574331,0.615242317642093,0.673371221418545,2.70805020110221,4.70048036579242,5.47227067367148
"7311eb1c24e6b824f722d125c3af3477",5.00394630594546,3.93182563272433,5.18738580584075,5.75574221358691,5.72031177660741,5.30330490805908,5.59842195899838,6.10255859461357,5.64897423816121,5.4380793089232,5.14166355650266,5.09375020080676,4.90527477843843,5.05624580534831,4.91265488573605,4.97673374242057,4.71849887129509,5.82008293035236,5.95064255258773,6.09582456243222,5.97888576490112,5.96357934361845,5.84643877505772,5.6937321388027,5.54517744447956,5.56068163101553,5.3890717298165,5.55682806169954,5.89989735358249,5.39362754635236,5.97126183979046,6.11146733950268,6.14846829591765,6.24804287450843,5.64544689764324,6.39859493453521,5.32300997913841,5.39816270151775,5.82894561761021,5.5834963087817,5.3890717298165,5.12396397940326,4.55387689160054,4.27666611901606,3.91202300542815,4.12713438504509,4.26267987704132,4.51085950651685,3.63758615972639,5.47646355193151,5.5834963087817,5.67332326717149
"5e881daab846993e2a1262bd76e598f2",0.555005421428751,2.07944154167984,2.70805020110221,2.89037175789616,2.30258509299405,2.19722457733622,0.650047503547025,0.668796365709548,0.64101931503971,2.89037175789616,3.40119738166216,3.46573590279973,4.38202663467388,4.99721227376411,5.62401750618734,6.25766758788264,6.1463292576689,7.05875815251866,7.22183582528845,7.05358572719368,6.70196036600254,6.93634273583405,6.79346613258001,6.48463523563525,6.33859407820318,6.3261494731551,5.66642668811243,5.68357976733868,5.74620319054015,5.2257466737132,5.56452040732269,5.15329159449778,4.87519732320115,4.65396035015752,4.23410650459726,4.52178857704904,3.66356164612965,3.09104245335832,3.46573590279973,3.2188758248682,2.99573227355399,2.56494935746154,2.19722457733622,0.668326031470516,1.6094379124341,0.581796873999854,0.629283452022384,2.63905732961526,1.6094379124341,4.76217393479776,5.82008293035236,6.19236248947487
"bfcc7e237fe6a77b523dd9d3b03098b2",4.51085950651685,3.2188758248682,4.35670882668959,4.81218435537242,5.5834963087817,7.14045304310116,7.05185562295589,6.11809719804135,5.25749537202778,4.74493212836325,4.91265488573605,5.04342511691925,4.69134788222914,4.52178857704904,5.23644196282995,5.02388052084628,5.67675380226828,5.8111409929767,5.30330490805908,5.91620206260743,6.22455842927536,5.03043792139244,4.98360662170834,6.08677472691231,5.52146091786225,5.18178355029209,5.0998664278242,4.97673374242057,4.91265488573605,5.07517381523383,5.14166355650266,5.68357976733868,5.34710753071747,4.96284463025991,4.45434729625351,5.08140436498446,4.67282883446191,4.48863636973214,5.06890420222023,5.84932477994686,4.84418708645859,5.03695260241363,5.30826769740121,5.80513496891649,6.53524127101366,2.07944154167984,0.623754919350327,3.25809653802148,4.83628190695148,2.39789527279837,5.91350300563827,6.83195356556585
"7af6ae689696e9ea838fbb88ee9afb78",4.97673374242057,3.73766961828337,5.00394630594546,5.11799381241676,5.4510384535657,5.25227342804663,5.14166355650266,4.93447393313069,5.24174701505964,5.28320372873799,5.06890420222023,5.30826769740121,5.63835466933375,5.23644196282995,5.57215403217776,5.50938833662798,4.91998092582813,5.4249500174814,5.40267738187228,5.19849703126583,5.5834963087817,5.30330490805908,4.85203026391962,5.26269018890489,5.10594547390058,5.05624580534831,5.4553211153577,5.37989735354046,5.20948615284142,4.98360662170834,5.15329159449778,5.40267738187228,5.19295685089021,5.34710753071747,5.25749537202778,5.27299955856375,4.77912349311153,4.70953020131233,5.25749537202778,5.47646355193151,5.36597601502185,5.74939298590825,5.99893656194668,5.91079664404053,6.00141487796115,6.08449941307517,5.74939298590825,6.13122648948314,6.07764224334903,5.61312810638807,5.71042701737487,5.48893772615669
"ca3cc27f240057f680ed6515dae7fdc1",4.97673374242057,3.17805383034795,1.38629436111989,3.17805383034795,4.44265125649032,5.64897423816121,6.16331480403464,5.95324333428778,4.70048036579242,3.46573590279973,4.23410650459726,4.969813299576,4.26267987704132,5.9427993751267,5.62762111369064,4.46590811865458,4.44265125649032,5.76832099579377,5.23110861685459,5.5683445037611,5.8406416573734,4.11087386417331,5.53338948872752,6.09582456243222,5.25227342804663,5.40267738187228,6.10924758276437,4.85981240436167,5.4553211153577,4.33073334028633,6.12468339089421,6.82654522355659,5.20948615284142,5.54126354515843,4.93447393313069,6.3297209055227,6.21660610108486,6.361302477573,5.2257466737132,5.68697535633982,4.7361984483945,3.89182029811063,3.29583686600433,4.18965474202643,5.35185813347607,4.91998092582813,2.99573227355399,4.39444915467244,3.29583686600433,5.30330490805908,5.8805329864007,4.59511985013459
"8794266a9850580f5e066fcd3caea9c9",2.484906649788,-0.243174833961052,0.415389469867056,3.95124371858143,4.17438726989564,3.58351893845611,3.55534806148941,2.89037175789616,2.63905732961526,0.482064044475111,3.68887945411394,2.63905732961526,0.428880544452359,3.04452243772342,2.77258872223978,0.468140843281774,3.04452243772342,0.455363743180665,0.443121760449416,0.473303892416849,3.58351893845611,0.434230454934921,4.34380542185368,3.89182029811063,3.2188758248682,4.11087386417331,4.48863636973214,3.52636052461616,5.35658627467201,4.45434729625351,3.09104245335832,3.13549421592915,4.72738781871234,2.63905732961526,2.77258872223978,3.36729582998647,4.54329478227,4.57471097850338,5.78074351579233,6.88653164253051,5.8406416573734,7.23777819192344,7.72046169459972,7.2152399787301,4.47733681447821,6.74875954749168,7.52131798019924,4.77068462446567,3.40119738166216,2.83321334405622,3.25809653802148,2.484906649788
"c6aaf054cb3a6fecf4cad5e1602ceece",4.21950770517611,2.77258872223978,2.19722457733622,2.484906649788,2.39789527279837,3.63758615972639,4.40671924726425,5.01063529409626,4.7361984483945,4.00733318523247,3.71357206670431,4.02535169073515,4.49980967033027,4.95582705760126,4.30406509320417,4.20469261939097,2.77258872223978,3.36729582998647,1.6094379124341,2.30258509299405,2.39789527279837,3.66356164612965,4.58496747867057,5.2257466737132,4.27666611901606,3.87120101090789,4.02535169073515,4.95582705760126,5.43372200355424,4.81218435537242,5.34233425196481,4.67282883446191,4.49980967033027,3.68887945411394,3.29583686600433,3.63758615972639,4.44265125649032,4.83628190695148,5.8171111599632,6.0591231955818,5.86929691313377,6.34212141872115,6.69456205852109,7.13009851012558,7.07749805356923,6.44094654063292,6.01126717440416,4.52178857704904,7.1800698743028,3.49650756146648,3.17805383034795,3.80666248977032
"ebffaf5c074232770582956617687f96",0.257491041908838,-0.388865378727431,1.38629436111989,3.52636052461616,4.52178857704904,4.49980967033027,4.969813299576,5.18178355029209,4.66343909411207,4.91265488573605,5.15329159449778,5.25749537202778,5.43372200355424,5.70711026474888,5.6021188208797,5.48063892334199,4.969813299576,5.4553211153577,5.30826769740121,5.41610040220442,5.18738580584075,4.97673374242057,4.83628190695148,4.64439089914137,4.44265125649032,4.35670882668959,4.00733318523247,4.15888308335967,4.18965474202643,4.23410650459726,4.98360662170834,5.01727983681492,4.79579054559674,4.85981240436167,4.92725368515721,5.95064255258773,5.4971682252932,5.82600010738045,6.18620862390049,6.09582456243222,5.89440283426485,5.84354441703136,5.73979291217923,5.73979291217923,6.0591231955818,4.76217393479776,4.4188406077966,4.57471097850338,5.35185813347607,5.74620319054015,5.28320372873799,5.48063892334199
"a2f21cd05cbf503426f5e24ab1aa0d65",5.08759633523238,4.0943445622221,4.76217393479776,5.51342874616498,5.44673737166631,5.60947179518496,5.59842195899838,5.47646355193151,5.59098698051086,5.78382518232974,5.29831736654804,5.4249500174814,5.95064255258773,5.29330482472449,4.81218435537242,5.57972982598622,4.55387689160054,5.65599181081985,5.25227342804663,5.26269018890489,5.78382518232974,5.74620319054015,5.71373280550937,5.09375020080676,5.55682806169954,5.62040086571715,5.52545293913178,5.85507192220243,5.73009978297357,5.50938833662798,5.87773578177964,5.74620319054015,5.8111409929767,5.71042701737487,5.2040066870768,5.60947179518496,5.12989871492307,4.49980967033027,4.55387689160054,4.29045944114839,3.98898404656427,3.63758615972639,3.25809653802148,2.56494935746154,0.343836889881217,0.276093472339252,0.323580050361782,0.248247624429545,2.77258872223978,0.283894391599455,0.267340392129811,0.341630591891881
"116f776446f19d78cb2a89c251128371",0.182272521851209,-0.464083898785059,0.194480405043048,0.212258727546499,0.258983426657179,3.97029191355212,4.24849524204936,4.29045944114839,5.03043792139244,4.9416424226093,5.37527840768417,5.17048399503815,5.01727983681492,5.05624580534831,5.52545293913178,5.4249500174814,4.68213122712422,5.41164605185504,5.48893772615669,5.89989735358249,5.79605775076537,6.14846829591765,6.03787091992214,5.96870755998537,5.8805329864007,5.62762111369064,5.99396142730657,5.86078622346587,5.93489419561959,6.00141487796115,5.53733426701854,5.79605775076537,5.71373280550937,5.76519110278484,5.15905529921453,5.05624580534831,4.34380542185368,4.97673374242057,5.01727983681492,4.75359019110636,4.62497281328427,0.310078538329266,4.15888308335967,3.87120101090789,3.43398720448515,0.209063974422312,4.00733318523247,3.40119738166216,4.20469261939097,4.18965474202643,0.200310894212871,0.274601093974941
"9b13767ad70a5aba75dfb8ab53b41a60",5.4553211153577,4.04305126783455,5.55682806169954,6.01615715969835,5.48479693349065,5.65948221575962,5.6970934865054,5.47646355193151,5.64190707093811,5.79605775076537,5.48479693349065,5.8805329864007,6.23441072571837,5.99893656194668,6.16331480403464,5.93489419561959,5.0998664278242,5.52942908751142,5.8111409929767,5.39362754635236,5.31811999384422,5.41610040220442,5.19849703126583,4.94875989037817,4.99043258677874,4.63472898822964,4.61512051684126,4.55387689160054,4.24849524204936,4.30406509320417,4.07753744390572,3.98898404656427,4.20469261939097,4.33073334028633,3.97029191355212,4.07753744390572,3.04452243772342,3.3322045101752,3.40119738166216,4.07753744390572,3.93182563272433,3.52636052461616,4.21950770517611,3.95124371858143,4.48863636973214,3.91202300542815,3.68887945411394,4.38202663467388,4.43081679884331,5.08759633523238,4.23410650459726,4.62497281328427
"48cfa59632961313466dfcfd6a0e4bd0",5.36129216570943,4.0943445622221,4.46590811865458,4.81218435537242,5.58724865840025,6.07764224334903,5.75890177387728,5.32300997913841,5.17048399503815,5.08140436498446,4.04305126783455,3.80666248977032,3.73766961828337,3.73766961828337,4.77068462446567,5.19295685089021,4.69134788222914,4.75359019110636,4.45434729625351,4.60517018598809,5.55295958492162,5.29831736654804,5.77455154554441,6.55819780281227,5.34233425196481,5.42934562895444,5.4553211153577,5.80513496891649,5.55682806169954,5.39816270151775,5.73009978297357,5.41610040220442,5.32787616878958,5.32787616878958,4.55387689160054,5.2040066870768,4.53259949315326,5.605802066296,5.50125821054473,4.96284463025991,2.89037175789616,2.484906649788,1.6094379124341,1.94591014905531,3.09104245335832,1.6094379124341,0.157445558843483,0.0821131329112448,4.12713438504509,0.117759900081155,2.484906649788,2.07944154167984
"0e274ec0a51227998286650629922662",5.26785815906333,3.76120011569356,4.30406509320417,4.9416424226093,4.63472898822964,4.7361984483945,4.63472898822964,4.31748811353631,4.60517018598809,4.57471097850338,4.61512051684126,4.60517018598809,4.12713438504509,3.8286413964891,4.06044301054642,4.30406509320417,3.93182563272433,4.46590811865458,4.95582705760126,4.68213122712422,4.35670882668959,4.76217393479776,4.85981240436167,4.64439089914137,5.04985600724954,4.47733681447821,5.01727983681492,4.68213122712422,5.08759633523238,5.27299955856375,5.51342874616498,5.77144112313002,5.55682806169954,5.67675380226828,5.30330490805908,5.29831736654804,4.84418708645859,5.15905529921453,5.64544689764324,5.57215403217776,5.14749447681345,5.36597601502185,5.82304589548302,5.36597601502185,5.36129216570943,4.84418708645859,3.71357206670431,4.63472898822964,5.30826769740121,5.68697535633982,5.0998664278242,4.99043258677874
"a8809cc11488285159b609a0b669f59d",5.09375020080676,4.36944785246702,5.40267738187228,5.68697535633982,5.57594910314632,5.31811999384422,5.37989735354046,5.48893772615669,4.35670882668959,3.97029191355212,1.38629436111989,3.04452243772342,2.89037175789616,3.73766961828337,4.00733318523247,3.76120011569356,3.04452243772342,4.35670882668959,4.88280192258637,5.18178355029209,5.19295685089021,4.51085950651685,4.0943445622221,3.95124371858143,4.36944785246702,4.969813299576,5.4971682252932,5.59098698051086,5.80211837537706,5.48893772615669,5.93224518744801,5.8406416573734,5.7268477475872,4.9416424226093,3.98898404656427,4.18965474202643,4.39444915467244,4.43081679884331,5.41610040220442,5.37527840768417,4.94875989037817,4.23410650459726,4.02535169073515,4.54329478227,5.09375020080676,5.61312810638807,5.90808293816893,3.55534806148941,5.35658627467201,3.66356164612965,4.88280192258637,5.13579843705026
"59364744507fc064189cc76039389725",4.45434729625351,3.43398720448515,4.24849524204936,4.40671924726425,4.39444915467244,4.36944785246702,4.43081679884331,4.77068462446567,4.89034912822175,4.78749174278205,4.68213122712422,4.69134788222914,5.13579843705026,4.57471097850338,4.85981240436167,4.43081679884331,4.29045944114839,4.56434819146784,4.20469261939097,4.26267987704132,4.45434729625351,4.8283137373023,4.48863636973214,4.66343909411207,4.0943445622221,4.02535169073515,4.00733318523247,4.11087386417331,4.46590811865458,4.52178857704904,4.18965474202643,4.66343909411207,4.30406509320417,4.46590811865458,4.68213122712422,4.39444915467244,4.77068462446567,3.85014760171006,4.33073334028633,4.8283137373023,4.9416424226093,5.10594547390058,5.50533153593236,5.9427993751267,5.37989735354046,5.75574221358691,5.94017125272043,6.49223983502047,5.89989735358249,6.18826412308259,6.01126717440416,5.73657229747919
"c3d286727d3bc9f75ccf3964283e6fe8",3.73766961828337,2.30258509299405,3.68887945411394,4.0943445622221,3.87120101090789,3.87120101090789,3.80666248977032,3.91202300542815,3.8286413964891,3.87120101090789,4.11087386417331,3.91202300542815,3.76120011569356,3.85014760171006,3.76120011569356,3.91202300542815,3.04452243772342,3.63758615972639,3.66356164612965,3.76120011569356,3.58351893845611,3.29583686600433,3.46573590279973,2.83321334405622,3.2188758248682,3.25809653802148,2.484906649788,2.83321334405622,1.79175946922805,2.19722457733622,1.38629436111989,-0.376513638867581,0,-0.40238683710715,-0.534619546203869,2.19722457733622,2.56494935746154,-0.855083546685244,1.38629436111989,1.94591014905531,1.94591014905531,1.94591014905531,2.30258509299405,2.70805020110221,3.76120011569356,5.89989735358249,6.67708346124714,6.81014245011514,4.82028156560504,7.56112158953024,7.02642680869964,6.93828448401696
"a8985695e90a39ad84c796e38206f195",4.11087386417331,3.3322045101752,4.58496747867057,4.64439089914137,0.0688533087136743,0.0858097461810163,0.0871844860259786,0.105933348188501,0.0781562975186627,4.47733681447821,6.89871453432999,6.04500531403601,3.29583686600433,5.31320597904179,5.90263333340137,5.81413053182507,5.03695260241363,5.03043792139244,4.44265125649032,5.18738580584075,5.51342874616498,4.85203026391962,5.17048399503815,5.70711026474888,5.605802066296,6.00881318544259,5.53733426701854,5.605802066296,4.84418708645859,4.77068462446567,4.63472898822964,4.65396035015752,5.4971682252932,5.64897423816121,5.605802066296,6.03068526026126,4.99043258677874,4.72738781871234,0.108969188999508,0.128019737887796,0.124497299985181,0.119948420385761,0.111319401421737,0.105463013949469,0.0866772740207724,0.0189338564788071,0.0664204345013376,-0.00891199143090058,0.0492169123455508,0.0267347757390098,0.0101807762693662,3.98898404656427
"ecc95e5dfc560bd3c36f7b225b081f42",-0.0130517029037574,-0.659408123540026,-0.000843819711918221,2.39789527279837,3.36729582998647,3.49650756146648,4.35670882668959,5.06890420222023,5.0998664278242,5.50938833662798,5.74300318780948,5.605802066296,5.8348107370626,5.91079664404053,4.88280192258637,5.57594910314632,4.56434819146784,6.12249280951439,5.39816270151775,5.35185813347607,5.56068163101553,5.68357976733868,5.39362754635236,4.969813299576,5.31811999384422,5.28320372873799,4.85203026391962,5.37989735354046,5.20948615284142,4.54329478227,4.62497281328427,4.70953020131233,5.11799381241676,4.72738781871234,4.27666611901606,4.78749174278205,3.66356164612965,3.91202300542815,4.27666611901606,4.00733318523247,4.21950770517611,4.47733681447821,4.69134788222914,4.9416424226093,4.54329478227,3.89182029811063,4.30406509320417,4.7361984483945,4.27666611901606,4.4188406077966,3.46573590279973,4.91265488573605
"4be33645dd9f084ae764b704fa796e19",6.01126717440416,3.87120101090789,2.94443897916644,4.18965474202643,3.98898404656427,3.85014760171006,3.2188758248682,3.13549421592915,3.97029191355212,5.6021188208797,2.70805020110221,4.64439089914137,2.94443897916644,0.000576283634469964,3.78418963391826,4.89783979995091,4.53259949315326,4.67282883446191,3.46573590279973,4.71849887129509,5.72031177660741,3.98898404656427,4.7361984483945,3.85014760171006,4.60517018598809,5.91889385427315,4.89783979995091,4.90527477843843,4.39444915467244,4.70953020131233,5.46806014113513,4.90527477843843,4.38202663467388,4.8283137373023,5.10594547390058,4.7361984483945,3.09104245335832,3.73766961828337,4.89034912822175,4.85981240436167,5.12989871492307,5.08759633523238,4.89783979995091,5.08759633523238,5.63121178182137,4.68213122712422,4.17438726989564,7.09506437728713,4.99721227376411,4.84418708645859,3.85014760171006,4.11087386417331
"aabb82168cc5440fc5c662209b0baa8f",4.46590811865458,3.52636052461616,4.89034912822175,4.04305126783455,4.9416424226093,5.34710753071747,5.36597601502185,5.01727983681492,3.85014760171006,3.09104245335832,3.63758615972639,4.64439089914137,5.4380793089232,5.17048399503815,5.23110861685459,4.43081679884331,3.17805383034795,4.04305126783455,4.39444915467244,4.61512051684126,4.44265125649032,4.4188406077966,4.36944785246702,4.55387689160054,3.71357206670431,3.43398720448515,3.91202300542815,3.95124371858143,4.40671924726425,4.17438726989564,4.33073334028633,4.44265125649032,4.61512051684126,4.53259949315326,3.58351893845611,4.24849524204936,3.98898404656427,4.33073334028633,5.12396397940326,5.18738580584075,5.13579843705026,4.95582705760126,4.80402104473326,5.19849703126583,4.83628190695148,4.27666611901606,4.88280192258637,5.39362754635236,4.20469261939097,5.77144112313002,6.16751649088834,5.88332238848828
"24743feeecdab3f091a06539f2b11dcf",6.51767127291227,4.8283137373023,5.79909265446053,5.8171111599632,5.31320597904179,5.53733426701854,5.33753807970132,5.4510384535657,5.52942908751142,5.4380793089232,5.37527840768417,5.12989871492307,4.969813299576,4.56434819146784,4.78749174278205,4.70953020131233,4.38202663467388,5.25749537202778,5.63835466933375,5.66988092298052,5.30826769740121,5.50125821054473,5.37989735354046,5.07517381523383,5.01063529409626,4.57471097850338,3.97029191355212,3.91202300542815,4.00733318523247,3.68887945411394,3.46573590279973,3.25809653802148,2.89037175789616,-0.146242943304674,-0.215439242166024,-0.125034041769285,-0.237465053395437,-0.381885696508183,-0.110092723995053,-0.0910421751067656,-0.0945646130093798,-0.0991134926088001,-0.107742511572824,-0.113598899045092,-0.132384638973789,-0.200128056515754,-0.152641478493224,-0.227973904425462,-0.16984500064901,-0.192327137255551,-0.208881136725195,-0.134590936963125
"c210b192c5b387540be3721f9bbf5d67",4.24849524204936,2.63905732961526,3.95124371858143,4.70953020131233,4.39444915467244,4.47733681447821,4.23410650459726,3.68887945411394,2.94443897916644,3.2188758248682,4.36944785246702,4.44265125649032,4.26267987704132,4.78749174278205,5.68357976733868,5.35185813347607,5.01063529409626,5.41164605185504,5.34710753071747,5.76519110278484,6.06378520868761,5.76832099579377,5.46806014113513,5.78074351579233,4.8283137373023,4.83628190695148,5.47227067367148,5.59842195899838,5.59471137960184,4.87519732320115,5.29330482472449,4.68213122712422,4.52178857704904,4.78749174278205,4.79579054559674,5.4249500174814,4.46590811865458,4.04305126783455,2.63905732961526,-0.102135385546212,-0.105657823448826,-0.110206703048247,-0.118835722012271,-0.124692109484539,-0.143477849413235,-0.211221266955201,-0.16373468893267,-0.239067114864908,-0.180938211088457,-0.203420347694998,-0.219974347164642,-0.145684147402572
"107273e73071282e4d0f4a0b46548da5",4.21950770517611,2.77258872223978,6.31896811374643,4.65396035015752,5.28320372873799,5.39362754635236,4.91998092582813,4.63472898822964,5.24174701505964,4.77912349311153,4.35670882668959,5.50533153593236,5.2040066870768,4.53259949315326,5.19849703126583,4.72738781871234,4.78749174278205,4.44265125649032,3.98898404656427,4.14313472639153,4.49980967033027,4.20469261939097,4.24849524204936,4.47733681447821,3.55534806148941,3.85014760171006,3.68887945411394,3.76120011569356,3.63758615972639,4.12713438504509,3.73766961828337,3.87120101090789,3.71357206670431,3.80666248977032,5.7268477475872,3.91202300542815,5.82600010738045,3.46573590279973,4.12713438504509,3.93182563272433,4.62497281328427,4.4188406077966,4.70048036579242,3.95124371858143,4.80402104473326,4.56434819146784,4.45434729625351,5.25227342804663,4.88280192258637,4.54329478227,4.62497281328427,4.79579054559674
"868e0165fe32a8925b7f20afa5e1dbfc",4.26267987704132,3.66356164612965,5.32787616878958,4.53259949315326,5.18738580584075,5.15329159449778,4.59511985013459,4.20469261939097,4.91265488573605,5.15905529921453,4.68213122712422,5.4249500174814,4.969813299576,4.76217393479776,5.24702407216049,4.85981240436167,4.97673374242057,5.52545293913178,4.93447393313069,4.63472898822964,5.08759633523238,5.37063802812766,4.75359019110636,5.605802066296,4.4188406077966,4.31748811353631,4.38202663467388,4.0943445622221,-0.200091023908458,3.95124371858143,-0.168794351022226,3.76120011569356,4.40671924726425,3.68887945411394,4.87519732320115,3.49650756146648,5.02388052084628,3.40119738166216,3.73766961828337,4.00733318523247,4.46590811865458,4.11087386417331,4.40671924726425,4.23410650459726,4.31748811353631,4.56434819146784,4.20469261939097,5.15905529921453,4.77068462446567,4.99721227376411,4.76217393479776,4.99721227376411
"21823049adacccbea93a6988239a88e1",5.52942908751142,4.34380542185368,5.11198778835654,5.39816270151775,5.30330490805908,5.18178355029209,5.11198778835654,5.06259503302697,5.19849703126583,5.24702407216049,5.15905529921453,4.70953020131233,4.78749174278205,4.82028156560504,3.71357206670431,4.69134788222914,3.85014760171006,4.96284463025991,5.28826703069454,5.19849703126583,4.69134788222914,4.969813299576,5.03043792139244,4.12713438504509,4.87519732320115,4.97673374242057,5.00394630594546,4.96284463025991,4.8283137373023,4.38202663467388,4.63472898822964,4.34380542185368,4.87519732320115,5.02388052084628,4.24849524204936,4.14313472639153,3.71357206670431,3.89182029811063,4.17438726989564,3.98898404656427,3.95124371858143,3.8286413964891,3.95124371858143,3.68887945411394,3.95124371858143,4.12713438504509,3.97029191355212,3.43398720448515,3.85014760171006,3.66356164612965,3.29583686600433,3.3322045101752
"3ebe761bfb1238c87195d431f41bf976",4.89034912822175,3.17805383034795,5.60947179518496,4.89034912822175,5.45958551414416,5.18738580584075,5.11799381241676,4.68213122712422,5.40717177146012,5.28320372873799,4.79579054559674,5.57594910314632,5.15329159449778,4.969813299576,5.20948615284142,4.96284463025991,4.51085950651685,4.94875989037817,4.57471097850338,4.47733681447821,5.2257466737132,4.52178857704904,4.27666611901606,4.84418708645859,3.78418963391826,3.52636052461616,3.40119738166216,3.66356164612965,-0.244684965451261,-0.257645486099177,3.40119738166216,3.3322045101752,3.2188758248682,3.29583686600433,3.71357206670431,3.49650756146648,4.40671924726425,3.63758615972639,3.55534806148941,4.02535169073515,4.52178857704904,4.55387689160054,4.54329478227,4.71849887129509,4.85981240436167,4.9416424226093,4.70953020131233,5.36129216570943,4.60517018598809,4.30406509320417,4.38202663467388,4.85203026391962
"8612a638846acf832935cb932a1f0398",3.55534806148941,3.46573590279973,4.95582705760126,3.85014760171006,4.59511985013459,4.18965474202643,4.15888308335967,4.24849524204936,4.54329478227,4.54329478227,4.14313472639153,5.14749447681345,5.18178355029209,4.52178857704904,4.98360662170834,4.75359019110636,5.32300997913841,5.04342511691925,4.47733681447821,4.63472898822964,5.31320597904179,5.28320372873799,4.99043258677874,5.49306144334055,4.29045944114839,4.55387689160054,4.56434819146784,4.39444915467244,4.23410650459726,4.40671924726425,3.89182029811063,4.07753744390572,5.06259503302697,3.97029191355212,5.43372200355424,4.53259949315326,5.06890420222023,4.20469261939097,4.38202663467388,4.20469261939097,4.80402104473326,4.63472898822964,4.61512051684126,4.34380542185368,4.61512051684126,4.61512051684126,4.9416424226093,4.57471097850338,4.30406509320417,4.12713438504509,3.89182029811063,4.72738781871234
"f908a38600f83fdc81be5d4d19e1c44e",4.31748811353631,3.09104245335832,5.6937321388027,4.55387689160054,4.77912349311153,4.68213122712422,4.30406509320417,4.21950770517611,4.74493212836325,4.68213122712422,3.98898404656427,5.01727983681492,5.03695260241363,4.52178857704904,5.01727983681492,4.58496747867057,4.56434819146784,4.66343909411207,4.33073334028633,4.48863636973214,4.83628190695148,4.49980967033027,4.80402104473326,5.20948615284142,3.91202300542815,4.68213122712422,4.30406509320417,4.30406509320417,4.47733681447821,4.4188406077966,4.23410650459726,4.07753744390572,3.89182029811063,4.14313472639153,5.38449506278909,4.38202663467388,5.73657229747919,4.06044301054642,4.33073334028633,4.02535169073515,4.96284463025991,4.72738781871234,4.49980967033027,4.24849524204936,4.85203026391962,4.71849887129509,4.62497281328427,5.09375020080676,4.57471097850338,4.24849524204936,4.02535169073515,4.91998092582813
"e1e0950f18e814ccace25739d2373bef",4.63472898822964,3.46573590279973,4.43081679884331,4.68213122712422,4.47733681447821,4.65396035015752,4.34380542185368,4.55387689160054,4.65396035015752,4.77912349311153,4.79579054559674,5.21493575760899,5.27299955856375,4.79579054559674,5.02388052084628,5.01063529409626,4.33073334028633,4.8283137373023,4.74493212836325,4.63472898822964,4.76217393479776,4.9416424226093,4.86753445045558,4.91265488573605,4.91998092582813,4.72738781871234,4.63472898822964,4.65396035015752,4.65396035015752,3.98898404656427,4.15888308335967,4.11087386417331,4.27666611901606,4.26267987704132,4.57471097850338,4.20469261939097,4.53259949315326,3.76120011569356,3.76120011569356,4.18965474202643,4.0943445622221,4.24849524204936,4.27666611901606,4.12713438504509,4.89034912822175,4.38202663467388,4.11087386417331,5.48063892334199,4.92725368515721,5.11799381241676,4.96284463025991,4.92725368515721
"06b1b0ededcab44d5b5b97b9e5b43160",4.12713438504509,3.25809653802148,4.21950770517611,4.31748811353631,4.12713438504509,4.30406509320417,4.44265125649032,4.77912349311153,5.00394630594546,5.18178355029209,5.20948615284142,5.15905529921453,5.27299955856375,5.18178355029209,5.14166355650266,5.02388052084628,3.71357206670431,4.65396035015752,4.86753445045558,4.93447393313069,5.13579843705026,5.10594547390058,5.41610040220442,5.36129216570943,5.52942908751142,5.78382518232974,5.60947179518496,5.46383180502561,5.38449506278909,5.2040066870768,4.89783979995091,4.85981240436167,4.90527477843843,4.72738781871234,4.44265125649032,4.56434819146784,3.78418963391826,3.66356164612965,3.13549421592915,2.484906649788,-0.175300591036591,-0.179849470636011,-0.188478489600035,-0.194334877072303,-0.213120617001,-0.280864034542965,-0.233377456520435,-0.308709882452673,-0.250580978676221,-0.273063115282763,-0.289617114752406,-0.215326914990336
"0117e9c502bd1cee660d22cb0e8b4a3c",5.01063529409626,2.94443897916644,4.34380542185368,4.71849887129509,4.90527477843843,5.43372200355424,5.72358510195238,6.12249280951439,5.91350300563827,5.17048399503815,2.39789527279837,3.95124371858143,4.56434819146784,6.09356977004514,5.94542060860658,5.72031177660741,4.11087386417331,4.77068462446567,4.54329478227,4.56434819146784,4.77912349311153,4.26267987704132,3.73766961828337,2.07944154167984,2.19722457733622,2.30258509299405,3.25809653802148,3.36729582998647,3.63758615972639,3.09104245335832,3.63758615972639,3.66356164612965,4.44265125649032,4.96284463025991,4.96284463025991,5.53733426701854,4.23410650459726,3.04452243772342,2.07944154167984,2.30258509299405,-0.201963865357054,-0.206512744956475,-0.215141763920499,-0.220998151392767,2.30258509299405,3.04452243772342,3.09104245335832,-0.335373156773136,2.94443897916644,2.07944154167984,4.99043258677874,5.26269018890489
"816adcb981eb4e362e1358439c1c50f9",4.60517018598809,3.13549421592915,3.89182029811063,4.79579054559674,4.39444915467244,4.70048036579242,4.0943445622221,3.71357206670431,4.11087386417331,4.31748811353631,4.15888308335967,4.7361984483945,4.24849524204936,4.43081679884331,4.61512051684126,4.27666611901606,4.52178857704904,4.66343909411207,5.23644196282995,4.70048036579242,4.15888308335967,4.52178857704904,4.86753445045558,4.62497281328427,4.43081679884331,3.93182563272433,4.55387689160054,3.89182029811063,4.24849524204936,4.18965474202643,4.52178857704904,4.8283137373023,4.57471097850338,4.88280192258637,4.39444915467244,4.4188406077966,3.78418963391826,4.4188406077966,5.27811465923052,5.19849703126583,5.0998664278242,4.40671924726425,5.19295685089021,4.67282883446191,4.88280192258637,4.85981240436167,4.00733318523247,4.44265125649032,5.22035582507832,4.99721227376411,5.02388052084628,4.82028156560504
"d17d4e52392e61bf7543955737ee5b3d",-0.412505042666761,-1.05886146330303,-0.400297159474921,-0.382518836971471,-0.335794137860791,-0.318837700393449,-0.317462960548487,-0.298714098385964,-0.326491149055802,-0.333622584866867,-0.34518335947228,-0.363864724103833,-0.386806084889619,-0.35403277630215,-0.331084398699758,1.38629436111989,1.94591014905531,1.09861228866811,-0.372564868892561,1.79175946922805,1.6094379124341,1.79175946922805,2.70805020110221,3.29583686600433,3.95124371858143,4.36944785246702,4.67282883446191,4.92725368515721,5.25749537202778,5.12989871492307,5.5683445037611,5.43372200355424,5.17614973257383,4.68213122712422,4.56434819146784,5.6021188208797,5.27811465923052,5.70711026474888,6.00635315960173,5.91889385427315,5.91350300563827,5.66988092298052,5.54517744447956,5.15905529921453,4.62497281328427,4.31748811353631,3.95124371858143,3.78418963391826,4.52178857704904,4.47733681447821,4.31748811353631,3.87120101090789
"02b4cbe5c2955ab2f66dc82cdf6dad64",5.26785815906333,4.35670882668959,5.12396397940326,5.31320597904179,5.72031177660741,5.08140436498446,5.02388052084628,5.39362754635236,5.87493073085203,5.33753807970132,5.00394630594546,5.54126354515843,5.77144112313002,5.71702770140622,6.63987583382654,5.50533153593236,4.9416424226093,4.58496747867057,3.97029191355212,3.04452243772342,3.40119738166216,3.46573590279973,2.99573227355399,3.61091791264422,3.09104245335832,-0.399269879707438,2.56494935746154,-0.400121381054915,-0.404727483624116,1.94591014905531,-0.373430810737883,-0.360905880277944,-0.389052793968507,-0.37440585944687,-0.44360215830822,-0.353196957911481,-0.465627969537633,-0.610048612650379,-0.338255640137249,-0.319205091248961,-0.322727529151576,-0.327276408750996,-0.33590542771502,-0.341761815187288,2.70805020110221,-0.42829097265795,-0.380804394635419,3.8286413964891,-0.398007916791206,3.36729582998647,3.29583686600433,2.70805020110221
"41d407d2dcd22d6ed303635fcdd94744",5.37989735354046,3.8286413964891,3.55534806148941,4.02535169073515,4.02535169073515,3.89182029811063,3.68887945411394,4.26267987704132,4.20469261939097,4.64439089914137,4.75359019110636,4.27666611901606,4.0943445622221,4.52178857704904,4.39444915467244,4.51085950651685,3.66356164612965,3.93182563272433,3.61091791264422,3.36729582998647,3.55534806148941,3.13549421592915,2.89037175789616,4.0943445622221,4.79579054559674,5.35658627467201,5.29831736654804,5.45958551414416,5.05624580534831,4.68213122712422,5.06890420222023,5.05624580534831,4.33073334028633,3.3322045101752,3.2188758248682,4.23410650459726,3.68887945411394,4.39444915467244,4.82028156560504,5.04342511691925,5.2040066870768,5.10594547390058,5.26785815906333,4.48863636973214,3.85014760171006,4.70953020131233,4.49980967033027,4.26267987704132,4.44265125649032,3.61091791264422,3.76120011569356,4.06044301054642
"85d595577c2a94a0a96058af457da34d",-0.531719425055606,-1.17807584569187,-0.519511541863767,-0.501733219360317,-0.455008520249636,-0.438052082782294,-0.436677342937332,-0.417928480774809,-0.445705531444648,-0.452836967255712,-0.464397741861125,-0.483079106492679,-0.506020467278464,-0.473247158690995,-0.450298781088604,-0.466760168449049,-0.798820412706108,-0.479537268550158,-0.491779251281407,-0.461597119313974,-0.465597656990359,-0.500670556795902,-0.518436320776901,-0.506995291659769,1.79175946922805,-0.475906879533991,-0.503324775279366,3.2188758248682,2.63905732961526,2.77258872223978,3.68887945411394,3.98898404656427,3.17805383034795,2.99573227355399,3.46573590279973,4.92725368515721,5.37989735354046,5.94803498918065,6.19440539110467,5.59471137960184,5.605802066296,5.47646355193151,5.57594910314632,5.78074351579233,5.82304589548302,5.24702407216049,5.23644196282995,5.11198778835654,5.24174701505964,5.27299955856375,4.69134788222914,4.95582705760126
"b135fbde5a9c861d458a21258afbda94",3.85014760171006,3.25809653802148,7.43720636687129,4.06044301054642,5.27299955856375,4.94875989037817,4.20469261939097,3.63758615972639,4.39444915467244,3.68887945411394,2.39789527279837,3.8286413964891,3.55534806148941,3.09104245335832,3.58351893845611,3.3322045101752,2.30258509299405,3.09104245335832,3.04452243772342,3.66356164612965,3.13549421592915,3.3322045101752,2.89037175789616,2.484906649788,2.56494935746154,2.94443897916644,2.89037175789616,1.79175946922805,-0.492010267861985,2.83321334405622,-0.460713594975753,2.30258509299405,-0.476335578206376,-0.461688643684739,5.04985600724954,-0.440479742149351,6.53524127101366,2.30258509299405,3.09104245335832,2.30258509299405,3.58351893845611,2.99573227355399,3.13549421592915,3.58351893845611,3.85014760171006,4.96284463025991,4.91265488573605,3.2188758248682,4.02535169073515,1.6094379124341,2.56494935746154,3.8286413964891
"259eb055b09c7c621e62bec9d100d490",4.66343909411207,3.49650756146648,4.11087386417331,4.34380542185368,4.47733681447821,4.48863636973214,3.73766961828337,4.45434729625351,3.95124371858143,3.91202300542815,4.39444915467244,4.15888308335967,4.0943445622221,4.07753744390572,3.58351893845611,3.55534806148941,3.58351893845611,-0.546411234176203,4.00733318523247,-0.528471084940019,4.27666611901606,4.34380542185368,3.76120011569356,3.71357206670431,4.21950770517611,3.8286413964891,3.91202300542815,4.35670882668959,4.11087386417331,3.93182563272433,4.04305126783455,3.63758615972639,3.91202300542815,4.12713438504509,4.04305126783455,3.91202300542815,4.07753744390572,2.99573227355399,3.40119738166216,3.76120011569356,3.87120101090789,4.21950770517611,4.68213122712422,4.58496747867057,4.45434729625351,5.08140436498446,4.57471097850338,5.42934562895444,5.39362754635236,5.56452040732269,5.73334127689775,5.37527840768417
"7e171bbf8497f6f700510d47d0bce5f0",4.47733681447821,3.76120011569356,4.35670882668959,4.52178857704904,4.26267987704132,3.85014760171006,4.20469261939097,4.40671924726425,4.91265488573605,4.91998092582813,5.33271879326537,5.31320597904179,5.57594910314632,5.12396397940326,4.27666611901606,4.12713438504509,4.14313472639153,4.23410650459726,3.87120101090789,4.20469261939097,4.46590811865458,4.68213122712422,4.38202663467388,4.74493212836325,4.59511985013459,4.63472898822964,4.67282883446191,4.51085950651685,4.76217393479776,3.73766961828337,4.07753744390572,4.61512051684126,4.84418708645859,4.68213122712422,4.30406509320417,4.75359019110636,3.29583686600433,4.0943445622221,4.26267987704132,3.76120011569356,3.2188758248682,2.56494935746154,2.30258509299405,2.56494935746154,2.484906649788,-0.606102459261869,-0.558615881239338,2.39789527279837,-0.575819403395125,2.39789527279837,2.07944154167984,3.17805383034795
"8678fa3a06998220d4612e2c31b51f03",-0.681964298653869,-1.32832071929014,4.30406509320417,-0.65197809295858,3.91202300542815,-0.588296956380558,-0.586922216535596,-0.568173354373072,4.20469261939097,-0.603081840853975,4.00733318523247,4.67282883446191,4.0943445622221,4.18965474202643,4.40671924726425,4.4188406077966,4.27666611901606,4.76217393479776,4.53259949315326,4.29045944114839,4.70953020131233,4.74493212836325,4.15888308335967,4.59511985013459,4.53259949315326,4.23410650459726,4.4188406077966,4.45434729625351,4.46590811865458,4.33073334028633,4.46590811865458,4.51085950651685,4.30406509320417,4.04305126783455,4.11087386417331,4.14313472639153,4.38202663467388,3.63758615972639,3.98898404656427,4.23410650459726,3.95124371858143,4.55387689160054,4.52178857704904,4.48863636973214,4.45434729625351,4.80402104473326,4.23410650459726,4.63472898822964,4.89034912822175,4.98360662170834,4.51085950651685,4.64439089914137
"e64faa80cdf98e9e30efe534471de110",6.64378973314767,5.24702407216049,6.14203740558736,6.11368217983223,5.47227067367148,5.00394630594546,4.87519732320115,5.03043792139244,4.49980967033027,4.23410650459726,3.91202300542815,3.98898404656427,3.73766961828337,3.93182563272433,3.43398720448515,3.63758615972639,3.63758615972639,4.31748811353631,4.44265125649032,4.51085950651685,4.47733681447821,4.40671924726425,4.26267987704132,4.20469261939097,3.58351893845611,3.71357206670431,2.77258872223978,3.25809653802148,2.07944154167984,1.09861228866811,-0.611071260231138,-0.598546329771199,-0.626693243461762,-0.612046308940125,-0.681242607801475,-0.590837407404736,-0.703268419030888,-0.847689062143634,-0.575896089630504,-0.556845540742216,-0.56036797864483,-0.564916858244251,-0.573545877208275,-0.579402264680543,-0.598188004609239,-0.665931422151205,-0.618444844128674,-0.693777270060912,-0.635648366284461,-0.658130502891002,-0.674684502360646,-0.600394302598576
"35e8f92891757e2c3fc0b41d6fa22be5",-0.701686672348626,-1.34804309298489,-0.689478789156786,3.17805383034795,3.25809653802148,3.52636052461616,4.04305126783455,4.20469261939097,4.8283137373023,5.48063892334199,5.95583736946483,4.62497281328427,3.87120101090789,3.85014760171006,3.87120101090789,4.54329478227,3.91202300542815,4.59511985013459,4.62497281328427,4.54329478227,4.57471097850338,4.57471097850338,4.17438726989564,4.78749174278205,4.57471097850338,4.40671924726425,4.61512051684126,4.96284463025991,5.14166355650266,5.03043792139244,5.02388052084628,4.14313472639153,3.73766961828337,3.2188758248682,3.17805383034795,3.68887945411394,-0.712232216657206,-0.856652859769952,3.97029191355212,3.66356164612965,3.52636052461616,-0.573880655870569,3.55534806148941,3.71357206670431,3.58351893845611,3.93182563272433,3.73766961828337,3.95124371858143,3.80666248977032,4.64439089914137,2.89037175789616,-0.609358100224894
"9ed5a69c305cd9031b6d38bb9f375923",3.93182563272433,3.13549421592915,4.00733318523247,4.71849887129509,4.64439089914137,4.78749174278205,4.92725368515721,5.22035582507832,4.49980967033027,3.8286413964891,4.15888308335967,4.15888308335967,3.43398720448515,4.78749174278205,4.45434729625351,4.8283137373023,3.89182029811063,4.23410650459726,4.14313472639153,3.3322045101752,4.00733318523247,4.0943445622221,3.97029191355212,4.34380542185368,4.11087386417331,4.06044301054642,4.26267987704132,4.92725368515721,4.68213122712422,4.4188406077966,4.49980967033027,4.44265125649032,3.93182563272433,3.71357206670431,3.98898404656427,4.18965474202643,3.68887945411394,3.95124371858143,4.29045944114839,4.72738781871234,4.84418708645859,4.97673374242057,3.97029191355212,2.99573227355399,2.99573227355399,4.06044301054642,3.98898404656427,3.25809653802148,3.66356164612965,2.94443897916644,2.39789527279837,2.89037175789616
"eba69fef85fa63d9ca01273e9eda4dae",-0.71653026539192,-1.36288668602819,-0.704322382200081,-0.68654405969663,-0.63981936058595,-0.622862923118608,1.38629436111989,1.09861228866811,1.09861228866811,-0.637647807592026,2.94443897916644,3.87120101090789,3.61091791264422,4.24849524204936,4.44265125649032,4.07753744390572,3.09104245335832,3.91202300542815,4.15888308335967,3.25809653802148,3.63758615972639,3.87120101090789,3.46573590279973,4.76217393479776,4.20469261939097,4.34380542185368,3.8286413964891,3.2188758248682,2.70805020110221,2.39789527279837,3.04452243772342,2.30258509299405,-0.650500634131374,1.38629436111989,-0.705049998471088,-0.614644798074348,2.99573227355399,2.56494935746154,2.83321334405622,2.484906649788,3.55534806148941,3.71357206670431,4.24849524204936,4.55387689160054,4.71849887129509,5.99893656194668,6.12468339089421,6.00635315960173,5.34233425196481,6.30627528694802,4.38202663467388,4.52178857704904
"e60da15c71e69772ae7da2c5f65865aa",4.79579054559674,3.73766961828337,4.70048036579242,4.57471097850338,3.93182563272433,4.46590811865458,4.48863636973214,4.63472898822964,4.29045944114839,4.07753744390572,4.64439089914137,4.48863636973214,4.11087386417331,3.98898404656427,4.0943445622221,4.0943445622221,3.04452243772342,3.93182563272433,4.24849524204936,4.64439089914137,4.26267987704132,4.61512051684126,4.75359019110636,4.46590811865458,4.84418708645859,5.15905529921453,5.09375020080676,5.00394630594546,4.99721227376411,4.89783979995091,4.76217393479776,4.71849887129509,4.58496747867057,4.78749174278205,4.65396035015752,4.35670882668959,3.71357206670431,3.52636052461616,4.00733318523247,2.83321334405622,2.83321334405622,2.89037175789616,-0.602350502041826,-0.608206889514094,-0.626992629442791,-0.694736046984756,-0.647249468962226,-0.722581894894464,1.6094379124341,-0.686935127724554,-0.703489127194197,-0.629198927432127
"9ab3a54e5cefa6a766fde0d8c304769f",4.86753445045558,3.61091791264422,4.23410650459726,4.70953020131233,4.78749174278205,5.28826703069454,5.50533153593236,5.96100533962327,5.5683445037611,6.05443934626937,5.06890420222023,4.75359019110636,4.26267987704132,4.36944785246702,4.49980967033027,4.75359019110636,3.85014760171006,4.75359019110636,4.44265125649032,4.49980967033027,4.43081679884331,4.79579054559674,4.90527477843843,4.96284463025991,4.12713438504509,3.68887945411394,3.3322045101752,2.99573227355399,-0.672286453916834,-0.685246974564749,-0.640989781030601,-0.628464850570661,-0.656611764261225,-0.641964829739588,-0.711161128600938,-0.620755928204199,-0.733186939830351,-0.877607582943096,-0.605814610429967,-0.586764061541679,-0.590286499444293,-0.594835379043714,-0.603464398007738,-0.609320785480006,-0.628106525408702,-0.695849942950668,-0.648363364928137,-0.723695790860375,-0.665566887083924,-0.688049023690465,-0.704603023160109,-0.630312823398039
"2a29b04490b167eea05afea58d2dfc40",4.20469261939097,3.71357206670431,3.25809653802148,4.4188406077966,3.46573590279973,4.33073334028633,4.11087386417331,4.07753744390572,2.94443897916644,3.66356164612965,3.98898404656427,5.06890420222023,4.17438726989564,3.85014760171006,4.07753744390572,4.35670882668959,3.29583686600433,4.76217393479776,3.36729582998647,3.71357206670431,4.59511985013459,3.87120101090789,5.14749447681345,3.61091791264422,4.61512051684126,3.63758615972639,3.43398720448515,4.9416424226093,4.90527477843843,4.64439089914137,4.29045944114839,3.87120101090789,4.23410650459726,4.7361984483945,4.29045944114839,4.31748811353631,3.71357206670431,3.89182029811063,3.40119738166216,3.68887945411394,3.04452243772342,3.13549421592915,3.68887945411394,3.55534806148941,3.78418963391826,4.21950770517611,3.80666248977032,5.03695260241363,5.15905529921453,4.31748811353631,3.25809653802148,4.9416424226093
"45ffedadc43d8030c7f8a405ca9ab0db",7.53315880745556,6.20455776256869,6.51174532964473,5.73657229747919,4.18965474202643,3.36729582998647,2.56494935746154,-0.636822327192108,-0.664599377861947,-0.671730813673011,-0.683291588278424,-0.701972952909977,-0.724914313695763,-0.692141005108294,-0.669192627505903,-0.685654014866348,3.40119738166216,-0.698431114967457,-0.710673097698705,-0.680490965731273,-0.684491503407658,-0.7195644032132,-0.7373301671942,-0.725889138077068,-0.713881956267001,-0.69480072595129,-0.722218621696665,-0.695652227298767,-0.700258329867968,-0.713218850515883,-0.668961656981736,-0.656436726521796,-0.684583640212359,-0.669936705690722,-0.739133004552072,-0.648727804155334,-0.761158815781485,-0.905579458894231,-0.633786486381102,-0.614735937492814,-0.618258375395428,-0.622807254994848,-0.631436273958872,-0.63729266143114,-0.656078401359837,-0.723821818901802,-0.676335240879272,-0.75166766681151,-0.693538763035058,-0.716020899641599,1.6094379124341,-0.658284699349173
"eb79af3a1a9aa989f04b9161f7cfbcd5",4.26267987704132,3.3322045101752,4.30406509320417,4.36944785246702,4.14313472639153,4.20469261939097,4.27666611901606,4.21950770517611,4.43081679884331,4.53259949315326,4.71849887129509,4.67282883446191,4.86753445045558,4.33073334028633,4.15888308335967,4.29045944114839,3.61091791264422,4.00733318523247,4.40671924726425,4.30406509320417,4.39444915467244,4.48863636973214,4.49980967033027,4.12713438504509,4.33073334028633,4.38202663467388,4.02535169073515,4.12713438504509,4.11087386417331,3.85014760171006,4.00733318523247,3.85014760171006,4.06044301054642,4.34380542185368,3.98898404656427,4.0943445622221,3.78418963391826,3.68887945411394,3.97029191355212,3.78418963391826,3.49650756146648,3.17805383034795,3.40119738166216,3.29583686600433,3.58351893845611,3.78418963391826,3.76120011569356,4.64439089914137,3.97029191355212,4.74493212836325,4.62497281328427,4.68213122712422
"554345c10941538d3c323777253ee02d",4.40671924726425,3.13549421592915,4.70048036579242,4.20469261939097,4.58496747867057,4.48863636973214,5.08140436498446,4.7361984483945,4.90527477843843,4.85203026391962,4.95582705760126,4.94875989037817,4.82028156560504,4.66343909411207,4.34380542185368,4.47733681447821,3.76120011569356,3.78418963391826,4.0943445622221,3.78418963391826,3.73766961828337,3.46573590279973,3.78418963391826,3.85014760171006,3.68887945411394,3.55534806148941,3.66356164612965,2.63905732961526,2.56494935746154,2.70805020110221,2.77258872223978,2.30258509299405,2.484906649788,-0.703443117580565,3.13549421592915,-0.682234216045176,3.13549421592915,2.39789527279837,2.83321334405622,2.99573227355399,2.89037175789616,2.94443897916644,3.25809653802148,3.40119738166216,3.95124371858143,4.30406509320417,4.29045944114839,5.00394630594546,3.68887945411394,5.39816270151775,5.30826769740121,4.95582705760126
"ffd660f96ba6668b2d8d86fc4e150862",-0.808412375931792,1.09861228866811,1.94591014905531,4.78749174278205,6.04500531403601,6.69579891705849,4.64439089914137,3.61091791264422,3.40119738166216,3.17805383034795,5.50533153593236,4.15888308335967,2.99573227355399,4.80402104473326,4.60517018598809,3.78418963391826,3.76120011569356,3.98898404656427,2.484906649788,1.94591014905531,3.3322045101752,-0.777363507672087,3.71357206670431,3.76120011569356,-0.771681060725888,-0.752599830410177,-0.780017726155552,-0.753451331757654,-0.758057434326855,-0.771017954974771,-0.726760761440623,-0.714235830980683,-0.742382744671247,-0.727735810149609,-0.79693210901096,-0.706526908614221,-0.818957920240373,-0.963378563353118,-0.691585590839989,-0.672535041951701,-0.676057479854315,-0.680606359453735,-0.689235378417759,-0.695091765890028,-0.713877505818724,-0.781620923360689,-0.734134345338159,4.27666611901606,-0.751337867493945,4.29045944114839,5.67675380226828,6.16751649088834
"11c6637e2dc386eaf99bb4ffc7544814",4.4188406077966,3.52636052461616,4.35670882668959,4.82028156560504,4.52178857704904,4.15888308335967,4.12713438504509,4.06044301054642,4.31748811353631,4.61512051684126,4.83628190695148,4.63472898822964,3.98898404656427,4.4188406077966,4.00733318523247,4.21950770517611,3.91202300542815,4.69134788222914,4.62497281328427,4.33073334028633,4.39444915467244,4.7361984483945,4.64439089914137,4.69134788222914,4.46590811865458,4.74493212836325,4.53259949315326,4.67282883446191,4.49980967033027,4.30406509320417,4.23410650459726,4.4188406077966,4.38202663467388,4.35670882668959,4.06044301054642,4.11087386417331,3.25809653802148,3.17805383034795,3.40119738166216,2.70805020110221,2.63905732961526,-0.735837990423984,1.6094379124341,1.09861228866811,-0.769109136788973,-0.836852554330938,-0.789365976308407,-0.864698402240646,-0.806569498464194,-0.829051635070735,-0.845605634540379,-0.771315434778309
"0bd1dbc52a31344a9bf0c2fd0b16da8c",2.30258509299405,1.79175946922805,2.89037175789616,3.87120101090789,3.17805383034795,2.39789527279837,2.30258509299405,2.63905732961526,3.71357206670431,3.3322045101752,2.94443897916644,3.2188758248682,2.83321334405622,4.26267987704132,3.63758615972639,2.63905732961526,1.79175946922805,3.04452243772342,3.25809653802148,3.09104245335832,3.61091791264422,3.76120011569356,2.77258872223978,3.46573590279973,3.2188758248682,2.484906649788,2.56494935746154,3.40119738166216,3.43398720448515,3.85014760171006,4.60517018598809,3.89182029811063,3.87120101090789,3.89182029811063,4.48863636973214,2.39789527279837,3.29583686600433,3.58351893845611,2.39789527279837,3.68887945411394,3.40119738166216,3.80666248977032,4.91265488573605,5.54907608489522,5.87211778947542,5.41610040220442,5.8664680569333,5.46806014113513,5.18178355029209,2.77258872223978,2.83321334405622,3.29583686600433
"095dcca0a1cacb655451100eb59c8ef1",4.35670882668959,4.21950770517611,4.99721227376411,4.80402104473326,4.68213122712422,4.48863636973214,4.17438726989564,3.97029191355212,4.72738781871234,5.29330482472449,6.21860011969173,4.45434729625351,2.56494935746154,5.12396397940326,5.31320597904179,4.31748811353631,3.13549421592915,-0.847057445094199,-0.859299427825448,-0.829117295858015,1.94591014905531,3.46573590279973,5.00394630594546,5.60947179518496,3.95124371858143,3.91202300542815,3.95124371858143,2.39789527279837,-0.848884659994711,-0.861845180642626,-0.817587987108478,-0.805063056648538,-0.833209970339102,-0.818563035817465,-0.887759334678815,-0.797354134282076,-0.909785145908228,-1.05420578902097,-0.782412816507844,-0.763362267619556,-0.76688470552217,-0.771433585121591,-0.780062604085614,-0.785918991557883,2.30258509299405,2.19722457733622,-0.824961571006014,4.27666611901606,2.99573227355399,2.39789527279837,4.17438726989564,4.40671924726425
"e6597e930f9b32e98a6fd25d851f75da",3.3322045101752,1.79175946922805,4.38202663467388,3.61091791264422,4.15888308335967,3.78418963391826,3.76120011569356,3.13549421592915,4.21950770517611,4.11087386417331,3.61091791264422,4.4188406077966,4.69134788222914,3.71357206670431,4.36944785246702,4.21950770517611,4.06044301054642,4.29045944114839,4.54329478227,4.48863636973214,4.34380542185368,4.30406509320417,4.27666611901606,4.43081679884331,3.8286413964891,4.11087386417331,3.97029191355212,3.91202300542815,3.25809653802148,3.8286413964891,3.40119738166216,3.04452243772342,3.2188758248682,2.94443897916644,4.70953020131233,3.36729582998647,4.86753445045558,3.29583686600433,3.66356164612965,3.04452243772342,4.14313472639153,4.51085950651685,3.73766961828337,3.66356164612965,4.17438726989564,3.98898404656427,4.12713438504509,4.58496747867057,4.0943445622221,3.3322045101752,4.07753744390572,4.20469261939097
"be2ee09d7e96f8404691a1367b7f8bcf",3.29583686600433,2.77258872223978,3.80666248977032,4.4188406077966,4.24849524204936,4.9416424226093,4.85203026391962,4.59511985013459,4.43081679884331,5.51342874616498,5.17048399503815,3.97029191355212,3.98898404656427,3.58351893845611,-0.890189487476949,3.40119738166216,2.30258509299405,3.04452243772342,1.94591014905531,3.17805383034795,3.71357206670431,3.73766961828337,3.13549421592915,2.07944154167984,4.02535169073515,3.49650756146648,1.79175946922805,4.18965474202643,4.23410650459726,3.91202300542815,4.61512051684126,3.61091791264422,4.29045944114839,3.93182563272433,3.73766961828337,4.82028156560504,3.63758615972639,3.55534806148941,3.2188758248682,3.13549421592915,2.70805020110221,3.43398720448515,4.15888308335967,4.04305126783455,4.79579054559674,2.70805020110221,2.30258509299405,2.70805020110221,-0.914535623006105,3.78418963391826,3.63758615972639,4.54329478227
"2abf330694cd7731207f2a9032b06581",-0.971967593467418,-1.61832401410369,-0.959759710275578,-0.941981387772129,3.40119738166216,4.47733681447821,6.16961073249146,6.24416690066374,6.00635315960173,5.31320597904179,4.15888308335967,4.14313472639153,3.52636052461616,3.29583686600433,-0.890546949500416,-0.907008336860861,-1.23906858111792,-0.91978543696197,-0.932027419693218,-0.901845287725786,-0.905845825402171,-0.940918725207713,-0.958684489188713,-0.947243460071581,-0.935236278261514,-0.916155047945803,-0.943572943691178,-0.91700654929328,-0.921612651862481,-0.934573172510397,-0.890315978976249,-0.877791048516309,-0.905937962206872,-0.891291027685235,-0.960487326546586,-0.870082126149847,-0.982513137775999,-1.12693378088874,-0.855140808375615,-0.836090259487327,-0.839612697389941,2.70805020110221,4.02535169073515,5.23644196282995,4.60517018598809,3.40119738166216,4.34380542185368,4.54329478227,3.87120101090789,4.39444915467244,3.8286413964891,5.03695260241363
"14a0e05106135e35f3516fe52964651f",4.04305126783455,2.70805020110221,5.34233425196481,4.44265125649032,4.99721227376411,4.71849887129509,4.52178857704904,4.33073334028633,4.99721227376411,4.76217393479776,3.95124371858143,4.98360662170834,5.25227342804663,4.14313472639153,5.06259503302697,4.23410650459726,3.43398720448515,4.26267987704132,3.98898404656427,3.93182563272433,3.71357206670431,3.49650756146648,3.04452243772342,-0.954779831646846,2.94443897916644,2.99573227355399,2.77258872223978,-0.924542920868545,-0.929149023437746,-0.942109544085661,-0.897852350551513,-0.885327420091574,-0.913474333782137,-0.8988273992605,3.98898404656427,-0.877618497725111,4.94875989037817,-1.13447015246401,-0.862677179950879,-0.843626631062591,3.36729582998647,-0.851697948564626,-0.86032696752865,2.89037175789616,3.68887945411394,3.71357206670431,3.93182563272433,4.0943445622221,3.43398720448515,3.87120101090789,4.21950770517611,4.60517018598809
"d662d41c478094e4a8f701d57e0564d4",-0.983836101781817,-1.63019252241809,-0.971628218589978,-0.953849896086528,-0.907125196975847,-0.890168759508505,-0.888794019663543,-0.87004515750102,-0.897822208170859,-0.904953643981923,2.56494935746154,2.77258872223978,-0.958137144004675,1.09861228866811,2.63905732961526,2.89037175789616,-1.25093708943232,3.29583686600433,3.58351893845611,2.70805020110221,3.52636052461616,2.99573227355399,2.77258872223978,2.94443897916644,3.66356164612965,3.25809653802148,2.63905732961526,2.484906649788,1.6094379124341,-0.946441680824796,-0.902184487290648,-0.889659556830708,-0.917806470521272,-0.903159535999634,-0.972355834860985,-0.881950634464246,1.94591014905531,-1.13880228920314,-0.867009316690014,-0.847958767801726,-0.85148120570434,1.09861228866811,-0.864659104267784,1.94591014905531,3.73766961828337,4.9416424226093,6.1463292576689,6.70686233660275,4.07753744390572,6.20455776256869,5.25749537202778,5.33271879326537
"aa203bbc98224540b556cf123e097c88",3.49650756146648,3.04452243772342,4.94875989037817,5.37063802812766,5.27299955856375,5.65248918026865,5.82894561761021,5.55295958492162,4.7361984483945,5.17614973257383,5.79909265446053,5.80814248998044,-0.962488129839001,-0.929714821251532,-0.906766443649141,-0.923227831009586,-1.25528807526664,-0.936004931110695,-0.948246913841944,-0.918064781874511,-0.922065319550896,-0.957138219356439,-0.974903983337438,-0.963462954220306,-0.951455772410239,-0.932374542094529,-0.959792437839904,-0.933226043442006,-0.937832146011207,-0.950792666659122,-0.906535473124974,-0.894010542665035,-0.922157456355598,-0.907510521833961,-0.976706820695311,-0.886301620298572,-0.998732631924724,-1.14315327503747,-0.87136030252434,-0.852309753636052,-0.855832191538666,-0.860381071138087,-0.86901009010211,-0.874866477574379,-0.893652217503075,2.19722457733622,3.3322045101752,4.35670882668959,1.09861228866811,4.8283137373023,3.25809653802148,3.71357206670431
"583e7caf625474a3918b14c9f2246d0a",-0.993652577628699,-1.64000899826497,-0.981444694436859,2.30258509299405,4.82028156560504,6.30078579466324,6.4723462945009,5.80513496891649,5.14166355650266,4.67282883446191,4.34380542185368,3.8286413964891,2.63905732961526,2.07944154167984,3.49650756146648,5.68697535633982,4.33073334028633,4.70048036579242,4.20469261939097,3.17805383034795,2.77258872223978,1.94591014905531,-0.980369473349993,-0.968928444232862,-0.956921262422795,-0.937840032107084,-0.965257927852459,-0.938691533454561,-0.943297636023762,-0.956258156671677,-0.91200096313753,-0.89947603267759,-0.927622946368153,-0.912976011846516,-0.982172310707866,-0.891767110311127,-1.00419812193728,-1.14861876505002,-0.876825792536895,-0.857775243648607,-0.861297681551222,-0.865846561150642,-0.874475580114666,-0.880331967586934,-0.89911770751563,-0.966861125057596,-0.919374547035065,-0.994706972967303,-0.936578069190852,-0.959060205797393,1.38629436111989,3.17805383034795
"f672aa3aea2d03f0b297739022e9b716",4.45434729625351,3.76120011569356,5.05624580534831,5.04342511691925,4.99721227376411,5.23644196282995,5.04342511691925,4.99721227376411,4.77068462446567,4.65396035015752,4.77912349311153,4.51085950651685,4.56434819146784,4.55387689160054,4.48863636973214,4.53259949315326,4.34380542185368,4.49980967033027,4.48863636973214,4.36944785246702,3.98898404656427,4.00733318523247,3.36729582998647,3.3322045101752,3.78418963391826,3.36729582998647,3.13549421592915,3.09104245335832,3.36729582998647,2.94443897916644,2.94443897916644,3.09104245335832,2.484906649788,3.04452243772342,2.39789527279837,2.89037175789616,-1.00566064504989,2.63905732961526,-0.878288315649506,-0.859237766761218,-0.862760204663833,-0.867309084263253,-0.875938103227277,-0.881794490699545,-0.900580230628242,-0.968323648170207,-0.920837070147677,-0.996169496079915,-0.938040592303463,-0.960522728910004,4.14313472639153,-0.902786528617578
"2692b51dc69b7a25255e60c4e6b8d269",5.06259503302697,3.85014760171006,5.00394630594546,5.50938833662798,4.99721227376411,4.9416424226093,4.56434819146784,4.68213122712422,4.24849524204936,4.17438726989564,4.30406509320417,4.35670882668959,4.21950770517611,3.97029191355212,4.17438726989564,3.63758615972639,3.40119738166216,4.15888308335967,4.17438726989564,4.61512051684126,4.06044301054642,4.39444915467244,4.21950770517611,4.47733681447821,4.47733681447821,3.98898404656427,3.73766961828337,4.12713438504509,4.27666611901606,3.89182029811063,3.58351893845611,3.68887945411394,2.89037175789616,3.17805383034795,2.94443897916644,2.19722457733622,-1.02823329632142,-1.17265393943417,-0.900860966921038,-0.88181041803275,-0.885332855935364,-0.889881735534785,-0.898510754498808,-0.904367141971077,-0.923152881899773,-0.990896299441739,-0.943409721419208,-1.01874214735145,-0.960613243574995,-0.983095380181536,-0.99964937965118,-0.925359179889109
"768df3ea504b48ae391c6a6e7d27cda6",2.19722457733622,1.38629436111989,2.83321334405622,2.70805020110221,3.25809653802148,2.70805020110221,3.80666248977032,4.07753744390572,4.30406509320417,4.27666611901606,4.35670882668959,4.20469261939097,4.36944785246702,4.48863636973214,3.91202300542815,3.98898404656427,3.46573590279973,4.47733681447821,3.68887945411394,4.00733318523247,4.20469261939097,4.30406509320417,3.97029191355212,4.4188406077966,4.0943445622221,4.0943445622221,3.93182563272433,4.18965474202643,3.97029191355212,3.80666248977032,3.87120101090789,4.14313472639153,4.31748811353631,3.97029191355212,3.25809653802148,3.76120011569356,2.56494935746154,2.30258509299405,2.70805020110221,2.30258509299405,2.83321334405622,2.83321334405622,2.99573227355399,3.66356164612965,3.61091791264422,3.49650756146648,3.78418963391826,4.35670882668959,3.78418963391826,4.85203026391962,4.0943445622221,5.0998664278242
"c45cfa95e995f9bf8a6670a4864bca96",2.77258872223978,2.39789527279837,2.94443897916644,3.61091791264422,4.29045944114839,4.97673374242057,5.25749537202778,5.37989735354046,4.58496747867057,4.04305126783455,-0.989287425585631,3.49650756146648,2.63905732961526,3.58351893845611,3.3322045101752,3.25809653802148,-1.32371009643061,2.83321334405622,2.99573227355399,3.04452243772342,2.70805020110221,2.99573227355399,2.19722457733622,3.2188758248682,3.36729582998647,3.2188758248682,3.40119738166216,3.29583686600433,3.66356164612965,3.87120101090789,3.71357206670431,2.83321334405622,-0.990579477519567,1.38629436111989,2.63905732961526,3.98898404656427,2.89037175789616,3.46573590279973,4.29045944114839,4.26267987704132,4.52178857704904,4.80402104473326,4.97673374242057,4.70953020131233,4.35670882668959,4.18965474202643,5.14166355650266,3.3322045101752,3.93182563272433,2.99573227355399,3.04452243772342,2.63905732961526
"5253d98d25bc51baaf939f468ca8ef59",0.693147180559945,0.693147180559945,2.484906649788,3.09104245335832,3.09104245335832,4.15888308335967,4.55387689160054,4.7361984483945,4.21950770517611,3.09104245335832,3.95124371858143,4.17438726989564,3.76120011569356,3.87120101090789,4.15888308335967,4.34380542185368,3.66356164612965,3.58351893845611,3.29583686600433,3.29583686600433,3.25809653802148,3.58351893845611,4.11087386417331,4.18965474202643,3.2188758248682,3.09104245335832,2.83321334405622,1.09861228866811,1.94591014905531,1.38629436111989,1.09861228866811,-0.970245103565797,1.38629436111989,1.79175946922805,1.79175946922805,3.29583686600433,2.94443897916644,2.56494935746154,3.78418963391826,3.89182029811063,3.97029191355212,4.07753744390572,3.87120101090789,3.80666248977032,4.54329478227,5.01063529409626,5.2257466737132,4.90527477843843,4.64439089914137,4.98360662170834,4.69134788222914,4.40671924726425
"32b9c3a857a4561d923e804ff9c01c54",-1.06913863839504,-1.71549505903131,-1.05693075520321,-1.03915243269976,-0.992427733589075,-0.975471296121733,-0.974096556276771,-0.955347694114248,-0.983124744784086,1.6094379124341,3.61091791264422,4.06044301054642,3.46573590279973,2.484906649788,4.31748811353631,3.8286413964891,3.71357206670431,-1.0169564818896,-1.02919846462085,-0.999016332653412,-1.0030168703298,-1.03808977013534,-1.05585553411634,-1.04441450499921,-1.03240732318914,-1.01332609287343,2.63905732961526,3.40119738166216,2.94443897916644,3.63758615972639,4.18965474202643,5.50125821054473,3.52636052461616,3.80666248977032,3.97029191355212,3.3322045101752,3.80666248977032,4.70953020131233,5.79301360838414,4.53259949315326,2.484906649788,2.99573227355399,4.06044301054642,2.39789527279837,4.17438726989564,6.33505425149806,5.2257466737132,3.40119738166216,4.63472898822964,2.63905732961526,-1.05110026603338,2.99573227355399
"e51072f054476c7d775a498ebc7dfcb7",5.25749537202778,3.2188758248682,3.61091791264422,4.00733318523247,3.76120011569356,3.29583686600433,3.25809653802148,3.49650756146648,3.13549421592915,3.63758615972639,3.36729582998647,3.43398720448515,3.73766961828337,4.17438726989564,3.3322045101752,4.17438726989564,3.25809653802148,4.12713438504509,4.26267987704132,4.68213122712422,4.80402104473326,4.84418708645859,4.26267987704132,4.51085950651685,5.15329159449778,5.19295685089021,5.21493575760899,5.16478597392351,5.08759633523238,4.63472898822964,3.36729582998647,3.13549421592915,-1.02703359321974,-1.01238665869811,-1.08158295755946,-0.991177757162718,-1.10360876878887,-1.24802941190162,-0.976236439388487,-0.957185890500199,-0.960708328402813,-0.965257208002233,-0.973886226966257,-0.979742614438525,-0.998528354367222,-1.06627177190919,-1.01878519388666,-1.09411761981889,-1.03598871604244,-1.05847085264898,2.484906649788,-1.00073465235656
"c619014dce44f401c196cf7f60af4e54",5.31320597904179,3.36729582998647,3.63758615972639,3.09104245335832,2.63905732961526,2.94443897916644,3.78418963391826,4.56434819146784,5.12396397940326,5.70044357339069,3.04452243772342,3.85014760171006,4.44265125649032,5.39362754635236,4.48863636973214,4.70048036579242,3.40119738166216,4.63472898822964,4.59511985013459,4.23410650459726,3.68887945411394,3.71357206670431,3.2188758248682,3.63758615972639,3.97029191355212,4.15888308335967,4.21950770517611,4.45434729625351,4.48863636973214,3.95124371858143,4.04305126783455,3.2188758248682,2.07944154167984,-1.02089734836602,-1.09009364722737,-0.999688446830627,-1.11211945845678,-1.25654010156952,-0.984747129056395,-0.965696580168107,-0.969219018070722,-0.973767897670142,-0.982396916634166,-0.988253304106434,-1.00703904403513,-1.0747824615771,-1.02729588355457,-1.1026283094868,-1.04449940571035,-1.06698154231689,1.79175946922805,-1.00924534202447
"22fe29187ea3d0c1909c6a2b91978cc7",-1.10565222322671,-1.75200864386297,-1.09344434003487,-1.07566601753142,-1.02894131842074,-1.01198488095339,-1.01061014110843,-0.991861278945909,-1.01963832961575,-1.02676976542681,-1.03833054003222,-1.05701190466378,-1.07995326544956,-1.04717995686209,1.94591014905531,1.09861228866811,0,3.43398720448515,3.8286413964891,3.97029191355212,3.25809653802148,2.89037175789616,4.27666611901606,4.83628190695148,6.16961073249146,6.20253551718792,4.77068462446567,4.33073334028633,1.6094379124341,2.56494935746154,3.63758615972639,4.58496747867057,4.91998092582813,4.93447393313069,3.17805383034795,2.30258509299405,2.70805020110221,3.68887945411394,3.93182563272433,4.06044301054642,4.62497281328427,4.00733318523247,3.13549421592915,3.73766961828337,3.09104245335832,1.09861228866811,1.09861228866811,-1.10670661856531,2.70805020110221,-1.0710598513954,1.6094379124341,-1.01332365110297
"055b448b67d7b3da8328ac876d03d0f0",2.89037175789616,1.79175946922805,2.99573227355399,2.94443897916644,3.29583686600433,3.61091791264422,3.71357206670431,4.76217393479776,4.52178857704904,4.88280192258637,2.56494935746154,3.63758615972639,2.70805020110221,3.25809653802148,3.66356164612965,3.93182563272433,3.09104245335832,3.61091791264422,3.43398720448515,3.58351893845611,3.52636052461616,3.66356164612965,3.97029191355212,3.43398720448515,3.17805383034795,1.94591014905531,2.39789527279837,2.39789527279837,2.56494935746154,3.25809653802148,4.14313472639153,4.31748811353631,3.95124371858143,3.3322045101752,3.2188758248682,3.89182029811063,3.80666248977032,4.06044301054642,4.0943445622221,2.83321334405622,2.19722457733622,1.6094379124341,2.99573227355399,3.49650756146648,3.91202300542815,5.10594547390058,5.04985600724954,3.76120011569356,4.4188406077966,3.40119738166216,5.06259503302697,4.96284463025991
"305f0ef12166d61f455a172ed26bf18c",1.6094379124341,-1.76475814825094,1.94591014905531,1.94591014905531,2.19722457733622,2.07944154167984,1.94591014905531,2.77258872223978,2.484906649788,3.09104245335832,3.13549421592915,2.19722457733622,2.39789527279837,2.19722457733622,1.79175946922805,1.79175946922805,1.38629436111989,2.63905732961526,2.484906649788,-1.04827942187304,1.6094379124341,1.6094379124341,1.94591014905531,-1.09367759421884,1.38629436111989,1.38629436111989,1.79175946922805,1.79175946922805,1.94591014905531,1.6094379124341,2.19722457733622,1.79175946922805,1.94591014905531,-1.03772516183249,0.693147180559945,-1.0165162602971,1.79175946922805,-1.273367915036,2.07944154167984,2.39789527279837,2.07944154167984,-0.990595711136615,2.30258509299405,-1.00508111757291,2.56494935746154,3.89182029811063,5.12396397940326,5.04985600724954,3.46573590279973,6.46458830368996,6.10702288774225,6.40357419793482
"2da1ffca6c2b57046ba9d58302618c34",3.87120101090789,1.79175946922805,4.51085950651685,3.49650756146648,3.55534806148941,2.99573227355399,3.68887945411394,3.17805383034795,4.06044301054642,4.38202663467388,3.91202300542815,4.58496747867057,4.91265488573605,3.85014760171006,4.57471097850338,3.25809653802148,3.61091791264422,3.04452243772342,3.25809653802148,3.71357206670431,4.20469261939097,3.78418963391826,4.26267987704132,4.38202663467388,2.99573227355399,3.71357206670431,4.00733318523247,3.8286413964891,3.97029191355212,3.8286413964891,3.3322045101752,3.29583686600433,3.25809653802148,3.43398720448515,5.01727983681492,3.43398720448515,4.53259949315326,2.89037175789616,3.95124371858143,2.83321334405622,3.91202300542815,3.55534806148941,3.29583686600433,2.89037175789616,2.77258872223978,3.43398720448515,3.29583686600433,4.17438726989564,3.78418963391826,2.89037175789616,3.29583686600433,3.68887945411394
"5aa44ccd479f0310c977c1a673c4ad0a",3.46573590279973,3.04452243772342,2.94443897916644,3.73766961828337,3.36729582998647,3.2188758248682,2.94443897916644,2.70805020110221,3.55534806148941,2.94443897916644,3.04452243772342,3.46573590279973,4.23410650459726,4.21950770517611,3.49650756146648,4.34380542185368,3.2188758248682,4.27666611901606,3.85014760171006,3.73766961828337,4.31748811353631,5.03695260241363,4.64439089914137,4.92725368515721,4.61512051684126,4.64439089914137,4.46590811865458,4.59511985013459,4.45434729625351,4.61512051684126,4.18965474202643,4.21950770517611,4.31748811353631,4.36944785246702,4.00733318523247,4.39444915467244,3.25809653802148,3.3322045101752,3.55534806148941,3.46573590279973,2.94443897916644,2.30258509299405,2.484906649788,2.07944154167984,1.6094379124341,-1.0945118314834,-1.04702525346087,2.30258509299405,2.19722457733622,-1.0867109122232,-1.10326491169284,-1.02897471193077
"4e2f56dc21eda3790b2046043718af7f",4.61512051684126,3.58351893845611,4.11087386417331,4.18965474202643,3.85014760171006,3.73766961828337,3.85014760171006,3.40119738166216,3.66356164612965,-1.05663511240074,-1.06819588700615,-1.08687725163771,4.20469261939097,3.98898404656427,4.57471097850338,4.12713438504509,5.55682806169954,4.72738781871234,4.59511985013459,4.77068462446567,4.90527477843843,5.30826769740121,5.03695260241363,5.15905529921453,4.4188406077966,4.02535169073515,3.97029191355212,3.8286413964891,4.26267987704132,3.43398720448515,3.46573590279973,-1.04134102524953,-1.06948793894009,-1.05484100441845,-1.1240373032798,-1.03363210288306,-1.14606311450922,-1.29048375762196,-1.01869078510883,-0.999640236220545,-1.00316267412316,-1.00771155372258,-1.0163405726866,-1.02219696015887,-1.04098270008757,-1.10872611762953,-1.061239539607,-1.13657196553924,-1.07844306176279,-1.10092519836933,-1.11747919783897,-1.0431889980769
"5f9981020f592f84640f67071b0b9462",2.19722457733622,-1.7818739908369,1.79175946922805,3.09104245335832,2.94443897916644,2.70805020110221,3.29583686600433,3.52636052461616,3.61091791264422,3.91202300542815,4.43081679884331,4.43081679884331,5.37527840768417,5.29831736654804,4.94875989037817,4.63472898822964,3.71357206670431,4.11087386417331,3.73766961828337,3.85014760171006,3.8286413964891,3.95124371858143,3.89182029811063,4.20469261939097,4.30406509320417,4.26267987704132,4.07753744390572,3.87120101090789,3.89182029811063,3.8286413964891,3.55534806148941,3.40119738166216,3.95124371858143,3.58351893845611,3.36729582998647,3.76120011569356,2.77258872223978,2.83321334405622,3.36729582998647,3.2188758248682,3.49650756146648,3.13549421592915,3.3322045101752,3.29583686600433,2.77258872223978,2.484906649788,2.30258509299405,2.39789527279837,2.30258509299405,3.25809653802148,2.39789527279837,4.04305126783455
"1ca7de3787f8507c9042645d02405f66",5.34710753071747,4.44265125649032,4.9416424226093,5.2040066870768,4.67282883446191,4.40671924726425,4.45434729625351,4.27666611901606,4.34380542185368,4.18965474202643,4.06044301054642,4.43081679884331,4.63472898822964,4.78749174278205,4.43081679884331,4.35670882668959,3.61091791264422,4.34380542185368,4.15888308335967,3.97029191355212,4.06044301054642,3.93182563272433,4.18965474202643,4.35670882668959,4.02535169073515,4.0943445622221,3.40119738166216,3.52636052461616,3.13549421592915,2.63905732961526,2.63905732961526,2.30258509299405,2.63905732961526,-1.05568346445143,-1.12487976331278,-1.03447456291604,-1.14690557454219,-1.29132621765494,-1.01953324514181,-1.00048269625352,-1.00400513415614,-1.00855401375556,-1.01718303271958,-1.02303942019185,-1.04182516012055,-1.10956857766251,-1.06208199963998,-1.13741442557222,-1.07928552179577,-1.10176765840231,-1.11832165787195,-1.04403145810988
"6a262e6d4493c3254ef99e267db77a13",-1.13678152655176,-1.78313794718803,-1.12457364335992,-1.10679532085647,-1.06007062174579,-1.04311418427845,-1.04173944443349,-1.02299058227096,-1.0507676329408,-1.05789906875187,-1.06945984335728,-1.08814120798883,-1.11108256877462,-1.07830926018715,-1.05536088258476,-1.0718222699452,-1.40388251420226,-1.08459937004631,-1.09684135277756,-1.06665922081013,-1.07065975848651,-1.10573265829206,-1.12349842227306,-1.11205739315592,-1.10005021134586,-1.08096898103015,-1.10838687677552,-1.08182048237762,-1.08642658494682,-1.09938710559474,-1.05512991206059,-1.04260498160065,-1.07075189529122,-1.05610496076958,-1.12530125963093,-1.03489605923419,3.63758615972639,-1.29174771397309,-1.01995474145996,-1.00090419257167,-1.00442663047428,-1.00897551007371,2.484906649788,5.19295685089021,5.40267738187228,6.40191719672719,6.69084227741856,4.39444915467244,5.87211778947542,3.66356164612965,2.83321334405622,2.99573227355399
"b3d06abc9373143dba5ec7195152218d",-1.15464674010963,-1.8010031607459,-1.14243885691779,2.56494935746154,-1.07793583530366,-1.06097939783632,2.56494935746154,-1.04085579582883,2.70805020110221,2.94443897916644,-1.08732505691515,-1.1060064215467,-1.12894778233249,2.484906649788,-1.07322609614263,3.36729582998647,-1.42174772776013,-1.10246458360418,-1.11470656633543,-1.084524434368,-1.08852497204438,-1.12359787184993,2.83321334405622,-1.12992260671379,-1.11791542490373,3.25809653802148,3.97029191355212,4.53259949315326,4.45434729625351,4.27666611901606,4.45434729625351,4.91265488573605,5.19849703126583,4.92725368515721,4.29045944114839,4.36944785246702,3.76120011569356,4.0943445622221,4.67282883446191,4.72738781871234,4.98360662170834,4.82028156560504,4.86753445045558,5.23644196282995,4.24849524204936,4.0943445622221,4.30406509320417,-1.15570113544824,4.30406509320417,-1.12005436827833,-1.13660836774797,-1.0623181679859
"209c1511c7ca0e943da2606462614b95",2.83321334405622,2.39789527279837,3.13549421592915,3.36729582998647,3.17805383034795,3.63758615972639,3.93182563272433,3.89182029811063,3.09104245335832,3.43398720448515,3.49650756146648,3.25809653802148,2.70805020110221,2.94443897916644,3.29583686600433,3.17805383034795,2.77258872223978,3.36729582998647,3.68887945411394,3.80666248977032,3.29583686600433,3.25809653802148,3.71357206670431,3.13549421592915,3.68887945411394,3.93182563272433,4.14313472639153,4.33073334028633,3.87120101090789,4.07753744390572,4.12713438504509,4.56434819146784,4.53259949315326,4.34380542185368,4.20469261939097,4.0943445622221,3.29583686600433,2.63905732961526,3.76120011569356,3.13549421592915,3.80666248977032,3.68887945411394,3.73766961828337,3.09104245335832,3.2188758248682,4.30406509320417,4.47733681447821,4.61512051684126,3.97029191355212,4.48863636973214,4.39444915467244,4.0943445622221
"edd74e591385b3625e039a5966ddc0c3",3.3322045101752,2.39789527279837,3.58351893845611,3.78418963391826,3.43398720448515,3.3322045101752,2.94443897916644,3.2188758248682,3.25809653802148,-1.1084825769327,-1.12004335153812,-1.13872471616967,3.09104245335832,3.61091791264422,3.29583686600433,3.36729582998647,-1.4544660223831,2.39789527279837,3.2188758248682,4.35670882668959,4.57471097850338,3.98898404656427,3.40119738166216,3.91202300542815,2.94443897916644,2.89037175789616,2.89037175789616,3.3322045101752,3.58351893845611,3.80666248977032,4.00733318523247,3.2188758248682,2.89037175789616,3.04452243772342,2.94443897916644,3.85014760171006,3.04452243772342,2.39789527279837,3.73766961828337,3.71357206670431,3.63758615972639,4.11087386417331,5.07517381523383,5.68697535633982,5.33753807970132,3.58351893845611,4.12713438504509,2.83321334405622,4.21950770517611,2.89037175789616,3.73766961828337,4.35670882668959
"27aed4a51ba985589225302ca7c9aa70",1.09861228866811,0.693147180559945,1.38629436111989,2.30258509299405,2.484906649788,3.09104245335832,3.95124371858143,4.02535169073515,3.40119738166216,3.55534806148941,1.79175946922805,-1.14227869592112,-1.16522005670691,1.6094379124341,1.38629436111989,2.83321334405622,2.39789527279837,3.95124371858143,3.68887945411394,4.21950770517611,4.02535169073515,3.63758615972639,3.43398720448515,3.46573590279973,2.77258872223978,2.07944154167984,2.07944154167984,2.94443897916644,3.04452243772342,3.17805383034795,3.29583686600433,2.63905732961526,2.99573227355399,2.99573227355399,3.40119738166216,4.65396035015752,3.09104245335832,2.94443897916644,3.80666248977032,3.98898404656427,4.04305126783455,4.27666611901606,4.29045944114839,4.81218435537242,4.48863636973214,4.99721227376411,6.10924758276437,4.14313472639153,4.17438726989564,2.77258872223978,1.6094379124341,3.87120101090789
