"ASVID","AS_1","AS_2","AS_3","AS_4","AS_5","AS_6","AS_7","AS_8","AS_9","AS_10","AS_11","AS_12","AS_13","AS_14","AS_15","AS_16","AS_17","AS_18","AS_19","AS_20","AS_21","AS_22","AS_23","AS_24","AS_25","AS_26","AS_27","AS_28","AS_29","AS_30","AS_31","AS_32","AS_33","AS_34","AS_35","AS_36","AS_37","AS_38","AS_39","AS_40","AS_41","AS_42","AS_43","AS_44","AS_45","AS_46","AS_47","AS_48","AS_49","AS_50","AS_51","AS_52","AS_53","AS_54","AS_55","AS_56","AS_57","AS_58","AS_59","AS_60","AS_61","AS_62","AS_63","AS_64","AS_65","AS_66","AS_67","AS_68","AS_69","AS_70","AS_71","AS_72","AS_73","AS_74","AS_75","AS_76","AS_77","AS_78","AS_79","AS_80","AS_81","AS_82","AS_83","AS_84","AS_85","AS_86","AS_87","AS_88","AS_89","AS_90","AS_91","AS_92","AS_93","AS_94","AS_95","AS_96","AS_97","AS_98","AS_99","AS_100","AS_101","AS_102"
"OTU_3",2173,3046,3081,2997,2375,3644,2361,4538,4291,5094,4086,2284,3289,2564,3847,3310,1119,2951,2961,3688,832,2527,3250,1818,943,2910,2751,2716,3426,3612,630,748,805,663,519,317,673,1491,1297,1478,605,653,691,513,819,390,571,262,559,311,525,857,1267,794,753,1209,1556,261,1678,2203,2184,2569,2910,2334,2697,1828,2544,1211,1790,3530,3188,2411,1986,2283,835,3953,3224,3466,2361,1709,1155,619,870,732,553,804,564,722,618,283,312,344,241,468,543,810,965,1199,1901,1731,3143,3314
"OTU_5",1225,888,231,158,114,41,18,16,18,21,36,28,39,59,48,48,65,79,77,73,71,43,44,121,153,111,142,92,89,91,941,1151,2072,2583,4456,5845,4997,3908,4595,3044,4801,4859,4625,5113,2999,4312,5304,4428,2533,4569,3370,2209,1419,1392,1411,1235,218,642,199,87,38,28,12,13,10,16,10,12,3,4,5,1,8,3,12,8,4,4,5,1,3,5,10,0,11,9,5,10,5,69,13,16,21,18,19,10,252,184,416,788,1790,966
"OTU_8",595,417,221,126,153,173,386,291,281,289,744,1208,1921,1767,796,246,199,207,277,484,1010,796,748,1249,1300,752,753,767,1055,1624,4175,2985,2562,2290,1937,1415,1242,650,456,248,715,935,1194,1246,860,1264,1494,1249,604,1279,1077,1281,982,808,634,1021,1413,1486,1258,1066,879,627,404,351,372,356,276,119,48,34,94,209,993,1495,1950,1139,1668,616,640,499,493,919,776,613,1279,791,848,1241,939,1117,663,606,885,559,543,467,793,192,286,289,193,85
"OTU_6",67,47,20,25,24,20,46,62,123,175,156,159,80,62,40,32,34,24,13,18,20,20,23,66,64,28,42,22,18,28,131,170,188,147,165,112,158,49,53,33,62,41,37,20,54,55,58,101,78,74,141,99,93,149,222,178,155,134,91,84,52,32,30,12,9,11,11,7,7,12,12,43,50,71,61,31,48,70,144,293,561,1674,2005,1624,1506,1435,1920,2531,2491,2836,2973,3496,4511,4451,4632,5397,5182,3659,4901,3726,2563,1474
"OTU_16",1691,2341,2622,2339,1618,1828,967,964,806,923,777,388,611,327,418,400,181,462,295,421,271,443,470,374,158,309,512,496,687,740,86,85,71,85,66,37,67,215,164,434,81,67,123,143,216,104,155,138,91,48,52,44,34,32,16,55,100,26,93,85,147,212,288,312,390,634,640,360,379,640,660,411,349,216,199,270,150,236,282,148,154,175,218,223,240,168,235,403,339,121,199,163,44,112,131,355,467,691,105,151,280,326
"OTU_9",342,450,367,440,373,280,483,405,506,332,384,462,475,625,637,483,695,758,480,481,586,585,525,624,668,622,623,434,604,493,654,842,862,651,618,506,455,307,251,185,286,274,267,348,335,435,515,577,725,556,529,547,573,714,541,675,446,457,507,459,316,288,254,252,229,257,220,276,233,242,240,262,204,206,314,239,276,264,471,511,473,317,293,240,218,260,191,157,165,126,120,86,161,120,110,62,103,45,162,201,195,120
"OTU_27",87,95,90,129,166,201,569,412,386,579,435,416,533,433,256,203,248,191,133,128,239,124,91,101,137,83,89,52,36,43,49,45,63,90,75,109,101,62,59,27,60,80,87,96,79,90,109,137,87,197,291,522,712,811,952,1142,1319,2278,3035,3667,3309,2385,1246,1068,533,473,505,308,147,68,84,66,76,95,178,114,125,81,72,71,68,29,27,18,17,16,10,7,15,9,8,4,5,2,1,0,0,2,2,0,0,0
"OTU_17",158,267,111,148,98,61,67,56,71,106,229,274,224,584,516,1013,1482,1459,1485,1006,781,526,454,1040,1325,821,817,332,264,252,1605,2039,2262,1610,2072,1904,1441,649,652,335,439,401,348,267,83,109,100,69,33,63,57,111,62,111,119,108,22,81,32,28,14,6,9,8,3,7,2,3,1,3,4,1,1,3,3,5,2,0,5,0,1,2,2,6,5,1,1,4,3,16,1,4,5,2,5,2,64,36,81,135,359,189
"OTU_19",218,72,59,89,92,95,200,120,73,38,10,12,4,1,1,1,0,0,1,1,2,1,2,3,0,12,10,45,53,70,120,152,270,444,507,562,738,1319,1665,1546,1989,1515,1052,1644,813,1455,1016,573,119,406,510,309,273,306,222,269,147,199,100,107,27,35,30,29,10,21,11,26,57,71,55,16,9,9,17,21,35,31,128,228,469,664,340,266,529,371,252,226,126,321,152,140,362,223,213,332,762,910,1109,1520,1029,532
"OTU_20",583,546,1025,993,837,939,544,429,419,402,309,264,224,317,367,341,292,553,646,699,147,786,1141,604,294,491,965,795,1115,1043,198,187,242,301,177,145,260,624,508,595,124,90,69,89,254,56,105,128,103,85,92,50,54,66,89,74,243,74,245,195,259,173,220,143,151,220,178,134,81,206,291,145,151,135,103,209,113,156,149,104,105,91,99,179,198,171,179,284,246,153,204,347,49,298,218,412,560,507,217,462,619,500
"OTU_13",4,2,1,2,2,1,1,4,2,2,11,51,139,418,636,1245,3126,1873,4478,4582,7569,4548,3587,420,1,0,0,0,3,1,0,0,0,0,0,0,0,0,0,0,0,0,0,0,0,0,0,0,0,0,0,0,0,0,0,0,0,0,0,0,0,0,0,0,0,0,0,0,0,0,0,0,0,0,0,0,0,0,0,0,0,0,0,0,0,0,0,0,0,0,0,0,0,0,0,0,0,0,0,0,0,0
"OTU_24",271,297,370,597,865,1167,869,1078,970,586,393,503,598,538,380,255,227,256,155,194,204,305,306,305,256,356,373,358,456,307,125,133,124,133,118,79,143,228,246,186,311,229,175,335,620,426,236,311,274,86,84,87,45,74,48,122,241,279,237,221,296,312,370,337,261,208,167,245,156,144,148,223,164,153,201,103,144,235,233,274,288,238,257,415,290,375,424,304,418,344,527,406,372,272,325,297,152,158,161,139,78,170
"OTU_21",283,270,283,241,352,271,446,388,302,209,123,125,69,66,101,132,149,272,193,167,191,109,118,114,101,218,219,300,236,357,345,270,303,284,150,108,188,274,258,535,325,260,216,179,145,210,162,178,51,105,136,127,188,367,250,319,199,181,302,296,242,357,476,880,854,793,452,369,344,589,464,184,187,223,123,193,217,166,386,337,287,169,119,140,100,71,63,83,121,290,179,230,137,232,193,186,393,821,450,516,469,565
"OTU_14",120,94,33,49,59,39,73,48,70,52,76,130,91,86,96,114,89,71,61,53,75,61,80,176,251,135,126,25,40,46,137,157,216,279,271,311,326,212,198,144,353,575,779,522,619,670,592,557,799,538,422,291,240,183,284,228,287,230,184,137,224,313,315,388,280,346,437,511,410,237,275,404,314,281,228,175,188,273,160,134,149,227,259,379,370,413,526,587,472,442,264,162,173,112,108,129,199,72,131,150,561,315
"OTU_31",207,165,103,104,115,98,254,92,93,81,104,119,97,88,64,96,179,130,123,119,211,107,108,334,361,204,167,55,68,117,448,718,794,729,886,780,733,379,302,156,349,297,217,169,174,173,199,250,353,402,422,285,312,340,408,235,305,282,133,108,132,81,70,49,30,40,37,57,77,116,120,261,255,243,315,122,157,208,320,222,399,338,323,328,400,300,298,370,351,381,374,350,354,313,254,193,221,106,191,136,120,74
"OTU_36",324,176,148,77,87,56,110,59,32,37,20,12,15,11,14,9,10,14,8,13,19,22,21,67,71,100,97,102,81,56,145,156,191,223,236,273,319,375,402,287,666,650,488,546,337,543,324,382,195,361,276,203,218,291,191,106,66,80,94,82,75,95,85,106,117,140,142,165,199,158,128,97,138,122,131,113,105,111,166,162,253,202,171,143,122,181,140,145,222,345,290,371,459,392,397,314,463,299,377,444,183,83
"OTU_41",110,105,133,118,158,115,182,189,256,223,236,177,283,320,281,331,381,253,163,155,190,148,130,193,249,235,226,145,207,136,127,74,88,76,79,67,62,63,55,39,98,119,146,144,151,213,189,164,137,81,63,102,147,171,128,320,212,154,155,407,427,220,198,180,218,296,251,160,98,74,112,293,207,180,281,159,191,177,130,145,170,436,434,372,144,161,111,66,74,59,97,45,69,38,43,27,56,11,51,67,40,40
"OTU_32",116,193,182,224,252,159,238,144,175,113,165,120,170,186,199,258,333,382,152,115,108,103,133,136,157,179,194,247,497,255,224,250,126,118,98,107,140,138,102,55,83,64,126,177,146,289,336,271,310,276,235,158,167,124,88,133,63,46,37,51,71,42,88,85,95,119,148,289,307,274,184,131,127,151,254,148,178,95,110,115,90,116,118,156,210,224,147,119,164,106,129,101,211,147,143,129,98,43,166,159,59,34
"OTU_44",29,26,7,15,30,43,87,100,156,192,111,96,51,76,97,101,70,54,19,8,15,26,12,108,298,237,208,97,39,23,93,58,46,46,19,9,7,6,0,2,0,0,0,0,1,0,0,0,0,0,0,0,0,0,2,2,5,6,5,8,17,32,65,435,815,1066,1704,2434,2304,901,651,333,221,184,150,128,219,220,229,254,258,113,86,91,68,40,26,26,10,19,7,3,12,9,2,5,19,6,18,41,81,24
"OTU_45",66,36,15,13,15,18,39,45,31,47,86,162,194,235,67,35,19,30,48,70,143,82,80,146,128,86,91,80,154,221,513,391,347,277,205,200,161,76,67,29,84,141,179,202,129,220,227,192,71,162,164,221,169,149,137,238,327,387,262,218,184,123,94,87,115,75,79,34,15,12,24,97,264,436,576,284,406,175,153,118,133,219,159,135,319,203,258,337,281,361,200,192,260,183,141,164,219,42,73,90,45,21
"OTU_48",38,19,11,23,34,45,101,136,183,195,122,104,76,85,101,124,84,50,22,18,8,30,23,100,335,245,223,90,41,23,83,77,78,23,23,17,5,3,1,1,0,0,2,0,1,0,0,0,4,2,0,4,2,8,13,19,15,36,42,47,45,108,196,885,1170,1483,1770,1995,1762,735,439,193,123,81,69,57,90,86,126,126,170,75,65,56,69,30,27,28,14,18,12,11,15,15,18,12,17,27,79,122,121,66
"OTU_60",112,136,136,122,170,144,140,138,157,137,100,134,152,128,158,135,206,197,141,118,143,139,156,201,178,168,151,123,127,124,86,102,86,109,120,99,110,108,125,122,134,107,79,93,127,84,102,148,158,149,121,97,87,99,127,115,166,195,224,164,140,133,127,132,123,130,110,146,123,72,97,149,171,162,221,127,132,205,234,350,330,242,226,342,230,238,261,161,254,173,273,195,215,126,184,129,107,80,78,116,65,57
"OTU_49",558,522,541,445,496,535,246,318,323,384,273,139,141,202,238,224,88,285,212,136,20,124,162,192,30,215,413,335,535,409,31,42,78,64,48,46,62,156,86,125,18,12,5,7,40,11,14,16,12,17,22,19,11,11,13,20,61,5,27,36,60,71,127,137,203,195,214,94,109,394,486,108,65,54,46,117,24,80,93,41,38,74,75,204,145,123,139,221,152,55,114,89,24,101,48,97,102,79,41,24,47,64
"OTU_1",13,16,30,38,28,12,82,40,48,19,35,73,45,50,53,21,52,72,43,25,64,38,31,44,98,78,68,41,62,55,247,378,382,430,286,252,262,147,108,64,139,153,247,161,148,360,179,137,242,177,281,294,362,259,186,345,121,167,118,87,137,160,138,77,57,71,70,83,75,100,95,67,79,87,255,126,157,107,154,166,171,141,202,203,177,254,85,79,88,157,137,114,211,113,112,133,174,61,496,270,124,46
"OTU_74",338,370,281,304,286,267,263,155,161,74,38,20,9,4,3,2,1,2,0,0,0,1,0,0,0,0,1,0,1,3,4,19,18,46,52,77,118,137,161,116,181,117,153,178,156,133,172,186,185,105,235,193,239,409,133,261,295,259,301,282,339,230,324,176,118,87,47,26,22,15,13,10,7,6,15,7,4,15,9,34,45,161,193,232,246,222,303,294,239,289,366,234,301,189,261,237,146,99,252,156,236,128
"OTU_75",37,28,62,119,136,137,112,95,111,27,105,177,230,205,218,151,49,100,63,59,54,125,135,147,159,74,41,118,101,99,52,70,14,48,52,28,57,48,17,104,65,80,64,67,115,81,53,85,139,69,99,208,183,194,206,368,340,210,331,249,388,490,323,280,121,119,85,179,122,11,12,113,116,148,174,231,325,487,349,367,208,13,53,143,59,103,69,57,151,104,252,337,117,177,182,81,5,160,14,9,1,114
"OTU_56",109,108,233,241,264,264,100,96,84,128,129,62,40,46,52,70,74,98,83,102,58,124,145,98,38,83,70,224,416,522,179,196,48,57,37,36,77,136,104,261,76,69,59,66,122,39,35,48,98,45,71,78,81,37,29,88,73,22,28,37,48,55,58,52,45,42,26,69,29,28,47,41,42,63,203,250,294,129,274,389,235,168,214,270,265,219,185,128,197,170,266,238,365,269,505,277,196,292,101,93,42,160
"OTU_67",25,27,24,19,22,16,37,14,25,22,60,123,89,97,154,104,159,128,77,48,43,58,90,191,218,111,99,67,56,33,151,145,121,121,116,116,117,54,45,30,65,79,77,49,128,98,114,152,306,127,123,63,48,71,111,86,129,128,103,138,141,118,136,154,159,141,101,45,48,61,96,250,305,236,265,163,161,218,174,247,274,268,303,246,171,222,312,298,291,259,301,298,304,296,258,235,181,59,70,57,32,17
"OTU_53",167,401,292,349,333,316,102,128,78,34,54,39,25,80,122,138,32,60,35,8,5,6,31,19,30,204,147,159,164,137,6,5,9,6,15,5,32,357,370,512,96,36,21,38,102,32,14,30,35,14,33,7,28,67,20,17,36,30,17,0,0,0,8,69,511,296,2,0,0,0,0,0,0,9,13,21,35,93,97,66,159,710,352,279,529,921,406,208,240,198,94,18,53,18,23,47,32,131,63,270,331,652
"OTU_57",84,84,61,37,38,33,114,84,122,55,114,123,109,151,145,119,135,139,120,104,107,75,94,193,264,95,119,79,82,38,113,86,58,41,68,87,88,56,37,15,56,73,118,131,116,152,158,209,207,148,94,86,81,98,146,108,62,85,95,95,65,75,88,87,77,76,68,95,131,58,102,157,135,139,156,84,128,161,141,144,150,209,269,275,226,247,294,262,226,190,214,211,240,170,164,146,192,54,158,148,105,67
"OTU_66",228,199,179,202,252,240,156,82,68,70,63,81,62,94,114,128,103,104,75,59,50,102,96,159,107,87,45,171,156,229,54,71,34,139,88,75,112,114,118,440,149,138,98,156,190,194,209,252,206,127,151,150,80,75,88,194,166,233,253,75,84,120,122,77,37,34,26,66,14,10,38,40,44,49,77,50,50,78,214,215,110,54,54,115,122,75,116,79,103,108,148,134,148,131,108,114,74,109,118,140,71,148
"OTU_69",144,105,58,77,120,185,319,276,291,169,131,154,104,147,144,128,116,101,86,69,107,79,59,49,72,235,178,150,139,93,95,91,105,79,97,60,103,170,169,170,204,163,162,178,186,101,79,89,20,36,56,43,68,82,93,96,64,17,97,68,51,78,68,72,105,107,41,90,86,183,134,93,129,129,61,132,112,99,232,192,156,140,139,61,74,105,74,72,91,145,112,104,59,98,142,115,189,50,158,137,79,47
"OTU_76",207,128,83,70,89,65,94,65,42,34,15,14,13,5,7,11,4,7,5,8,15,22,24,49,56,61,88,99,42,43,74,85,134,162,114,176,237,250,253,187,433,409,321,491,335,398,246,233,109,167,144,114,114,162,111,52,48,31,42,50,36,56,68,79,90,65,89,109,101,107,81,100,144,91,93,72,65,59,106,91,107,70,60,47,65,35,50,68,74,128,97,108,172,162,147,125,211,118,211,238,111,61
"OTU_71",14,9,6,4,10,30,48,71,116,165,141,178,133,166,183,208,263,217,232,184,125,181,135,357,304,309,293,109,46,38,175,168,168,99,68,49,48,21,34,14,11,29,18,14,7,6,4,7,8,3,2,13,0,17,12,9,20,6,18,26,36,48,57,161,214,271,224,249,400,453,551,345,337,465,116,248,333,168,164,123,129,66,58,7,1,6,13,6,3,2,3,6,1,0,2,1,0,1,1,2,3,1
"OTU_80",111,103,111,61,101,70,145,104,84,59,63,20,43,31,30,50,35,50,24,21,49,49,66,186,242,235,303,217,121,89,203,192,215,281,207,214,249,238,241,143,357,276,180,243,140,198,136,121,42,55,47,44,72,85,63,42,32,34,15,31,20,24,24,31,43,54,62,100,120,108,125,105,159,144,138,91,94,82,145,117,138,79,45,33,52,41,56,43,56,68,49,58,62,43,50,42,85,50,66,74,31,28
"OTU_86",55,61,75,132,183,278,269,252,266,131,124,134,142,142,139,92,56,69,31,32,54,98,140,183,233,164,101,124,149,115,71,96,61,39,45,34,60,69,56,47,77,72,46,85,91,81,88,110,97,50,43,34,45,95,118,216,175,161,172,87,74,69,102,132,155,136,91,295,99,42,75,154,190,153,155,115,125,183,203,262,233,95,94,82,57,50,25,37,29,40,32,32,15,23,27,19,7,17,4,5,3,21
"OTU_91",29,29,16,17,26,45,47,48,71,56,101,98,108,125,130,137,97,109,75,60,51,39,71,47,48,77,103,69,73,53,66,67,78,62,41,27,47,34,23,29,34,42,64,40,57,36,51,90,69,51,50,37,49,68,83,112,226,306,274,388,338,476,409,271,237,176,222,216,170,137,253,335,285,241,352,212,168,224,92,58,42,13,16,18,9,5,17,10,11,3,6,7,6,2,9,1,1,1,1,8,6,8
"OTU_81",103,100,134,124,160,155,102,99,118,69,68,53,52,47,57,58,47,63,36,37,32,74,110,89,75,129,100,102,145,136,36,42,67,57,66,56,90,123,109,133,79,50,35,48,87,40,31,48,55,32,51,28,12,42,26,47,68,26,69,61,49,40,20,38,48,47,28,48,28,47,80,66,90,92,98,71,71,110,188,219,210,208,210,296,247,224,263,186,243,218,293,207,92,157,183,107,108,80,68,89,65,100
"OTU_83",103,172,134,116,74,140,142,157,107,97,84,40,68,45,61,67,24,42,43,92,11,64,85,42,26,112,173,152,154,160,40,67,73,32,45,42,64,143,125,101,58,60,64,45,111,20,62,44,69,49,68,54,142,81,22,44,82,8,98,74,89,187,186,141,165,85,147,96,103,122,100,55,47,47,44,150,84,96,103,72,93,62,93,80,98,98,107,142,148,70,88,112,85,118,131,185,182,159,192,207,194,177
"OTU_2",21,11,21,24,22,35,74,61,73,17,33,58,66,102,53,30,33,43,45,36,38,43,21,50,76,67,63,66,61,50,151,157,141,123,102,128,114,79,68,37,111,113,95,122,132,227,148,161,305,211,166,159,224,207,190,167,74,120,116,101,85,147,89,66,67,86,76,138,96,69,57,44,63,82,131,149,141,72,210,318,260,66,78,102,98,81,75,77,69,68,72,52,68,78,76,37,36,33,147,82,45,20
"OTU_70",235,358,507,377,239,249,55,94,103,114,34,36,21,35,45,50,12,128,102,140,25,135,298,125,25,130,266,169,368,452,12,29,33,24,22,23,40,266,206,500,10,10,7,13,39,6,16,14,4,5,7,13,3,12,6,11,12,6,14,7,3,10,22,12,12,16,14,5,4,25,48,25,11,25,8,46,11,26,32,25,23,57,53,62,94,93,123,185,175,97,94,97,0,126,86,180,150,341,51,43,243,283
"OTU_85",13,10,17,16,12,6,10,9,12,9,5,10,9,12,8,15,19,25,12,16,23,17,33,101,147,56,56,20,39,35,167,180,120,109,87,80,96,47,25,17,46,66,89,67,118,120,102,135,190,112,77,53,28,28,67,47,60,74,60,60,50,66,47,44,52,51,36,29,41,45,59,119,102,72,106,54,87,117,92,162,207,258,242,252,170,196,282,287,254,210,223,236,261,278,221,194,244,65,112,67,43,32
"OTU_87",31,22,23,18,4,1,7,7,2,0,0,3,1,4,6,1,1,2,2,1,0,0,0,0,4,2,2,2,4,8,224,223,261,279,191,103,95,67,46,12,69,84,96,70,65,80,76,100,57,120,136,169,181,121,91,67,47,27,15,16,7,6,0,0,0,0,0,0,1,1,0,0,0,0,0,2,1,3,3,9,18,161,305,293,604,486,361,456,424,604,276,339,296,188,137,65,101,24,108,114,84,59
"OTU_18",69,57,40,28,45,45,109,74,72,52,70,139,78,78,89,76,100,77,77,41,60,38,39,96,151,101,62,29,32,16,71,117,85,73,73,122,73,25,62,55,49,70,138,100,51,106,80,108,65,97,138,198,141,146,127,155,109,250,74,100,132,126,187,119,100,121,108,102,143,67,175,73,88,71,118,74,91,73,66,61,55,61,45,66,55,35,69,54,55,77,87,77,59,46,41,40,108,45,74,112,82,64
"OTU_77",17,21,14,13,16,34,52,82,110,192,170,206,171,223,213,299,352,334,274,220,153,248,230,500,413,500,445,168,77,49,76,109,97,72,37,42,30,29,16,20,5,9,5,5,1,2,0,0,0,3,0,0,0,0,0,1,0,0,2,2,2,8,5,21,33,59,94,98,144,188,233,147,137,236,46,151,181,113,103,66,70,9,19,9,4,2,5,2,1,5,1,2,0,0,0,0,0,0,0,0,0,0
"OTU_167",80,80,67,64,92,97,80,73,59,148,40,33,75,36,46,39,26,37,40,45,17,85,34,51,18,55,59,183,129,63,41,15,19,42,11,17,48,64,69,75,57,53,18,16,157,20,36,11,135,5,27,49,68,32,73,86,94,23,69,66,55,79,38,85,50,55,76,63,40,67,44,183,196,194,90,239,286,382,167,236,168,121,120,139,138,136,100,89,124,57,84,79,36,129,129,124,37,115,60,66,91,81
"OTU_94",25,21,9,17,32,48,114,84,138,110,46,54,36,68,57,57,52,37,32,28,30,57,59,132,290,230,264,158,100,43,129,94,63,69,33,22,19,8,4,1,6,9,15,11,11,18,7,29,23,20,34,124,244,182,207,174,164,243,220,201,114,109,89,130,88,73,83,88,90,31,57,54,54,83,104,125,241,202,241,202,208,59,64,36,35,30,13,23,18,34,42,40,50,53,53,50,110,29,57,60,53,10
"OTU_92",7,10,8,6,8,17,30,68,127,320,629,970,905,611,325,207,193,160,135,128,127,91,62,117,171,108,70,14,15,4,8,2,4,2,3,1,0,0,1,0,0,0,0,0,0,0,0,0,0,0,0,0,1,2,2,3,4,7,6,11,6,8,15,26,42,70,179,286,313,239,244,148,125,145,158,97,88,66,63,38,28,13,7,11,13,10,4,0,3,7,4,2,7,0,1,2,2,2,9,6,5,3
"OTU_101",14,7,6,16,17,13,35,20,20,26,5,5,3,7,13,15,24,12,13,17,29,18,26,42,23,51,47,364,163,200,89,78,68,71,61,55,94,245,230,393,202,156,111,133,109,58,54,48,20,40,140,39,95,130,77,88,100,118,77,82,47,36,33,62,31,38,33,70,204,239,163,94,42,39,16,50,66,80,106,110,118,92,66,24,26,21,18,17,19,41,28,24,45,7,22,32,36,145,60,78,58,163
"OTU_116",126,53,51,43,35,26,100,65,52,35,13,15,11,13,18,18,55,70,34,21,18,30,31,67,61,52,34,29,10,8,14,22,19,35,16,25,50,63,80,59,153,203,243,251,168,216,146,124,127,209,356,200,187,203,120,77,66,65,33,23,13,11,17,21,16,25,29,31,57,21,13,29,17,20,24,16,18,27,38,37,86,136,94,69,89,60,63,58,67,102,75,85,77,60,61,28,67,34,69,82,59,27
"OTU_100",28,17,12,16,13,10,12,7,4,3,12,6,6,2,6,7,6,6,3,3,9,10,6,25,20,9,7,8,13,5,55,46,55,65,66,61,88,49,28,15,52,42,47,14,42,36,68,151,245,201,185,183,99,132,256,142,165,176,90,71,75,51,36,15,15,7,3,2,4,7,0,10,7,8,17,4,8,9,8,20,36,130,171,172,139,137,199,184,186,185,203,192,208,193,192,194,166,52,90,66,45,24
"OTU_99",45,30,11,14,14,7,35,17,34,38,47,68,114,142,58,39,47,52,39,16,17,13,16,34,48,22,16,15,18,6,29,32,26,32,18,14,14,12,15,5,12,27,6,26,16,42,14,26,19,24,79,51,80,129,209,197,145,209,149,134,129,187,138,244,156,185,155,146,129,87,115,102,177,139,204,67,84,86,80,83,71,48,53,34,48,47,52,47,30,138,25,44,78,28,30,14,34,53,38,73,54,34
"OTU_97",56,64,67,49,65,65,115,105,108,121,99,117,95,74,78,47,37,51,45,38,76,74,75,62,71,75,79,41,40,25,20,23,27,24,20,17,36,31,21,6,25,51,74,65,50,68,44,91,76,42,64,31,47,63,36,75,125,165,163,148,141,116,81,91,70,58,77,60,44,54,67,124,115,71,99,65,54,90,50,32,58,66,71,105,65,59,84,61,67,43,72,46,57,47,36,29,53,7,40,42,29,36
"OTU_79",26,39,49,104,116,119,200,98,102,73,135,155,181,310,207,261,272,256,169,115,212,126,94,206,280,126,140,46,31,22,32,26,14,20,16,8,9,0,4,0,1,2,6,3,2,2,5,1,3,3,0,2,3,2,5,12,1,6,3,2,8,12,11,26,11,41,90,68,63,97,127,248,223,189,200,117,101,88,61,41,34,18,10,37,13,25,25,16,26,8,16,7,9,1,3,1,5,3,3,0,5,4
"OTU_115",53,75,81,65,96,47,66,43,28,30,31,22,29,24,12,22,23,28,15,23,31,34,58,71,78,58,79,103,205,211,160,134,82,59,47,27,85,107,95,76,100,67,48,75,114,134,145,112,105,80,90,149,119,62,53,47,27,12,31,33,23,38,10,17,12,6,10,14,6,9,3,20,15,38,67,45,59,32,58,78,91,106,77,80,88,70,55,61,71,66,89,75,195,160,153,101,53,31,39,51,15,21
"OTU_131",2,1,0,0,0,0,0,0,0,0,0,0,0,0,0,0,0,0,0,0,0,0,0,0,0,0,0,0,0,0,0,0,0,0,0,0,0,0,4,0,6,26,84,60,13,135,240,199,89,1729,902,772,897,843,340,115,23,20,8,4,0,0,0,0,0,0,0,0,0,0,1,0,0,0,0,0,0,0,0,1,0,0,0,0,0,0,1,0,0,0,0,0,0,0,1,0,0,0,0,0,0,2
"OTU_105",13,10,6,12,6,4,22,14,19,12,27,37,26,25,38,15,24,16,14,14,25,25,25,78,112,41,37,12,24,39,87,107,68,99,100,86,102,53,44,13,43,72,59,40,54,71,86,112,217,134,96,64,69,72,125,74,92,74,33,29,25,24,36,30,22,16,8,16,26,43,64,90,84,67,97,52,65,66,93,153,166,110,96,88,77,61,126,92,102,104,113,101,152,159,139,146,150,33,75,64,32,38
"OTU_90",20,12,14,22,44,7,29,14,25,27,76,103,106,44,58,73,61,107,122,159,240,218,259,433,245,26,15,6,1,3,5,3,6,8,21,24,39,32,39,33,89,171,317,153,95,80,45,54,26,15,37,73,49,37,53,59,60,44,26,22,22,63,70,76,72,65,87,68,29,9,12,31,47,53,63,43,57,53,48,26,12,11,11,31,28,21,15,41,37,26,32,44,43,25,39,30,94,41,29,21,30,32
"OTU_113",51,67,39,44,54,23,48,38,40,33,73,91,46,57,84,76,95,55,59,57,57,51,66,107,127,59,50,22,10,5,32,44,33,43,35,39,43,46,43,17,53,56,51,31,51,53,36,76,71,63,75,101,118,83,161,86,89,79,44,60,69,66,66,64,55,64,61,61,98,60,77,69,64,50,84,63,54,69,43,59,59,45,55,34,35,47,49,57,49,59,46,41,45,32,37,20,46,27,37,27,38,41
"OTU_114",31,25,20,21,25,15,56,47,41,35,88,84,50,50,56,45,62,47,74,42,46,72,55,215,222,115,96,30,28,18,46,66,69,81,65,83,55,19,28,16,25,39,41,31,20,20,35,37,95,43,56,44,42,57,101,53,71,60,24,26,22,23,20,27,16,27,27,28,47,72,104,231,203,142,139,89,129,99,120,91,129,126,96,47,58,56,43,35,25,23,16,28,21,13,14,11,5,1,8,2,13,11
"OTU_109",19,27,19,20,23,29,42,30,51,26,54,56,39,78,75,65,70,77,71,45,48,33,50,123,156,69,71,52,45,34,97,104,82,90,91,107,74,43,24,28,93,87,85,61,71,74,35,45,70,28,28,18,35,47,87,79,82,95,73,55,49,53,56,43,48,50,43,49,61,41,44,95,63,39,65,39,61,58,56,39,67,51,88,81,51,71,86,78,61,43,60,51,50,32,33,31,26,10,12,26,12,15
"OTU_118",26,35,24,24,27,18,29,22,29,29,52,71,52,45,34,25,43,37,30,28,42,37,34,96,104,49,34,16,6,10,34,34,48,48,56,71,56,30,22,18,42,29,41,48,44,36,51,87,96,69,98,59,121,151,272,159,190,185,121,77,63,91,72,61,67,48,51,42,65,109,117,152,154,136,101,82,56,55,49,46,44,35,32,28,16,27,21,31,32,12,31,10,24,13,13,13,22,20,20,12,16,18
"OTU_128",66,58,53,43,39,35,45,19,20,14,11,7,6,6,0,4,4,6,3,3,6,4,7,9,3,12,14,8,19,28,16,8,6,19,28,23,31,108,96,92,43,9,14,20,86,11,30,48,33,22,31,32,31,36,44,26,98,7,75,40,35,60,61,35,29,32,32,25,19,13,23,26,25,22,15,22,34,32,87,105,95,182,163,167,198,145,112,155,165,122,119,160,40,160,148,130,179,109,117,162,129,124
"OTU_121",105,143,131,99,118,88,96,104,91,84,56,55,54,37,35,43,32,31,24,25,14,54,80,75,64,116,79,101,121,116,7,23,25,31,28,38,33,67,65,64,45,39,34,45,70,46,39,37,33,16,22,7,6,22,8,8,32,24,35,29,35,40,36,32,30,22,10,12,4,13,19,42,46,47,35,22,23,55,68,73,55,88,73,94,60,70,122,77,104,103,127,89,53,70,45,48,31,23,23,19,17,43
"OTU_133",28,31,11,19,17,12,21,20,27,17,34,25,23,26,26,16,22,42,58,32,48,37,31,75,83,46,30,13,5,5,18,14,36,33,63,51,59,38,15,14,41,53,76,46,44,49,39,56,61,39,37,63,60,63,66,52,50,48,42,54,46,79,54,61,58,55,80,74,105,133,148,216,176,148,202,95,92,147,97,66,56,23,57,44,46,45,69,57,71,38,74,45,57,37,36,23,32,11,22,13,24,20
"OTU_119",20,39,37,34,30,28,88,69,88,74,102,82,73,85,121,65,106,70,71,43,76,45,49,106,100,58,54,42,26,23,52,67,45,52,39,66,51,22,39,25,56,79,122,99,136,98,105,103,108,68,45,56,40,52,116,73,81,77,52,47,32,26,14,23,23,15,27,16,20,36,26,35,59,38,41,16,25,33,26,24,39,27,49,52,33,59,45,56,27,34,44,28,47,28,24,12,25,8,22,23,18,7
"OTU_122",15,24,50,82,88,28,19,28,49,53,54,25,37,39,43,76,41,37,19,48,27,13,6,6,10,23,34,39,136,172,39,19,21,17,35,21,33,24,24,24,46,40,89,115,64,26,26,27,58,39,47,26,27,41,19,69,22,2,6,5,28,3,27,11,25,37,21,15,9,19,4,20,37,118,90,104,78,11,15,25,40,135,102,214,232,229,144,48,76,48,61,55,67,87,69,57,70,35,79,103,47,28
"OTU_117",11,8,36,68,69,51,43,31,58,79,89,52,89,33,22,54,37,30,20,55,14,29,27,11,6,10,25,40,88,207,18,31,53,26,35,17,23,61,77,48,22,16,21,25,38,13,10,7,22,10,25,18,22,17,5,21,10,2,10,14,56,4,25,13,9,9,10,32,5,11,23,47,31,62,54,109,105,17,37,22,28,60,60,65,91,104,121,74,92,112,151,113,102,155,238,236,129,92,67,92,48,39
"OTU_125",88,121,89,100,61,93,61,39,39,34,17,13,10,7,7,3,0,14,5,4,2,24,20,10,7,36,38,38,39,71,12,17,29,8,15,16,11,71,40,116,28,34,56,39,51,30,46,25,66,20,44,30,29,67,35,77,36,12,76,61,59,65,69,34,35,26,24,24,28,102,126,82,42,37,13,83,49,65,77,36,40,36,90,55,51,71,72,177,94,28,46,58,7,100,41,116,108,129,72,53,134,112
"OTU_127",13,7,9,10,12,17,55,22,51,43,24,43,26,36,22,38,37,50,71,48,46,50,41,89,114,101,61,21,17,15,11,16,11,15,9,9,4,10,6,6,16,18,26,16,17,28,19,23,23,20,58,34,56,56,52,50,59,52,45,35,68,132,185,232,185,146,68,81,83,121,146,56,26,27,28,19,56,49,94,90,186,98,73,62,74,61,57,61,44,67,39,35,27,10,11,12,19,11,8,22,19,10
"OTU_129",2,0,2,0,0,1,2,1,4,1,10,11,9,3,4,1,1,0,0,1,1,1,1,11,126,619,460,92,39,15,12,6,3,1,1,0,0,0,0,0,0,0,0,0,0,0,0,1,0,3,34,1224,1315,398,221,71,22,27,9,4,2,2,1,0,3,2,0,1,5,10,9,2,1,2,3,0,1,0,0,0,0,0,0,0,0,0,0,0,0,0,0,0,0,1,1,0,0,0,0,0,1,1
"OTU_89",7,18,11,0,0,2,1,4,3,4,19,59,166,447,729,1455,1516,60,83,88,61,18,10,1,1,0,0,1,0,0,0,0,0,0,0,0,0,0,0,0,0,0,0,0,0,0,0,0,0,0,0,0,0,0,0,0,0,0,0,0,0,0,0,0,0,0,0,0,0,0,0,0,0,0,0,0,0,0,0,0,0,0,0,0,0,0,0,0,0,0,0,0,0,0,0,0,0,0,0,0,0,0
"OTU_151",3,5,3,3,4,4,18,14,21,19,50,42,40,28,31,30,41,34,46,40,71,34,26,96,125,72,71,15,15,21,54,75,89,72,83,91,85,38,43,23,77,80,85,57,34,50,68,87,104,136,133,141,123,195,311,211,146,134,107,76,43,47,39,25,17,17,11,11,18,18,18,25,24,31,26,5,9,12,20,16,18,5,6,5,4,3,1,1,3,1,1,0,1,1,0,0,0,0,0,0,0,1
"OTU_143",58,45,120,177,233,215,204,251,193,102,101,91,147,83,93,85,41,103,80,53,34,58,51,57,50,52,45,71,67,53,35,11,24,16,13,17,17,21,19,18,15,16,16,22,21,16,8,15,31,10,13,19,18,17,10,41,29,20,37,24,38,63,51,81,51,17,37,35,25,27,46,51,22,23,13,20,20,23,30,49,25,9,9,16,7,4,7,4,11,6,11,15,8,6,15,9,0,4,8,2,4,6
"OTU_150",15,20,15,9,29,17,19,9,10,9,15,27,13,8,10,9,15,13,10,9,7,39,49,58,43,45,28,30,25,33,51,71,23,51,59,48,43,49,49,33,39,37,27,27,18,27,37,107,62,64,86,97,36,114,79,140,99,67,138,141,123,59,72,42,47,45,19,20,12,7,13,14,34,19,46,22,29,9,33,25,21,23,49,47,32,45,55,48,49,54,78,115,78,87,108,60,34,57,69,28,24,88
"OTU_135",9,13,17,14,10,9,20,12,24,14,30,61,38,46,57,42,68,54,35,28,36,32,55,116,165,75,66,32,40,25,64,50,53,54,40,44,41,38,28,17,23,40,64,44,62,54,49,87,106,48,41,44,31,34,69,38,62,50,34,50,66,33,53,45,37,42,25,20,32,35,35,81,89,65,79,40,58,61,27,53,51,40,65,28,33,31,35,26,24,19,30,27,29,12,14,16,13,9,11,6,9,8
"OTU_142",53,43,25,17,22,18,51,60,31,17,12,10,9,9,13,24,52,46,22,22,19,13,35,42,55,44,41,14,8,9,6,18,11,20,14,7,24,25,41,34,62,70,116,103,75,96,67,96,79,138,211,128,101,107,63,55,33,38,21,25,14,11,7,9,5,18,35,26,50,28,17,16,13,12,22,17,19,31,43,52,81,112,81,63,54,45,44,30,26,53,35,46,46,26,28,15,53,36,55,47,45,13
"OTU_155",29,41,32,40,49,22,31,18,28,40,33,14,28,26,19,37,25,58,41,33,16,23,17,10,17,13,30,54,73,32,68,59,44,35,26,18,27,37,24,23,14,24,20,41,49,50,48,25,78,43,39,39,47,16,24,28,10,27,11,14,16,10,13,12,21,34,45,60,52,88,47,42,41,57,62,70,92,51,39,32,33,42,52,65,91,79,75,74,58,67,66,76,65,83,78,63,40,31,55,41,29,15
"OTU_146",100,90,83,38,46,28,60,25,37,42,71,70,71,43,47,61,56,62,48,46,53,48,49,21,38,34,28,30,27,14,8,21,5,20,10,5,4,10,3,10,7,7,15,9,8,12,17,30,30,17,26,32,31,54,56,59,64,97,169,156,95,97,81,35,48,52,44,34,20,38,61,48,73,77,73,53,65,57,35,38,44,46,24,25,19,19,32,28,23,26,26,18,15,10,18,17,13,13,9,18,18,27
"OTU_132",11,16,5,5,6,4,0,1,4,6,20,14,16,6,1,7,12,7,1,5,10,23,41,13,4,10,4,12,31,81,47,48,49,84,54,46,48,118,77,97,53,104,91,44,43,25,16,2,5,7,18,24,23,8,6,11,7,8,4,14,15,16,54,11,4,1,0,5,18,73,153,146,156,149,119,57,56,15,24,58,132,75,36,26,21,19,31,14,26,48,34,68,95,33,50,74,54,142,92,114,15,54
"OTU_168",4,6,3,13,7,28,55,43,69,68,58,34,13,23,22,25,26,7,12,7,0,2,2,24,60,36,18,3,1,1,0,0,0,1,0,0,1,1,0,0,0,0,1,0,0,0,0,0,0,0,0,1,0,2,0,2,1,6,5,14,12,26,81,249,317,383,349,380,323,276,255,96,47,23,20,10,26,28,20,19,17,21,19,17,16,6,16,4,7,9,13,3,10,9,11,3,18,9,22,12,24,7
"OTU_10",14,13,14,12,17,11,37,22,34,17,26,52,41,32,39,24,9,26,24,8,24,37,19,35,36,39,34,25,29,27,56,48,65,55,35,23,33,39,27,28,45,41,57,31,33,73,56,102,50,70,73,83,61,65,54,81,32,86,59,37,32,64,41,31,36,41,24,47,42,37,29,14,26,35,66,34,36,29,76,96,100,14,27,26,36,56,21,32,17,18,7,16,30,21,22,20,18,14,82,53,16,11
"OTU_140",178,67,38,18,54,49,9,16,12,9,14,1,5,2,8,11,4,6,1,8,7,16,52,22,7,6,7,33,43,41,4,2,5,4,4,2,3,28,21,41,6,6,4,1,8,0,0,6,7,2,7,0,7,5,1,8,13,6,0,0,0,2,0,0,5,4,0,0,0,0,1,5,36,126,397,249,65,108,45,152,258,4,0,1,2,14,6,7,12,68,108,129,338,190,320,170,26,33,2,0,4,26
"OTU_147",63,107,116,105,149,110,155,147,95,69,68,94,48,62,80,77,97,68,67,74,49,32,24,27,35,16,27,27,20,13,20,8,3,2,3,2,1,0,3,2,5,1,2,1,7,2,5,10,7,10,13,13,22,22,33,44,89,41,93,95,94,155,161,83,62,68,86,83,60,16,19,22,28,15,6,24,15,13,8,17,5,5,5,12,6,5,7,6,1,5,3,0,0,1,2,0,1,0,2,0,0,0
"OTU_144",73,114,91,157,141,89,90,52,76,50,56,56,77,67,89,120,91,82,61,57,22,31,44,28,17,29,19,36,68,106,31,14,22,12,10,0,4,7,16,44,20,18,13,10,22,6,11,25,19,8,13,14,17,26,18,24,22,7,26,41,57,22,38,47,46,43,38,10,10,8,30,50,28,75,27,49,26,15,15,14,11,18,15,32,20,28,19,16,17,13,9,6,0,1,3,13,10,37,20,26,30,119
"OTU_158",79,157,246,209,196,41,38,15,7,7,22,40,23,34,35,18,13,9,3,5,5,10,10,11,10,15,8,27,18,9,3,13,5,2,2,3,7,4,9,8,11,8,12,19,16,15,12,40,26,22,22,26,38,57,104,146,129,99,24,18,10,21,18,41,48,66,38,23,7,7,5,4,9,5,2,8,1,13,12,10,18,29,48,95,44,56,82,46,87,81,82,76,48,34,35,31,39,34,32,29,19,68
"OTU_134",35,7,15,17,21,34,42,46,41,43,5,15,4,2,5,12,14,14,12,17,26,13,32,19,19,54,31,164,76,150,41,45,32,45,37,21,55,152,145,206,87,70,54,76,37,32,27,19,16,23,43,29,26,37,24,36,45,32,20,42,19,15,18,23,22,1,15,28,66,35,10,7,0,4,0,2,8,16,16,25,35,45,13,14,11,26,17,13,13,22,21,13,41,9,23,24,16,124,61,74,58,130
"OTU_145",3,6,5,1,5,15,12,12,14,15,6,6,11,13,20,13,16,40,80,129,38,167,147,181,121,468,539,225,306,255,23,26,45,29,10,22,16,53,26,26,10,10,5,8,11,7,4,6,6,2,2,7,2,4,0,1,9,0,3,5,6,7,17,14,18,15,25,20,11,71,84,25,20,10,4,11,7,11,5,3,4,1,3,2,2,3,1,1,2,0,0,2,0,0,1,0,0,1,0,2,3,2
"OTU_42",2,0,2,5,2,3,9,21,6,5,11,22,19,22,16,3,8,8,6,8,2,17,18,12,11,14,9,6,16,23,54,57,37,42,34,30,32,11,23,18,19,18,25,29,32,44,94,111,55,123,58,36,82,55,52,57,50,97,74,48,43,78,47,34,23,10,8,34,27,25,14,16,23,23,32,34,24,31,191,213,175,25,30,30,28,34,29,14,29,22,19,16,51,20,42,11,23,5,133,51,15,7
"OTU_161",1,2,4,8,3,5,6,3,2,3,3,8,3,3,3,4,2,6,2,2,2,4,7,15,31,18,14,9,21,8,71,97,122,122,116,112,112,42,55,19,91,61,71,69,97,63,73,68,119,60,64,45,29,34,47,34,22,25,11,7,15,6,7,11,6,10,6,6,8,13,12,16,26,18,7,10,10,10,17,20,36,31,57,41,34,56,80,72,76,76,66,70,81,81,75,44,56,11,28,41,19,13
"OTU_210",29,23,12,9,4,4,12,2,5,2,10,13,9,6,19,10,19,12,8,7,9,4,5,1,0,3,0,0,0,0,0,0,0,1,1,0,0,0,0,1,1,0,0,0,0,0,1,1,1,2,3,7,8,21,10,10,37,61,110,111,238,146,114,128,491,686,445,125,25,10,13,14,13,30,63,37,31,40,8,12,8,5,5,10,1,2,1,1,1,0,4,1,0,1,0,1,0,0,0,0,0,0
"OTU_178",7,2,4,0,3,1,4,0,6,15,5,1,7,1,1,1,3,0,1,1,2,3,0,4,3,1,1,4,1,1,18,12,21,17,10,16,21,12,1,1,11,6,0,2,3,1,4,4,17,6,16,4,7,12,32,15,17,10,14,8,3,5,0,3,0,0,0,0,1,1,2,5,17,13,9,4,8,15,18,24,74,108,144,121,150,114,111,160,134,161,187,263,204,249,219,142,47,73,44,46,33,12
"OTU_139",42,47,34,50,30,37,29,28,19,34,18,19,13,13,18,17,21,16,11,27,2,12,22,19,10,28,35,45,26,98,20,22,27,13,18,11,20,68,71,156,21,13,15,22,39,9,18,16,16,7,6,6,6,10,9,9,6,7,14,16,14,7,7,8,15,2,5,11,10,18,28,26,32,30,25,24,36,49,69,75,92,88,72,77,64,66,79,50,66,73,81,86,16,51,63,60,40,70,27,39,9,53
"OTU_199",63,62,43,42,39,35,51,54,72,63,64,24,28,35,13,23,27,15,16,7,8,13,11,10,5,18,14,22,19,28,20,29,38,35,53,64,59,69,119,60,101,66,60,83,100,53,50,41,58,29,62,45,42,81,37,66,54,6,44,29,28,22,1,19,9,14,10,11,6,4,0,6,6,12,11,12,9,13,17,22,12,14,17,11,11,12,22,20,22,12,28,23,13,22,28,30,23,18,30,40,37,42
"OTU_201",16,19,17,8,27,8,37,29,20,24,12,7,8,3,1,0,0,2,1,1,6,10,6,19,19,29,20,41,22,13,15,10,14,11,12,13,14,47,53,61,38,52,36,48,28,28,38,56,37,58,122,66,57,39,49,47,52,72,72,97,70,46,64,57,57,51,41,25,62,54,48,52,42,39,34,21,20,38,40,44,49,35,27,26,15,17,18,2,7,11,13,11,25,16,21,26,28,37,48,53,25,63
"OTU_62",23,23,28,24,8,7,40,32,41,22,38,64,36,40,28,34,49,37,33,18,30,20,28,31,63,41,36,14,15,6,28,53,31,16,30,38,15,13,18,31,20,26,76,29,21,21,35,48,13,34,27,53,46,59,45,59,34,82,34,48,27,61,71,41,43,36,36,21,29,19,33,31,16,22,55,29,31,39,16,33,21,29,18,15,14,11,23,23,22,19,28,31,35,24,22,20,21,8,41,28,26,18
"OTU_193",11,11,24,29,45,35,74,38,45,24,29,28,20,12,12,14,11,19,21,24,63,32,42,103,156,76,54,26,17,7,22,8,5,9,16,8,17,18,6,8,18,16,52,28,18,24,11,15,22,10,13,27,22,27,30,9,14,14,8,4,11,6,10,7,16,9,11,61,179,265,328,164,100,67,50,30,37,47,27,16,20,13,13,20,4,7,7,4,1,4,9,3,2,1,2,3,1,1,0,5,1,7
"OTU_4",12,11,13,8,7,4,22,13,16,14,14,19,10,26,23,14,15,11,13,7,14,6,17,24,30,24,21,22,11,9,60,43,43,79,36,34,37,26,38,22,23,47,33,48,36,70,56,45,110,71,53,48,56,73,74,37,38,29,27,27,25,38,14,18,20,26,21,60,25,31,39,21,20,22,43,44,53,16,68,86,72,19,29,33,51,31,30,37,18,35,16,16,30,27,21,12,11,8,25,31,19,10
"OTU_194",11,10,11,10,6,7,28,34,27,11,24,21,22,13,12,18,17,17,7,7,10,14,15,31,48,14,20,9,9,2,13,7,13,15,24,20,20,5,19,5,28,26,41,34,45,40,31,41,116,68,64,84,100,98,196,87,95,95,34,52,32,15,17,24,11,11,8,9,17,19,23,32,63,26,32,14,29,31,34,29,30,43,56,62,50,39,46,52,52,34,31,29,29,8,11,13,13,2,7,7,26,8
"OTU_173",17,46,29,35,26,16,23,14,33,21,36,61,29,47,48,35,71,70,57,25,40,44,24,68,113,45,37,13,16,7,32,31,19,17,17,20,7,10,8,3,8,17,24,23,27,19,28,41,24,16,16,14,15,26,48,43,82,96,70,51,42,56,43,48,57,48,47,53,67,25,22,35,51,58,82,43,43,42,49,42,34,17,15,11,10,10,8,7,3,1,2,3,3,1,1,3,1,1,1,0,3,4
