"ASVID","SE1A","SE2A","SE3A","SE4A","SE5A","SE6A","SE7A","SE8A","SE9A","SE10A","SE11A","SE12A","SE13A","SE14A","SE15A","SE16A","SE17A","SE18A","SE19A","SE20A","SE21A","SE22A","SE23A","SE24A","SE25A","SE26A","SE27A","SE28A","SE29A","SE30A","SE31A","SE32A","SE33A","SE34A","SE35A","SE36A","SE37A","SE38A","SE39A","SE40A","SE41A","SE42A","SE43A","SE44A","SE45A","SE46A","SE47A","SE48A","SE49A","SE50A","SE51A","SE52A"
"a7038b203910eeed280371a9571c866d",2.69803396133109,2.88603599695445,2.80323349637641,2.24955358442559,2.48993959192396,2.48555027755669,2.286916981755,2.28771966087092,2.03272555952388,1.80450281213797,1.87270631181974,1.73150268196109,1.69079387076749,1.95669446324363,2.19481754109628,2.52460441855661,3.00653361435122,3.40600181773747,3.71253542990298,3.54532355680777,3.83048632187136,4.19902534659805,4.18552430048015,5.05255000420628,5.37920530542191,5.3847743191174,4.55937621579203,5.63848055451239,5.56229773194345,5.48562527269243,5.6444801712055,4.95573250164821,5.02512001785484,5.34048874971448,5.35433977071976,5.27547409025287,5.20005031717019,5.28441832125999,2.83559796975214,4.95936625697377,5.05339780278578,4.78715295049472,5.13109052149622,4.92584480695777,4.35587118970103,4.26377859080366,4.15386899034215,3.91735313902327,4.0043030412122,3.79101006935421,3.51556920853257,3.58404725429709
"adfb67f460d65aa8614bed0880411c61",2.69231966006765,1.93623242870546,1.9995562584651,2.60786876930068,1.75333430054483,1.79240309699674,2.12192935059787,2.13289851504469,1.66439999836517,1.92392884781188,2.13278311817963,2.19797513817727,2.47241978001101,2.27766615466459,2.42526138169314,3.18479692754192,2.59344535604717,2.63559438718258,3.70578434940956,3.57828867983281,2.57542924821752,2.896172264442,2.10549745003324,2.18449544802535,2.39528892716864,2.95800070558034,2.49081885590113,3.72544621081244,3.16399396240737,2.50147496341205,2.72584109037642,2.75301450927792,2.9334752869604,3.24991700332179,2.90492949862216,2.67528843044168,2.59127682535148,2.49635427709479,3.04081678558755,2.76113816726031,3.05373639821213,2.9557417618946,1.97022909168865,1.59733591664465,1.70255054379239,1.45451990811453,1.21212642168306,1.86317553907761,1.19070095520461,1.56565632429615,1.65663505013662,1.47233077867546
"919f52074a986016c7e460883cbe1484",1.89984277089219,1.94070670910038,1.90810042971505,1.8556492987185,1.83844031017491,1.8201476256304,1.68416864779835,1.63914079979085,1.80732721582258,1.62934370433322,1.75739546530875,1.52503066493485,1.38383766570284,1.25535722871364,1.16057415266804,1.39473958638439,1.21720133078078,1.35389979615321,1.211519911216,1.13878597413528,1.24641238399816,1.23220956953083,1.03232005851295,1.18987287288129,0.955620105457372,1.01081585909303,0.617381355658806,1.08777680647203,1.28542738541724,1.10910155621578,1.09838467243964,1.11661417923869,1.2570577013482,1.05002930856609,1.37681716767449,1.61762674538667,1.61964926108158,1.77079243785057,1.1076604325948,2.14617840627216,1.2265425559962,1.97296128875161,1.95014233312192,1.9980951337154,2.36304755658159,2.33429542701358,2.45352942838849,2.2109877957585,2.30199170213249,1.97112143240432,2.05205899674529,2.05696037702481
"b73cb42e006377b6fde3161fcec1d0f9",1.82541017610942,0.623405219467437,0.83803014438642,1.70014543871183,0.780929697192354,0.706497459597744,1.20845949506535,1.05289141420762,0.976447634682327,0.832793229486788,0.824297615118209,1.31513234037066,1.64112226097025,1.37314026437002,1.4783336803571,2.01925826055524,1.88269698001021,1.84884659129584,2.79498233724684,2.43715488141944,1.44745106474505,1.50529284256146,1.09856944405415,1.67443056982667,1.30701799229526,1.22679092092863,1.25023630596263,2.25214047270291,1.89022539614589,1.7262628297978,1.93129379537474,1.59973022157692,1.68644299317402,1.89503883843528,1.65856450460646,1.35433612605904,1.3490616219891,1.47010628097558,1.77631659314645,1.69220164673832,1.69467877106714,1.98589807978233,1.62002666225554,1.2127774933558,1.42781962368769,1.26178576224811,1.15469437259719,1.73084390664499,1.4504855241195,1.50722524086031,1.62339099155747,1.6203838786346
"45ffedadc43d8030c7f8a405ca9ab0db",0.271234942350371,0.357702053734432,0.455037892130314,0.483453861978115,0.401956204531166,0.721535336962285,0.330169881369811,0.82048853748061,0.923243598618862,1.08782513416783,1.14531610783758,1.00078202083672,1.08612541889112,1.14044834818712,1.14130573380216,1.26023590394093,1.29078968743827,1.33662820964455,1.20121054155714,1.27920315296502,1.69026738165796,1.72843639387567,1.3619194158464,2.44263584137666,2.31974060908294,2.14451946757241,1.07803287933426,2.04029647664264,2.20171811729139,2.46233505507478,2.46401239675097,2.24981791267642,2.22240459021155,1.90188818028085,1.5601244317932,1.8258446464842,1.57558927128755,1.61146039928131,1.12366077394124,0.935684852245785,1.89322316336798,1.15811717321415,1.18177173132438,1.23999005688068,0.41713740752628,0.620414851211886,0.363276970604439,0.632231617976884,0.859001997336057,1.02279134678554,0.85721867598263,1.06153232459193
"b66772dfb431b48b579915617caf0ad6",0.52612719197916,0.346772983202241,0.207796789237044,0.755006552500012,0.0110898958441545,0.438816053852634,0.857802623452182,1.32548324093581,0.831751258194196,1.32216122591432,1.15753621917236,1.15106422388605,1.57904983232787,1.58570170635369,1.72127985896749,1.74664125157047,1.69400000315934,1.42014918169441,1.53323173225409,1.41000155673348,1.23828225791491,1.23702885596678,0.22310070670025,1.43499533091427,1.55695973676419,1.34217299504747,0.468535728061241,1.27332938384743,1.26312162790294,1.20957208657942,1.60191099372402,1.35332980809844,1.09355241635373,1.770791656159,1.29677446000095,1.52046299693302,1.62823300477297,1.66457022459526,1.78249580951241,1.37484380614042,0.953675569329555,2.10225193125947,2.01468085425949,1.78511983583044,0.819229831155805,0.877826859360911,0.586420521918649,0.980961413584181,1.07947532009439,1.2012294035531,1.18061883103649,1.36381319646487
"d91d91ddd239d382e64507aae73eba4b",1.31078948137488,0.166646816971722,0.0637574190141059,1.15230834996902,0.468331273476038,-0.115861452442207,0.997564565827341,0.435167995464914,0.550039352728919,0.649353729591493,0.971157861682789,1.12355757809622,1.5465062845954,1.29090216613305,1.42996009607288,1.56336229882019,1.72292304262859,1.79963880339931,2.72974181537844,2.07003957868614,1.49907543015035,1.64888376217371,1.13011780178908,1.45413467112497,1.52272656512195,1.32926959021157,1.63476820440433,2.15014130474779,1.81085180860438,1.50092388792016,1.62901292350181,1.15917379365749,0.623548787107989,1.27157157851332,0.871891266035687,1.05453269307492,0.985096244787688,0.792543831432332,1.68100641334213,0.81673290938442,1.55444942975849,1.36942626688135,0.885721409202085,0.701951869589805,0.777844614992951,0.472361751252746,0.330124763287539,1.24293512932575,0.731168625826172,0.980029487447462,1.27672614121383,0.905597522971173
"08bd45c0807b6fb44faaa54fb53e4213",0.937132480462941,0.879338593604638,0.322866119021831,0.692092727089443,0.392103908088155,0.0432032421874808,0.31307544801051,-0.0503398203167871,-0.525042438528997,-0.120486071756707,0.476461619846682,0.602050944909896,0.793052497804466,0.866205696096998,0.87543337764493,1.11833159050583,1.04716760478052,1.36072576122361,1.84931699669278,1.92312339275982,1.63692140095267,1.67714309948811,1.32682809603513,1.16487157067587,1.70835938321956,1.9017887829829,1.50343220234324,2.26717835006746,1.80649450323543,1.67219560852753,1.90323584257959,1.52000674774488,1.49462191298885,1.81270255177464,1.32209226798524,1.631420067519,1.43560207832016,1.71500107822215,1.17396151241604,2.17365266182441,1.55981137289987,1.72276230955457,1.73421902978119,1.15602467676335,1.26443526791348,1.31813869879924,0.91039259577563,1.39148982364889,1.13663373393434,1.16960621512259,1.55640817099854,1.41392001651905
"f34cdcd73e535507d29c29b19d01f658",1.34075427007682,1.06166015039859,0.977227274546619,1.50157889973354,1.04998294981064,1.14670551614978,1.35249886528829,1.33247627642678,1.16049481744375,1.01138343866788,1.12461143447589,1.15878626997996,1.18582477911421,1.16595064099805,0.948815923578954,1.14050544800015,0.903735141173284,0.764742329117309,0.928952939430986,0.957468937767328,0.946510200211599,0.974664591499285,0.802303627910978,0.962088942010577,0.928951858375211,1.07980873057998,1.27258360465463,1.54679801904915,1.40321042107362,1.23139113397405,1.2341862135987,1.23921650133102,1.38287787454924,1.00920731404583,1.51477661181474,1.54565324576158,1.56198361923177,1.67741836707311,0.987859232782183,1.74765295127453,1.18851516040696,1.71605087496658,1.64393218310909,1.32979395174198,1.5777597709786,1.31813869879924,1.2305601233719,1.57829067124689,1.36982762110205,1.29760021630112,1.48137298505562,1.37949979263257
"30dbf1c75521f969f69ff64101abcee2",1.2640883883289,1.49190528750524,1.67600827282482,0.711385930024121,0.900947370650154,0.786540167271281,0.975585659108566,0.563343188888911,1.12985784798186,1.29438166180724,1.28650255187813,1.29183677776714,1.53884341184983,1.40196070290551,1.48110760723982,1.39813517538553,1.41754139307741,1.14520613502006,0.806054803107832,1.04948783648758,1.22182098086083,1.3332127798197,0.946553236755525,1.25556813214668,0.892250491524782,1.2410768781761,0.336766450430118,0.611930901602061,1.19305406528622,1.27365094326394,1.16007824144498,1.67711688519234,1.47684366696757,1.58300773697321,1.71497859388655,1.6672983551839,1.62823300477297,1.38261882685246,1.18148034483007,0.972386219096213,1.41010712102975,1.28500892506877,1.09703050286929,1.46179042464842,1.12033492393973,1.23733466638395,1.25313444541044,0.821721664249451,1.12136626180355,0.695578435577128,0.538764944864096,0.187132534426938
"0fb538dc7ae93db1aad8af6b841e0274",0.807539651417346,1.44171554298139,1.46055975773241,0.596782547285117,1.05509805047741,0.627716581744631,0.763491943980941,0.754398425651621,0.782661647997672,0.84390445491186,0.818631877582532,1.04052234948623,0.499950357883347,0.644275001207997,0.379721391688987,0.570972223407383,0.793387084004419,0.881152680961721,0.734310898248991,0.895337156660322,1.08888218084624,1.14651484842594,1.19037699330727,1.27276053268706,1.33140944541942,1.27592360950627,1.00856050651949,1.30507808216201,1.54892223225501,1.59022202556786,1.33237823977791,1.68418405241543,1.85349707783719,1.5783018459358,1.65856450460646,1.29220434495204,1.40935385224522,1.67315396828665,0.91724166556823,1.72244153192804,1.56514471887523,1.33058643356509,1.2185857044471,1.30494795315545,1.55211734036526,0.99166200200971,1.28390610407719,1.12710331380063,1.30795221738396,1.02743172634205,1.16737360428647,0.750404633565472
"09e001b592afa7c54186b4bd0f7fd237",1.21509900112863,1.29123459204309,1.38080736795901,1.08886212823005,1.00809200810148,1.35708502573889,0.957647958421898,1.37008754717256,0.626412331513493,0.60825205390594,0.795642359357833,0.959396804673863,1.12952473442568,1.19781174306704,1.27920500524676,1.30587119864755,1.12985932062563,1.1494166675564,1.58396725029549,1.163601143255,0.935521078636004,1.1412377913251,0.52605025128282,0.656153429249446,0.76271643933288,0.596382081002106,0.322581815438161,1.04816766837698,1.01716339882256,0.96035629495543,1.33954672925653,1.12280614948661,0.814604023870699,1.08152797562546,0.974306271463757,1.17682227083319,1.01709897587386,1.06986311684857,1.25371390218944,1.28673653863016,0.698150608512305,1.06574385308313,1.1500230330098,0.831163601069811,0.650331294693991,0.439926475499592,0.586420521918649,0.868241679884344,0.865646540054726,0.739749653890264,0.904564796579829,1.14362968677913
"750ba0e2bb9fe55d1cbb3b4eaadc1981",1.27989899435554,1.77344968176782,2.19131820903814,1.49578178204921,1.8407685999345,2.23715449417873,1.86027105156739,1.61316531338759,1.76584661470186,1.47728990092955,1.20882951355991,0.881308367702426,0.690690485142897,0.806187686370745,0.733893205409601,0.638413504202916,0.527683918271413,0.209745487038182,0.187015594701609,0.409829340878621,0.390984397527701,0.524463589549729,0.238368178831039,0.793624419878049,0.482101534104192,0.262608901350058,0.0994382641239517,-3.04482485625425,0.483646363854497,-3.22307277094707,0.182093940565484,0.0605615049893768,-3.45973817487657,-3.29208186105853,-0.142163634604359,0.0490108274728205,0.23335489996169,0.08903386383684,0.238622585571194,-0.0235719155118126,-0.535803028025566,0.165453462555416,0.525438523887154,0.908872585397127,0.998167289965519,1.09385294290626,1.35087673018338,1.0543439595182,1.36581959970451,1.13695025214854,0.887071639132312,0.772066130346651
"0f3ad38ce57a0d1f9c23e77c341e0ddd",1.47520774667631,1.87854631036777,2.09264668153111,1.66640729907997,2.02115029191063,2.19701532658839,2.00679111944536,1.79548687018154,1.16479589934314,0.763401236062789,0.401738073650745,-0.25876063464403,-0.222610707882892,-0.171211031544193,-0.218115609066634,-0.551170562670921,-0.392236581653321,-0.163970922755403,-0.190278636439859,-0.111467582754665,-0.255642767397351,-0.168683591010216,-0.28772491706574,0.0535202562303327,0.279864667609296,-0.241947109402338,-0.707037601742997,-0.288855643736129,-0.161491597519088,0.228742833567689,0.28972460475785,0.379015236107911,0.602271388660705,0.49838169027984,0.357792316924728,0.447040957093467,0.627259185668779,0.535320966465259,-0.599105823799859,0.55331545893227,-0.23731003946957,0.809810478945929,1.16284372143886,0.831163601069811,0.945981536794949,1.46640123600128,1.19807466822741,1.32896946666756,1.75916334728033,1.54930718629462,1.50701541566896,1.62648145850272
"25ebdb9f73ec947cd465320dbb8b2c0d",1.21927437253911,1.38887306160701,1.39949950097117,0.665775418772069,1.07530075779493,1.01665238790158,0.962162638776425,1.01532831263197,1.01207481232548,1.02990248643512,0.88458984537433,0.393895184561178,0.549430415146716,0.494156584908677,0.354403583704697,0.402507701274854,0.549190123492377,0.544680444340508,0.601959446764317,0.176214489697116,0.371753035599814,0.0738780461610951,-0.0594662650847599,0.484303172322786,0.00361129098113766,0.163517998705827,-0.790419210682048,-0.251115315753282,-0.01630958767459,0.471304470739,0.508778170820535,1.30820937281797,1.03251652576736,1.24559609211006,1.12972037533779,1.36631231710576,1.05571381200164,1.39398258550278,0.406416041802238,0.806150800053883,-0.0603793313104917,1.11606893697065,1.40990282414963,1.0723256578867,1.00380110768377,1.35401698646415,1.4098328973165,1.23114717357371,1.67731232085001,1.46926447862108,1.21933334321718,1.37168725289577
"2301a277082d0736e6b3a0469dab2e9c",0.775588051610744,1.84718065108955,1.89690210440502,0.808431719173592,1.16147845403598,0.577285728117738,0.689383971827219,0.898740734380359,0.377196539889508,-0.227458191308875,0.789811439047041,1.37265618450885,0.308895121120638,0.758685352385741,0.555074279166848,0.153811075536027,0.291778115343352,0.340585087996993,-0.765642781343421,0.0795876540080442,0.371753035599814,0.72780451356776,-0.144624073425067,-3.64559596140542,0.296959100968596,0.596382081002106,0.430795400078394,0.404291536823817,0.380105684913657,0.440051927234896,0.0867837607611595,0.501117932908811,0.704400883737085,0.264766839098335,0.852088638739508,1.30494337072947,1.31457544591793,1.04614659023125,0.71819566583308,1.52035138981166,0.518357498071709,0.339806849700194,0.0384235488148814,-0.362758867402623,1.36328110255012,1.35401698646415,1.63450200193954,1.20308922077855,0.731168625826172,0.980029487447462,1.07914937087163,0.930290135561545
"2e2858610adc6f89731e6dc06ce65791",-0.0418568456267785,0.846548770781647,0.894827742779553,-0.054400434175796,0.644517841702477,1.04944221072458,0.752442107794356,1.14945761259867,1.1985543792681,1.25120948994203,1.11197968756999,1.04052234948623,1.10212576023757,1.07959307246584,1.14518923382856,1.29088964503193,1.26339071325015,1.28661778906989,1.12030390294434,1.2526529208709,1.11230245505434,0.974664591499285,0.85273448153787,1.34402355270855,1.11726145701379,0.955756081910003,-0.141723792692937,0.627435088138026,0.71657792153487,0.73956845733368,0.919692883696264,0.855491379859264,0.873692940240705,0.348849956308876,0.254251637983888,0.546413430906671,0.180245074647742,0.0464742494180439,1.05381720057398,0.214099736365307,0.710729390719165,-0.340095104109731,0.0955819626548302,0.425698492961646,0.0846974344330054,0.285775795672334,0.13194783470379,-0.0117828740054167,0.279183502083115,-0.173459411446482,0.182090000925363,0.273074964227663
"05810500448cc3ad7c9d8b11a497f1ca",0.598447853558786,1.02329928252615,1.48465730931147,0.71773515770278,1.38278545754289,1.8025813019125,1.39429599396675,1.39002176207338,1.61091131341418,1.3255800326631,0.980866675809749,0.891409463688929,1.01077598164934,0.816444186537933,0.844503076953571,0.645633752176402,0.675604048348035,0.521333080343517,0.282325774505934,0.51830998387269,0.685783937748346,0.711675131637875,0.52605025128282,0.914460893021322,0.438929362238984,0.317668678533086,-3.83250947762159,-3.26620298098732,-3.36768505440974,-0.0921648865124123,-0.0467476318633633,-0.20359007005221,-0.0385078063819249,0.113535869374411,-0.319094342763437,-0.120065502571113,-0.113516043880421,-0.118605500941405,0.492071486380732,-0.210783457599959,0.112892389963545,-0.0858609657254901,0.265480999450227,0.724680120667361,0.475977907549213,0.647565840277837,1.03998542482123,0.715037521661117,1.24652940475755,0.970273312502097,0.960759354923471,0.735698486175776
"753f182af6052c1eb53d471c499af5e6",-0.0128693087535261,0.166646816971722,0.31193704848964,-0.250515313102087,0.341331582714731,0.266346793501691,0.203876156045518,0.237342252134994,0.704190032556177,0.860343181255019,0.88458984537433,0.911310618006224,1.11003093974468,1.28772251321567,1.16817875205326,1.24058890655713,1.34663342365436,1.12388336555124,0.543690538640342,0.51830998387269,0.390984397527701,0.703511820998715,0.503060733058121,0.793624419878049,0.550154997349208,0.887436837932526,0.0253302919702296,0.344868116353016,1.02673284983871,0.902087386831455,1.11640317794232,1.01881643596256,1.35287562424544,1.27157157851332,1.36491226516817,1.72714527119316,1.56653943576763,1.6159955544467,1.03231099535302,0.926295111895946,1.1408871114177,1.14031254858064,0.851530044453806,0.821011229605793,0.31065392712383,0.682657160089107,0.426455872225971,0.00182277805036257,-0.126281606025048,-0.497699079632061,-0.398579196207892,-0.480696838148717
"8375b47f50ee3b002fe82bfe00409092",-0.32953891807856,0.615036969796921,0.850933549222328,0.0859569235191264,0.54766801571256,0.721535336962285,0.677479069320901,1.07115676218491,1.12092921723756,1.3255800326631,1.05979393439942,1.2782772479815,1.18946777039271,1.36432963468787,1.34162263481519,1.46055280495396,1.64780241216049,1.42334918442508,1.40235215767786,1.4214302525571,1.17944175789197,1.19279560098995,0.81088737160237,1.09270912442764,0.892250491524782,1.02851543619243,0.322581815438161,0.365070823670535,0.0616519537951219,0.304250386075835,0.309927312075369,0.269316318851487,0.346338014523504,-0.167366516091991,-0.0642020931346474,0.212640251254623,-0.163526464455082,0.109653151039575,1.23967858407306,-0.404939472040917,0.503090025940921,-0.28880180972218,-0.229840437779798,-0.585902418716833,-0.514420796478664,-0.0819489844529828,-0.188219692892479,-0.452094713443749,0.0380214452662271,-0.143154061951154,-0.511057179634582,-0.456004225558345
"e38bafa6321bd4ed4b15f934c3eb652c",0.00131532623843,1.67945789371675,1.69272175379856,1.1357790480178,1.46395874758672,1.10181019624189,0.232314091366051,0.607467993797849,0.0704662724670326,-0.243718712180655,0.017595735011402,-0.0711620207492318,-1.53693156937769,-0.590469461784692,-0.188262645916952,-0.625278534824643,0.0192708409108064,0.331106344042449,0.269253692938581,0.735830277632538,1.25447694383489,1.29311832261782,0.758243638116948,0.0725684512010272,1.16818154744105,1.92710659096719,0.573896243719067,0.442031864806664,0.872582170011451,0.82951669399662,0.204566796417543,0.753708685549321,1.22296349000523,0.616164725936224,0.307361463297835,0.696695633956008,0.638820008069855,0.0679804546390073,-0.0363204611031573,1.92581649791983,0.0899028717388464,0.404345370837765,0.280985185986192,0.972242199329717,0.812450144170426,1.36278897253698,1.50097060931502,1.01096366388798,1.04132355413001,1.04578086501024,1.12655160976622,0.666705614688825
"7bfeefb85f71023e48e2ec9eff780d4f",0.517758942308644,1.09340884871317,1.37323157415056,1.09321943359901,1.3791022121266,1.71533974883715,1.26326773156035,0.676940366612617,1.23921038490922,0.751352897546614,0.507960286906052,0.25206498912196,0.0944852497751825,0.220460754431636,0.459764099362523,0.473333753843467,0.759485532328737,0.818809550387586,0.481815134922254,0.85611644350704,1.3965062631298,1.5624512564014,1.3062088088324,1.50495391952118,0.964353785426127,0.369854431703656,-0.707037601742997,-0.502429744034188,-0.536185046960498,-0.444986261135154,-0.466601477423627,-0.227120567462404,-0.529130722830396,-0.520187890714733,-0.256573985782103,-0.323664457812353,-0.113516043880421,-0.486330281066722,0.248192036587344,-0.303156777730974,-0.304001413968242,-0.127533662126058,0.0955819626548302,0.654884358731819,0.50414878451591,0.74125132435516,0.953476181911943,0.791507885652955,1.22826405678026,0.955458226716956,1.05457811014113,0.96032242266042
"554345c10941538d3c323777253ee02d",-0.150490686629574,0.885769483934928,1.36175917298832,0.483453861978115,1.07530075779493,0.929641010911954,0.449834385125899,0.555795983253528,0.878543419700955,0.587049846255337,0.818631877582532,0.916224632808653,0.470536472677053,0.644275001207997,0.582662235685677,-0.22839717040787,0.675604048348035,0.559947916471296,0.128175094678675,0.322817963888991,0.699868677630085,0.534219764495094,1.67273094299195,-0.28680554970687,0.0695692587729351,0.814105564846976,1.88821710521387,0.259710308012709,-0.0437085618627044,0.640722622697047,0.226545703136318,0.660182627538498,0.664791745642038,-0.167366516091991,0.390053179142949,0.319885781608221,0.300046274460363,0.451939357526209,0.381723429211867,0.795455510937136,0.199903766953175,0.627488922151975,0.606407586420821,-0.545080424196578,0.878263362739998,1.26660504868406,1.21676680123956,0.688190271624928,0.865646540054726,0.758098792558461,1.25660473801441,1.07744777989783
"afaab28f537a72577d22fb00949df1f6",-4.26843508455169,-4.15671785721357,-0.866717947852006,-4.35751348002946,-1.33264485085694,-0.7105685601889,-0.192019501046495,1.54229097380093,1.88754354967938,2.23982088339581,1.22030191472215,1.51968305860825,-0.0452766925999768,-0.227563968095324,-1.11193348508873,-4.28165394942661,-4.35309544245511,-4.29074725306345,-4.00019295780512,-4.11039855285451,-4.23056157330904,-4.06441266665932,0.443162591477053,-3.80498601800316,-3.66300659377082,-3.60364614673542,1.05769319509714,-3.4005882231016,-3.50207029652402,-3.57883613779442,-3.46792562853067,-3.86271249247843,-3.81550154172392,-3.64784522790588,-3.63818848996881,-3.65674601494833,-3.7206612722048,-0.691124693712735,-4.36973600246622,-0.404939472040917,-3.596278281178,0.256425240761143,2.31719799311521,2.49944201352684,2.36015738115936,2.33264116691756,1.66748850093585,0.116598292642791,-0.0244989117151064,-0.158191939315694,0.794698319001297,1.35985279524877
"2a2af3995b876e7cd96f3bbdce65caeb",-0.477174916884624,2.06639492426387,-4.26680200604226,-4.44609399564727,2.06855253080522,2.0561435535619,-4.51863518588102,1.0846401125222,2.19072980866712,1.78959305777168,1.6445999711634,1.54090401409114,-4.52566600801885,-4.55102073496214,-4.51048280195979,-1.98625508796024,-4.44167595807292,-4.37932776868126,-4.08877347342293,-4.19897906847232,-4.31914208892685,-4.15299318227713,-2.15952709396733,-3.89356653362097,-3.75158710938863,-3.69222666235323,-4.05547523535368,-3.48916873871941,-3.59065081214183,-3.66741665341222,-3.55650614414848,-3.95129300809623,-3.90408205734173,-3.73642574352369,-3.72676900558662,-3.74532653056614,-3.80924178782261,-3.75785019596921,-4.45831651808403,-2.12770606978202,-2.06185933152062,-3.96834496569402,-3.85983053757527,3.75952506350872,-4.19842021010667,-2.46149511858316,-4.22266218065126,-4.33792991232741,-2.07219175508036,-4.40343885942216,-2.16928525623811,-3.07096400359454
"8b0a5957086b091697d91d18fcfb8aee",0.271234942350371,0.290260772938899,0.501557907765207,-0.155205133297762,0.287842897763745,0.55989398540587,0.403672343362737,0.501307797969459,1.01706235383652,1.02530477718649,0.961353861586168,1.05342575432214,1.15994533112639,1.40479758424071,1.38828739967231,1.23262073690796,1.20990202829917,0.995265987729142,0.357360960448848,0.440600999545374,0.390984397527701,0.133597280862718,0.143057999026714,0.544927794139222,0.467916899112236,0.435451714189468,-4.09002067244001,-0.251115315753282,0.380105684913657,0.285901247407638,0.368196220199345,0.863523551556529,0.512323151997765,0.396102841159421,0.735554822483556,0.796225229303042,0.603728688258585,0.58728070539597,0.969510094113986,-0.335946600553965,0.548210461221391,-0.31411961770647,-0.255815924183059,-0.628462033135629,-0.327834840898252,-0.775096165012928,-0.862674740440272,-4.37247534941374,-0.462753842646262,-0.634274614637811,-0.916522287742746,-1.07853383890434
"bf14056763ca0303a7a04d38d96955d8",1.58796022914397,-0.450514456610301,-0.797725076365054,1.46927065650088,-0.39437521226401,-1.23186548382219,0.72427123082766,-0.395180306608517,-0.334998835641132,-0.211457849962434,-0.2743146735499,0.426418376266739,0.835386861631028,0.265717346019757,0.504884534642994,0.355550718187083,0.527683918271413,0.707583915277361,0.935732626416365,1.27920315296502,0.191371343623685,0.25619960295505,-1.17869784095561,-0.371362937734933,-0.346591138451977,-0.763244033035624,-0.342394488155088,0.907395114495896,0.562427241707611,0.0811068347616244,0.405237491879694,-0.468282624279293,-0.985889125326111,0.13373857669193,-0.534205722380383,0.285399605537051,0.215963157249822,0.422525472319915,0.550058744031082,0.452510759810305,0.723151910717723,0.488226854818467,0.501047070762995,-0.237595724448617,0.540516428686784,0.298514821449764,0.0461810129463647,1.06373369986804,0.502327053397325,0.600913209036049,1.10313133555812,1.39110533875287
"7a3ba492a5e6828062d29151d0ac288f",0.680277871806418,0.791740534286652,1.1434117939376,0.907413552722443,0.689638276982947,1.19897394469554,1.01480637226185,1.14105420180229,1.1073849921298,1.2175614558238,0.931351611282369,0.785490444805192,0.885902651767929,0.703115501230931,0.654824681933908,0.177067937700294,-0.0175431322119106,-0.179719279723542,0.0816550790437827,0.0501737688017503,-0.391774941721931,-0.489591311090317,-0.655449697191057,-0.678847637482894,-0.784846069383133,-0.663160574478641,-1.03554166871503,-0.838901980655401,-0.794014156262598,-0.86986945510042,-0.383219868484576,-0.499054282946046,-0.634491238488222,-0.782552155182225,-0.494985009227102,-0.579597831949553,-0.163526464455082,-0.285659585604571,-0.115308872421788,-0.0482645281021843,-0.780925486058551,0.149453121208975,-0.0222010730015532,-0.237595724448617,0.456746545621326,0.629547334775159,0.330124763287539,0.721638205692469,0.885319305653431,0.504183582577498,0.707100259683311,0.548922579032441
"a738568b261166a672bdd2c51055fff7",0.439115814989531,0.313250291163598,0.445468441114163,0.400072253039063,0.513181839641391,0.266346793501691,0.53621899932472,0.400381879379498,0.581291896233023,0.40758135844379,0.468429448149418,0.203274824952529,0.416883759184733,0.238809893099833,0.124829142060197,0.523344174418128,0.362604167911964,0.447830618350591,0.187015594701609,0.1081610264521,0.143743294634431,0.147986018314818,-0.424926038579225,-0.0690820658619997,-0.019378227243561,0.0535171034914983,-0.288327266884812,-0.145754800095455,-0.100866975702653,0.147064802553422,-0.105588131886297,0.0241938608185017,0.289179600683556,0.192007484815906,0.616366305218438,0.319885781608221,0.331794972774943,0.648649651772262,0.321619505142162,0.58034413132019,-0.205561341154989,0.211973478190309,0.681308894593939,0.225027797499496,0.805624179100026,0.647565840277837,0.73932819350631,0.791507885652955,0.660551058612219,0.727327133891707,0.65654798052048,0.48438405789487
"a00b3291d80b7446baa65a88bf250509",-0.477174916884624,-0.292885512406718,-0.286899452599064,-0.87912397252446,-0.461816493059543,-0.150952772253476,-0.297380016704322,-0.800645414716681,0.144574244620754,0.280136411875669,0.311586976656447,0.0524519352179444,0.470536472677053,0.656323339724172,0.685979849713704,0.680973118621711,0.815365990723194,0.6538797363055,0.481815134922254,0.563980020705879,0.780449164289425,0.916770613080383,0.827836929916143,1.31721229525789,0.892250491524782,1.0459071789043,-0.342394488155088,0.32424882915028,0.754799134355067,0.73956845733368,0.728637646933554,0.797383749051984,0.723632245664972,0.364850297655317,0.603627279441008,0.599057164392093,0.542359741882293,0.521897946133119,0.706219474786365,0.251840064348154,0.735422003309537,0.133192600337195,0.0384235488148814,0.261395441670371,-0.188998396044036,0.219526410131134,-0.207267887863174,-0.473600918664713,-0.0740958528544784,-0.188963597982448,-0.278434884365828,-0.0424419072175617
"095dcca0a1cacb655451100eb59c8ef1",1.15473585140153,-1.96686194597839,-1.25448347886077,0.92813968323956,-1.7381099589651,-1.69139781320063,0.419297661265817,-1.06890940131136,-1.02814601620108,-0.953395194691811,-0.984556287469145,-0.764309201309177,0.147407651229525,0.0156663417856233,0.354403583704697,1.07713583406756,-0.0820816533494817,0.176955664215191,2.14105586984017,1.0102671233343,-0.2926840390777,0.0266251613105499,-0.693190025173904,-0.28680554970687,-0.169660430292899,-0.273695807716918,0.584946079905652,1.49000042065602,0.767221654353625,0.73956845733368,0.919692883696264,-0.873747732387457,-1.36537874703101,0.15354120398811,-0.226721022632422,0.154371343130647,0.579631136679525,0.672180149182456,0.872346345660338,1.21868307538514,0.735422003309537,1.28500892506877,1.09020453779889,-0.237595724448617,-0.00359517271267329,-0.574425469550777,-0.246488601016455,0.493548230442934,-0.596285235270785,0.00886214534747243,0.414712296194117,0.107089826753402
"e4cb530bdc7be4557b85c08cfeb4c23a",2.55317834645707,3.22732871136075,2.75952593527045,1.30411436283702,1.27004483458744,0.643977102616411,0.816980628931927,-1.1489521089849,-1.29051028066857,-4.70771863164289,-1.86694546766762,-4.74543974537491,-4.75237145089942,-4.77772617784271,-4.73718824484036,-4.59693990792499,-4.66838140095349,-4.60603321156183,-4.3154789163035,-4.42568451135289,-4.54584753180742,-4.3796986251577,-4.34272663331782,-4.12027197650154,-3.9782925522692,-3.9189321052338,-4.28218067823425,-3.71587418159998,-3.8173562550224,-3.89412209629279,-3.78321158702905,-4.1779984509768,-4.1307875002223,-3.96313118640426,-3.95347444846719,-3.97203197344671,-4.03594723070318,-3.98455563884978,-4.6850219609646,-4.02649698749172,-3.91156423967638,-4.19505040857459,-4.08653598045584,-4.03622535365011,-4.42512565298724,-4.37075402493312,-4.44936762353183,-4.56463535520798,-4.46133966814315,-4.63014430230273,-4.56590310608838,-4.51864923255686
"8d8fc266f5676496b2eca8b93206a57d",-0.167019988580785,0.410624455188774,0.464516636084857,0.0245879771428346,0.120788813100579,0.35629503016463,0.0138325531576529,0.138902179321741,0.358148344918813,0.199284315246574,-0.177464847559983,-0.0711620207492318,0.105296165879398,0.283261655670667,0.292710014699358,0.243759312198967,0.577163975534782,0.321536893026298,0.629868234881394,0.176214489697116,0.541045092103435,0.453367667865999,0.268221141980721,0.746667436790278,0.453528161660136,0.386661550020036,-0.188243808327829,0.530585262148109,0.467117061903286,0.51642490601947,0.741709728500907,0.871491721205705,0.535580014162032,0.282158581810203,0.811266644219252,0.611796190169522,0.683771395932121,0.58728070539597,0.347821877536186,0.174879023212025,0.591382633086599,0.453135535007197,0.750988815231928,0.701951869589805,0.264668813882007,0.514034447653315,0.603662328353155,0.0797843195200736,0.325703517718009,-0.11374017674486,-0.121592412872858,-0.319428690552595
"83ce8edb4ac8c161373501ee646e0000",0.0153015682131699,0.93577990450959,1.18097489551325,0.364670325988147,1.03447876327468,0.619486082608115,0.174605773745405,1.0846401125222,0.318927631765533,-0.329240885618817,0.617961182120381,0.935642718665755,-0.457011413721736,0.421131449893787,0.301759850219275,0.153811075536027,0.300910598906625,0.836201293099455,-0.47796070889164,0.162969262947095,0.767461968762613,0.609020977577792,-0.0392635577672404,-0.901991188797104,-0.689535889578807,0.163517998705827,-1.28685609699594,-1.75519271252956,-1.43000292298259,-0.525028968808691,-1.65618554429746,-0.327204026019387,-0.40396757987639,-0.945071084679999,-0.980492825008803,-1.56042708496128,-1.74764656890489,-2.39587278595116,0.675636051414284,-0.181795920726707,-0.5802547905964,-0.981948990282126,-0.802359630551128,-1.27904959927678,0.0561240619889496,0.59250606309481,0.878440995969028,0.588106813067946,0.370155280288842,0.511965723019553,1.01396339098694,0.930290135561545
"9ff359e7ebf983b3a4e0924a4ad42d09",-0.500164435109323,-1.86150143032056,-1.80102718522884,-2.04227478233014,-1.92043151575906,-1.97907988565241,-1.44478246954186,-0.455804928424951,0.0575628676311251,0.751352897546614,1.11620802367951,1.17405374211075,1.4162410897575,1.37021200459093,1.28932313541235,0.586357142246862,0.195550083248798,-0.179719279723542,-0.9259854314186,-1.0634763972309,-0.930771442454618,-1.53555986627301,-1.75406198585917,-1.25866613273584,-1.07252814183491,-1.06862568258681,-1.62332833361715,-1.14905690895924,-0.988170170703556,-1.6236412574768,-1.40487111601656,-0.632585675570569,-0.292741944766166,-0.344297224251069,0.665759060548015,0.886739236843873,1.06326101763702,1.24827077432138,0.430513593381299,1.53071417684721,-1.18639059416672,1.69907253843217,1.41486561349176,0.789920642535762,0.139505670928,-0.333263412733889,-0.632151081828439,-0.370416682429482,-0.0740958528544784,-0.143154061951154,0.133299836755931,0.330233378067612
"7f364ea6e336bd86002c0d0d09ecb22c",-1.26563227724889,-1.11956408559119,-0.866717947852006,-1.40042089615775,-1.82512133595473,-0.99825063264068,-1.44478246954186,-0.638126485218906,-0.502052920304298,-0.294149565807547,-0.662972663341683,-0.595232871265243,-0.237648585247433,-0.334536087647492,0.146106540507482,0.296127297716283,0.46796468356979,0.783091467785506,0.766834089954552,0.460601666252044,0.524515790152224,0.572319610727364,0.49136469329493,0.898067083245647,0.804389135733449,0.75822510645252,-0.188243808327829,0.423339731794511,0.577465119072151,0.912037717684623,0.674570425663279,0.940484592692657,1.0803071896037,1.11206469948554,0.929049679875636,0.785643119972505,0.579631136679525,0.782181044396785,0.492071486380732,0.525535894825195,0.992141850157351,0.4649699926542,0.797945798319699,0.800391942403057,0.252834356235003,0.335786216246996,0.307396512209983,0.163665803500776,0.502327053397325,0.257323504645973,0.23990957181419,0.394771899205183
"51c6a412d15302f26a408861724c8540",0.108083301664136,1.02329928252615,0.869981744193022,0.337271351800033,1.03967358015178,0.602819030122903,0.144452735574718,0.790987873083913,0.405105328006584,0.167196000695074,0.443938428141122,-0.243012277675891,0.0944852497751825,-0.0428298648959853,-0.0133211964206197,0.0418931593320417,-0.305225204663691,-0.118161386724108,-0.595743744548023,0.12214726842684,0.269623540523434,0.0891455182918834,0.0190053503567356,0.419764651185215,0.438929362238984,0.403190851971247,-0.262351780481552,-0.214747671582407,-0.130719938852334,0.248160919424791,-0.234799863366303,0.0956528248006463,0.40040523579378,0.0503569677528795,0.405801536111088,-0.0940900161678528,0.215963157249822,0.109653151039575,-0.262633587178646,0.214099736365307,0.0899028717388464,-0.106480252928225,0.311290535481521,0.206335664487343,0.240858165188288,0.323516123655182,0.17222173384173,-0.0117828740054167,0.391661485509806,0.361683519970215,0.53039669519358,0.319060077469486
"9addb3b1e921e9c17a3a60d28b3702fc",1.21927437253911,1.57248577416458,1.67037445510656,1.48114023205626,1.48741040862176,1.69016359394467,1.34638263827085,0.621753951045326,0.517778490510698,0.156266930162883,-0.192969034095948,-0.530694350127672,-0.71373126056955,-0.878151534236474,-1.14967381307158,-0.956635670779086,-0.998372385223636,-1.37841502694863,-0.9259854314186,-1.44646864948701,-1.00487941460834,-1.39245902263233,-1.17869784095561,-1.12513474011131,-1.14152101332186,-1.51045843486584,-4.38570919278553,-3.81940269615126,-2.24093313919892,-3.99765061084407,-2.90894851279283,-0.786736355397827,-1.53243283169418,-1.07023422763401,-1.35518627445021,-0.985062940057718,-0.649034280236783,-1.07411694596884,-1.1476717755487,-0.903930638159904,-1.59185570227488,-0.171018774065797,-0.0432544821993859,-0.153038336420555,-0.10044499870259,0.472361751252746,0.595078584661763,0.292877534980782,0.660551058612219,0.306113668815404,0.0950786239357342,-0.0106932089029819
"68b76cae175a98b50ef2eeb686a8af0f",0.621437371783485,1.15403347052961,1.40319636285249,0.891582087505762,1.17514609276465,1.483177752771,1.07693815336885,0.741898262887389,0.763613453026978,0.34588778943845,0.393080010907631,-0.25876063464403,-0.00846271947725974,0.0156663417856233,-0.536569340185168,-0.245788913119739,-0.661900148602423,-0.472706404405016,-0.506131585858336,-1.01902463466007,-0.549403885925514,-0.84241268571306,-0.955554289641396,-0.853201024627672,-4.09677275327961,-1.22277636241406,-4.40066087924466,-3.83435438261038,-3.93583645603281,-4.0126022973032,-3.90169178803945,-4.29647865198721,-4.2492677012327,-1.00569570649643,-0.919868203192368,-0.985062940057718,-0.459792280598255,-0.891795389174887,-0.513948015459552,-0.303156777730974,-0.726858264788276,-0.28880180972218,0.0186209215187016,-0.180437310608669,0.112476998540081,0.493415160450579,0.436608243689989,0.53403959179767,1.04686373450563,0.635759940366217,0.649113002032961,0.52177158996649
"e8724520788bb38a7f9d22c91318f016",0.448165650509448,0.400261668153227,0.519576413267885,0.711385930024121,0.682258169685324,-0.392114829070365,0.321659191701902,0.079713307931411,-0.0815499348315933,-0.294149565807547,-0.177464847559983,0.151981530564978,0.147407651229525,0.0491890338242662,-0.159275109043699,-0.0547336763570296,-0.180062061709685,-0.0887475015178145,-0.450561734703526,-0.22269321786489,0.191371343623685,0.104183395656424,-0.340368650551162,0.127628228384055,0.662072913553193,0.511824692974043,0.293594278564909,0.423339731794511,0.635452376722501,0.840211983113367,0.541039033038756,0.325669255402618,0.373736988711619,0.512175012412175,0.628945087425298,0.336692899924601,0.392419594591378,0.243184543664098,-0.186260608394072,0.496962522381139,0.24072576147343,0.0476704268990331,0.149649183925106,-0.585902418716833,0.365312339661694,0.133759588373708,0.272305192398712,0.332486673075828,0.152431796443972,0.306113668815404,0.0820065423683811,0.273074964227663
"4e2f56dc21eda3790b2046043718af7f",-0.272380504238611,-0.086549079408889,-0.12138501412149,-0.140167255933221,-0.03336186672668,-0.592785524532516,-4.89311855638045,-0.168122855973171,-0.260890863487409,-0.149899956963001,0.13678425227652,0.307634840276771,-0.178808085224499,-0.144182359156273,-0.159275109043699,-0.0991854389278641,0.475627556315359,0.6538797363055,0.0656547376973418,0.563980020705879,0.155864655166776,0.661664711063215,0.282819941401873,0.802756903441322,0.673768953316384,0.243560706379363,-4.42995860585312,0.214247933935952,0.676837592885356,0.440051927234896,0.226545703136318,0.599558005722063,0.937206345963031,0.539203684800095,0.701265749004924,0.519014456718556,0.638820008069855,0.852561841158585,0.618112207276098,0.58034413132019,0.336035941277755,0.116663298385984,0.476045768557577,0.394926834294893,0.0986836764077452,0.039940833156054,0.0755948981526586,-0.0681358105565479,-0.00849857036866553,-0.0573872401937283,-0.0590720558915248,-0.0920388483569337
"fda1412a61d3c70b70e83ec5ec1cd528",0.65861637502524,0.833125750449506,1.21272359382783,0.530337447876964,0.674823191197806,0.468086436152746,0.338608750015675,0.0167994825208417,0.10820660044988,-0.18020530645833,-0.0343640039193094,-0.153400118986204,-0.438319280709583,0.0601181043564569,-0.203077731702093,-0.22839717040787,-0.225182496990155,-0.211980141941763,-0.47796070889164,-0.165534804024941,0.0136901663862332,0.0103646404387696,-0.190086447501824,0.213150401822217,-0.0429087246537549,-0.124164073745954,-0.491926222126052,-0.251115315753282,-0.161491597519088,-0.407245933152308,-0.200898311690621,-0.114642584035714,0.0770050807399199,-0.251923904120054,-0.115495387522198,-0.713129224574076,-0.393100906099582,-0.486330281066722,-0.278633928525087,-0.79270500304968,-0.375460377950387,-0.127533662126058,-0.0222010730015532,-0.0750767949508426,0.139505670928,0.371718225473059,0.754143279291451,0.262105876314028,1.01315267716332,0.733557683642344,0.801129209331587,0.658737445039648
"d6f9a764678d662de2a928b27d9aa7cd",-1.0032680127814,-0.526500363588223,-0.0880485938538982,-0.848352313857707,-0.82181922709095,-0.133253195154076,-0.702845124812486,-0.301654248597693,0.0178225389816111,0.0997547198995408,-0.089172240414304,0.0407558954547538,0.236135766838209,0.283261655670667,0.428511555858419,0.829153631462466,1.01207628496925,0.752319809118752,0.766834089954552,0.801308207012045,1.09361032204219,1.11984660134378,0.990355859413917,1.21426432600545,0.854150645292513,0.917289801082207,-0.399552901995036,-0.214747671582407,0.324016218262613,0.18873749895399,0.28972460475785,0.325669255402618,0.332351772548764,-0.312548525936489,-0.575027716900638,-0.499555124276017,-0.782565672861306,-0.78643487351706,0.557076316689728,-1.5399194048799,0.279946474626712,-0.981948990282126,-1.06018873985323,-0.768223975510788,-0.999928612260364,-0.574425469550777,-0.574992667988491,-1.16674809922466,-0.322991900271103,-1.12897085647392,-0.847529416255794,-0.911479754241171
"41d407d2dcd22d6ed303635fcdd94744",0.302983640664951,0.726262604907145,0.58020103508432,-0.0963646332748276,-0.197664918017955,0.141183650547684,0.113362148504686,-0.216132075159531,0.308877295912031,0.20975561511387,-0.362868070891345,-0.307550798813462,-0.332958765051758,-0.287283202796947,-0.0383224986260373,0.285870797549094,0.624310753960485,0.472936539481667,0.0656547376973418,-0.0436449864159041,-0.219924684795272,-0.0751575329993921,0.0560466220370848,0.458985364338497,-0.0670062762328154,0.299650173030407,-1.15332470437142,-0.0812162789578843,0.179434989451505,0.267209114395485,0.329729939371549,0.441929061518481,0.45169853018133,-0.281776867269735,-0.115495387522198,0.134168635813127,0.0647321875258977,-0.0444975287876828,0.248192036587344,-0.903930638159904,0.22052305415591,-0.127533662126058,-0.255815924183059,0.279095018769771,0.0846974344330054,0.38341426523625,0.17222173384173,0.1521049810997,0.635858446021848,0.286882306887517,-0.0146202933206903,-0.257553286834507
"0a4893b9a6062b1e61e27c920e0e38ca",0.169452248040428,-0.121035255480058,-0.348774856317151,-0.0273717617878768,-0.145479164847385,-1.28593270509246,-0.508689110371529,-0.414982933904696,-0.675324641578335,-0.593392460660404,-0.420026484731294,-0.790977448391339,-0.666103211580296,-0.334536087647492,-0.495747345664913,-0.245788913119739,-0.356518499051242,0.0959866016815241,0.0328649148743505,0.48021013764042,0.332143897504768,0.562929870377525,0.548523107134879,0.906297582382162,0.882860751174944,0.846193879398477,0.350752692404857,1.25706886297565,0.850109314159393,0.902087386831455,0.248051908357282,0.567809307407483,0.848795388618978,0.316060133485885,0.5907238746051,0.285399605537051,0.392419594591378,0.260884120763499,0.0485789826833285,0.482363722959986,0.487585839404955,-0.31411961770647,-0.28248417126522,-0.0750767949508426,0.0846974344330054,0.163173473580002,0.118154512571454,0.0284910251325234,-0.41396367847683,-0.563657047423858,-0.377525787010059,-0.431906673979285
"e8b33446e2061105dd7703ad4d1ca443",0.0561235627334247,0.112579595701447,0.19552669664523,0.176928701724854,0.629013655166512,0.994179532049525,0.609341264153683,0.628821118268418,0.0178225389816111,-0.483391565446075,-0.344518932223148,-0.617705727117302,-0.457011413721736,-0.529844839968258,-0.67010073280969,-0.460198784465194,-0.933833864086065,-1.23181155275676,-0.9259854314186,-0.490957204459569,-0.895680122643348,-0.699311842072386,-0.815792347266237,-0.260137302624709,-0.254217818320962,-0.616640558843748,-0.667816888589716,-0.55121990820362,-0.408351675450614,-0.612040345798321,-0.200898311690621,-0.301228539616127,-0.216756037788243,-0.281776867269735,0.374052837796508,0.719685152180708,0.683771395932121,0.881271947041016,-0.742206667440533,0.482363722959986,-0.963247042852506,0.882131140525555,0.711768102078647,0.379178477326754,-0.0348477162167775,-0.179112732906631,-0.133159915709451,0.219546261895233,0.152431796443972,0.635759940366217,0.579586939384352,0.743078593473399
"10aa3fe0c9285b3a9bb386ecca984c5b",0.281930231467118,0.518044703809611,0.735551475103482,0.250259974810403,0.254320205725102,0.568627665374624,0.609341264153683,0.649727803087732,0.120476693041694,-0.260248014131866,-0.614182499172251,-0.510075062924936,-0.222610707882892,0.0491890338242662,0.265058483368847,0.754584935964957,-0.0820816533494817,0.0715951485573649,0.112907622547887,0.0649888545868915,0.269623540523434,0.306210023529712,0.143057999026714,0.634876030802161,0.244773347798026,0.352759998344355,-0.834870973252882,-0.145754800095455,0.201413896170281,0.103579690613683,0.508778170820535,0.578504596524231,0.569481565837714,0.49838169027984,-1.11402421763333,-0.579597831949553,-0.882649131418288,-1.14310981745579,-0.0882802000338687,-1.17219462475458,0.354054446780434,-1.57978599103775,-1.81396054222961,-1.56673167172856,-1.53892511299305,-1.18056127312109,-0.862674740440272,-1.12418848480586,-0.322991900271103,-0.586646565648557,-0.487526682224388,0.147911821273657
"887c20fc1522f1efa2201bb7eea6e3d0",-0.572485096688949,-0.637725998698447,-0.702414896560729,-1.45448811742802,-1.08752239282396,-0.369641973218306,-0.914154218479693,-1.06890940131136,-0.99040568821823,-0.743674663709742,-1.21635790152647,-0.640695245342001,-0.419970142041387,-0.350796608519272,-0.280635966047967,-0.114452911058653,0.0663383517687919,0.272265844019516,0.0328649148743505,0.409829340878621,0.634863847321089,0.889923363044194,0.740061319033757,1.05810359525017,-0.254217818320962,-0.411846146197735,-0.881390988887775,-0.368898351409665,-0.130719938852334,-0.065496639430251,0.248051908357282,0.365943154540558,0.36013133665584,0.192007484815906,0.616366305218438,0.877077325932137,0.56736104408771,0.360967579320481,-0.262633587178646,-0.0235719155118126,0.317686802609559,0.0296519213963546,0.184135359996275,0.498723627976537,0.240858165188288,0.493415160450579,0.476217381785035,0.0152457983825025,0.423077681743185,0.0466024733303199,0.107982028771642,0.26124050658066
"80937954b595781f3c64d11de85175a7",0.363608262481385,0.410624455188774,0.333677035126047,0.46732448004823,0.833229196595203,0.834330831107629,0.395767163855623,0.58564894640321,0.581291896233023,0.390339552009284,0.366646753839475,0.434386545915915,0.157664151396714,0.300503462105173,0.319617467619282,0.464750010152075,0.154307124714749,-0.018788912910904,-0.0911877337956279,-0.147185665356744,-0.000296075588506639,-0.188486218306396,-0.619082053020183,-0.00590316424046833,-0.254217818320962,-0.616640558843748,-0.930181153057207,-0.112964977272465,-0.536185046960498,-0.065496639430251,-0.234799863366303,-0.275910731631837,0.164016457729549,-0.222936367246802,0.053580942521736,-0.390355832311025,-0.138208656470793,-0.25580662245489,-0.262633587178646,-0.24063642074964,-0.23731003946957,-0.610385433849642,-0.635305545887962,-0.768223975510788,-1.23354346344187,-0.892879200669312,-1.11398916872118,-1.00640544914948,-0.973579466412252,-0.764327742886009,-0.693378736428536,-0.873739426258324
"c1ba9460c7bf03aa48206243533697a9",-1.37099279290672,-0.86824965731028,-0.461252839743841,0.0977913811661297,-0.215683423520634,-0.51274281685898,0.134196235407528,0.0424419131341791,0.724392739873696,0.787070980148694,0.754093356444961,0.949962772440504,1.00641867628038,0.890187660783483,0.953521814616367,1.03903598783529,0.8937350578387,0.807044708807999,0.55364086949351,0.720678472611936,0.473222495764674,0.534219764495094,-0.213616944912018,-4.47592794187803,-4.33394851764569,-0.0967650995578397,-4.63783664361074,-4.07153014697646,-4.17301222039889,-4.24977806166928,-4.13886755240553,-4.53365441635329,-4.48644346559878,-4.31878715178074,-4.30913041384367,-1.96589219306944,-4.39160319607966,-4.34021160422627,0.759017660353336,-4.38215295286821,-0.8380838998985,-4.55070637395107,-4.44219194583233,-4.39188131902659,-4.78078161836372,-4.72640999030961,-4.80502358890831,-4.92029132058447,-4.81699563351964,-4.98580026767921,-0.990630259896468,-0.991522461914708
"55a5e9cc5ecbf0ab7005bda5581d4825",0.353755966038374,0.598087411483148,0.763922172232697,0.450930670272554,0.629013655166512,0.935683325367918,0.486738942061351,0.784981849023701,0.395888672901661,0.270380236930304,0.384346330938876,0.183072117635009,0.197669486010413,0.22967740953656,0.146106540507482,0.296127297716283,0.0663383517687919,0.0959866016815241,0.0493942168255614,-0.0273844655441238,-0.412828350919764,-0.293846733964222,-0.48555066039566,-0.371362937734933,-0.947364998880907,-0.37547850202686,-0.930181153057207,-0.288855643736129,-0.73685574242265,-0.444986261135154,-0.606363419798786,-0.251218119041465,-0.14613847057429,-0.410988598749741,-0.662039093890268,-0.46181479629317,-1.34218146079673,-1.00957842483127,0.158579877897657,-1.25223733242812,-0.270099862292561,-4.5615864812791,-1.12081336166966,-4.40276142635462,-1.13346000488489,-0.812836492995775,-0.826307096269397,-0.664656155427422,-0.717646092275052,-0.497699079632061,-0.722366273301788,-0.911479754241171
"e8fca6f4910840f6b7e832d7315406e2",0.850623237553658,-0.402886407621046,0.219918149769389,0.346488006904957,0.0674428323952858,-0.326156861278568,-0.071066890628833,0.0424419131341791,-0.730894492733146,-0.743674663709742,-0.662972663341683,-0.412911314471288,0.236135766838209,-0.171211031544193,-0.0639649292393747,-0.04034493890493,0.309960434426542,0.456269486996455,0.84379513109068,0.607655084208541,0.214360861848385,-0.386937157030234,0.0190053503567356,0.179813981554625,0.0260841468331963,-0.711950738648073,-0.314995513966974,0.404291536823817,0.0863445663854936,-0.119563860700527,0.0614659527768695,-0.597494355759299,-0.529130722830396,-0.281776867269735,-0.115495387522198,-0.713129224574076,-0.459792280598255,-0.380969765408896,0.414513252034858,-0.126226069571896,-0.0603793313104917,-0.106480252928225,-0.367041559293283,-0.431751738889575,-0.622634381118897,-0.515584969527844,-1.02301739051545,0.0544665115357841,-0.685897393960472,-0.32249499060697,-0.0440341785269842,0.307760522215554
"259eb055b09c7c621e62bec9d100d490",-1.37099279290672,-2.08464498163477,-3.1003101693591,-2.14763529798797,-4.99628220233968,-4.94941558330845,-5.14824434563698,-5.0749162875562,-5.0461691725713,-5.11062234851827,-2.74241420502152,-2.09931026804152,-1.33626087391554,-1.12946596251738,-1.31672789773474,-0.677922268310065,-0.638369651192229,-0.297502315379925,0.0328649148743505,0.673794886713086,0.143743294634431,0.75930318062713,-0.340368650551162,0.484303172322786,0.882860751174944,0.481971729824361,1.44006258841065,2.06251961342735,1.54892223225501,1.14110428730195,1.20192535138048,0.650330331095487,0.547008709985656,1.34567955066704,0.564406566287726,0.586153759556185,0.347299159310908,0.34496723797404,-0.644568197876616,0.270189203016351,1.33933805014154,-0.0656582584079706,-0.0647606874203492,-0.930742905008563,-0.743995238123164,-0.979890577658941,-1.26813984854844,-1.41187055725764,-4.86424338501854,-1.3033242436187,-1.30428781875151,-1.68466964247465
"d46e2205f0c6ecf67b51f83d111c509c",-3.16275226213478,-1.59913716585307,-1.89633736503316,-1.85995322553619,-1.5149664076509,-1.28593270509246,-2.6487552738678,-1.92911066653447,-1.39587079632639,-1.64654237525176,-1.78690275999408,-2.09931026804152,-2.81786541483976,-2.15908537969854,-2.616010881865,-2.20939863927445,-2.45365961783048,-1.61480380501286,-2.11556949829244,-1.66961220080122,-2.18353441094999,-1.7979241307405,-0.0594662650847599,-1.12513474011131,-1.38268307013875,-1.51045843486584,0.134529583935221,-1.6010420327023,-1.6813173512635,-1.91132332992858,-2.90894851279283,-1.19220146350599,-1.53243283169418,-4.37239475735236,-1.45049645425454,-1.45506656930345,-1.88117796152942,-1.21721778960951,-1.84081895610864,-2.12770606978202,4.04025173567443,-1.89823972215628,-1.94749193485413,-1.81804610000947,-0.68147488114183,-0.636945826532111,-0.757314224782446,-1.25771987743038,-0.390433181066636,-0.792498619852706,-1.60966946830269,-0.673068730796173
"848da4b6ff9efd964087d8f18b128886",0.181286705687431,-4.91438186481948,-0.191589272794738,-0.054400434175796,-0.234032562188831,-0.809008633002152,-5.18771867786911,-0.18387121294131,-0.597363100108623,-5.15009668075041,-0.501704515745561,-0.139215483994247,0.177866858714234,-0.00732317643907621,0.146106540507482,0.411640184838127,0.100239903444473,0.331106344042449,0.53364020278684,0.470453962695055,0.214360861848385,0.26893862873248,-0.28772491706574,0.306969157039871,0.719231327393142,0.262608901350058,0.364546014537193,0.822495670709411,-4.25973430412992,0.424051585888455,0.602596926038189,0.224864556280652,-4.57316554932982,-4.40550923551178,-4.39585249757471,-0.174132723841389,0.0230594911253297,0.480512729970264,0.364916310895486,0.452510759810305,0.0899028717388464,0.270813978213243,0.184135359996275,-0.431751738889575,-4.86750370209476,-0.0278817631827071,-4.89174567263935,-5.00701340431551,-0.259812998649572,-0.188963597982448,-0.121592412872858,-0.385386658344392
"0d304d624217de6c67a424a0e30b0ad2",-0.477174916884624,-0.986032692966663,-1.30855070013105,-0.201725148932654,-1.17849417102968,-5.01170993334718,-0.856995804639745,-0.830498377866362,-0.415041543314668,-0.46277227824334,0.0548671298086338,0.0289214378077505,-0.0965699869875269,0.0381391976376815,0.226958637136577,0.10560897371815,-0.305225204663691,-0.0743587640657148,-0.149456641919604,-0.060174288367115,0.247883553887028,0.281517410939339,-0.122645166706291,-4.58547004341566,-0.379380961274968,0.0989794775682555,-0.288327266884812,-0.713738837701395,-0.536185046960498,-0.206575237690156,-0.383219868484576,-0.180600551827512,0.0950235862425983,-0.344297224251069,0.217210366303538,0.174173970426827,0.449578008431327,0.08903386383684,0.0485789826833285,0.837566996287262,-0.963247042852506,0.181201819523555,0.280985185986192,-0.819517269898339,0.152750897678021,0.394975087637326,0.13194783470379,0.1521049810997,0.0824732078370616,-0.0437815881379491,0.170113809878648,-0.298375281354762
"a9ba7cae6bed784f83e0ec052af8fd71",-0.43272315431379,0.040606096076357,-0.00926771600078435,0.0495892793482522,-0.585430449026719,-0.7105685601889,-0.470222829543733,-0.613433872628534,-0.572670487518251,-0.547930086583647,-0.0751859984395642,0.108964145481287,-0.515280321845712,-0.242162767516477,0.0230464477502546,0.0152249122498809,0.0663383517687919,0.359277221009146,-0.694183817361276,0.214929001877806,0.352144564211438,0.474201754768841,0.253406056195579,-1.06451011829488,0.189713570614999,0.163517998705827,-4.77109527176569,-0.288855643736129,-0.449173669970869,-0.176722274540475,-1.29951060035873,-1.07441842784961,-0.374980043003138,-0.945071084679999,-0.351884165586428,-0.120065502571113,-0.494883600409525,-4.47347023238122,0.276362913554041,0.233147931336001,-0.780925486058551,-0.451320739219955,-4.57545057398728,-4.52513994718154,0.0986836764077452,0.00660441288846236,0.559987264850493,0.332486673075828,-0.259812998649572,0.0829701175011941,0.34639305221664,-0.0106932089029819
"552b2e6b06aff5e457765df86c108618",-0.929160040627682,-0.553168610670384,-0.672561933411048,-0.977564045337713,-0.789029404267959,-0.775107081326471,-1.10831023292065,-0.589336321049474,-0.334998835641132,-0.149899956963001,0.00485670923397219,0.119893216013478,-0.457011413721736,0.173058515537052,0.135524431176945,-0.0693324757781824,-0.0955046736816216,0.176955664215191,-0.423893487621364,-0.22269321786489,0.0937328740597696,0.50466096225355,0.352778530008784,0.568184656303489,0.662072913553193,0.352759998344355,-0.524716044949042,-0.179656351771137,0.304598132405511,0.374454644749083,-0.0757351687366152,-0.0935891748378817,-0.0385078063819249,-0.0647123620319077,-0.226721022632422,0.267700028437651,-0.5312512445804,0.0679804546390073,0.0485789826833285,0.154676315894506,-0.23731003946957,-0.645476753660913,-0.255815924183059,-0.672913795706463,-0.882145576603981,-0.460015118373033,-0.133159915709451,-1.16674809922466,-0.819428786584994,-1.45747492344595,-0.814739593432804,-1.27920453436649
"d2bd395ce8952085a14c34930aae80e3",-1.77645790101489,-0.42641690503124,-0.672561933411048,0.575121050503938,1.46395874758672,1.83250872245397,0.801232271963788,0.607467993797849,0.955504460837084,0.827190973938118,-0.257507555233519,-0.936159458235836,-1.48286434810742,-1.51723149352614,-2.616010881865,-1.58078997985208,-1.45513078771935,-1.48964066205886,-1.98203810566791,-1.0634763972309,-0.766468391163342,-0.965015007805392,-1.11807321913917,-0.314204523894985,-0.784846069383133,-1.06862568258681,2.14019466349255,-0.838901980655401,-0.919177299216604,-1.75717265010132,-0.343999155331295,-1.88534864406594,-4.70268852386923,-4.53503221005119,-2.36678718612869,-4.54393299709363,-4.6078482543501,-4.55645666249671,-1.84081895610864,-3.73714398221612,-0.675564970400725,-4.76695143222151,-4.65843700410277,-4.60812637729703,-4.99702667663416,-1.99149148933742,-5.02126864717876,-5.13653637885491,-4.1516332967602,-5.20204532594965,-5.1378041297353,-5.09055025620379
"aed191bac0b1c3264208a084af848bed",0.145354696461368,-0.138734832579459,-0.13847944748079,0.400072253039063,-0.128672046531005,0.0283881564023396,0.184458070188416,-0.0229408461286722,-0.648656394496173,-1.09649603833248,-0.740934204811395,-0.551747759325504,-0.789717167547472,-1.24279464782438,-0.911262789626579,-0.527640065260727,-5.25420745565623,-5.19185926626457,-0.110235928766322,-0.0769814066834957,-5.13167358651015,-0.250361622024483,0.673686250088884,-4.70609803120427,-4.56411860697193,-4.50475815993653,0.746915407850708,-4.30170023630271,-4.40318230972514,-4.47994815099553,-4.36903764173178,-4.76382450567954,-4.71661355492503,0.192007484815906,-4.53930050316992,-0.202303600808086,-0.494883600409525,-0.380969765408896,-5.27084801566733,0.482363722959986,-1.27340197115635,0.597029714667266,0.233732301135647,0.394926834294893,0.522497923184106,0.103454238878379,-0.115460338610051,0.907243837687614,0.125032822255857,0.343501200887024,0.294567984352054,0.330233378067612
"149550abac2acbfef6d5ae32d4103fcd",-0.572485096688949,-0.402886407621046,-0.13847944748079,-0.707273715597801,-0.372869007043047,-0.48742500887469,-0.177834866054539,0.355125287791378,0.328877962618701,0.299367773803557,-0.2914091069092,-0.573253964546468,-0.816385414629634,-1.12946596251738,-0.34732734054664,-0.48217769118397,-0.00512061221335269,-0.179719279723542,-0.0361279566126003,-0.283317839681324,0.167840846213491,0.0738780461610951,0.0740651275397632,0.0341021703732309,-0.784846069383133,-0.529629181854118,-1.36096406914966,-0.838901980655401,-1.32464240732477,-0.484206974288436,-0.383219868484576,0.269316318851487,0.43911974797447,0.0503569677528795,-0.351884165586428,-0.120065502571113,-0.393100906099582,-0.285659585604571,-0.294894449396867,-0.601649766286971,-0.304001413968242,-0.610385433849642,-0.757907867980295,-0.505859711043297,-1.04248822667916,-0.158910025589111,-0.308364004734543,-0.613362861039871,-0.219807664035872,-0.236972817168808,-0.637808885273726,-0.199284378710531
"868e0165fe32a8925b7f20afa5e1dbfc",-0.349341545374739,-0.138734832579459,-0.247678739445782,-0.0681937563081316,-0.351815597845214,-0.150952772253476,-0.45153069653158,-0.771657877843429,-0.548572935939191,-1.13571675148577,-0.567662483537358,-0.450651642454135,-0.598661930784763,-5.39199787253076,-5.35145993952842,-0.575268114249981,-0.42927785333367,-5.22030490624989,-4.92975061099155,-5.03995620604095,-0.797240049830096,-4.99397031984576,1.88644388397055,-4.7345436711896,-4.59256424695726,-4.53320379992186,2.05043748268674,-4.33014587628803,-4.43162794971046,-4.50839379098085,-4.3974832817171,-4.79227014566486,-4.74505919491035,-4.57740288109231,0.390053179142949,0.369482722747593,0.104737522139597,0.00202248684720985,-5.29929365565266,-0.181795920726707,-0.49324341360677,-4.80932210326264,0.0768898296426777,-4.65049704833816,0.152750897678021,0.40640378346095,0.0755948981526586,-0.112587573127382,0.0968619452891613,-0.396602962760692,0.120721054549072,0.425543557871936
"8d3bc0c87310dd53c52059e01c9eabbc",-1.08331072045494,-0.608738461825195,-0.414732824108949,-1.04902300931986,-0.416354118982786,-0.305103452080735,-1.07321891310938,-0.375762220751415,0.0832052982444624,0.0880586801363501,0.0425970372168196,0.162452830432273,0.126573564326683,0.123297005977989,-0.131104232077004,0.243759312198967,0.0312470319575215,0.231022885485467,-0.729275137172546,-0.347856360818896,0.290900938970719,0.230224116551789,-4.28446139588701e-05,0.127628228384055,0.00361129098113766,-0.0700968524756784,-1.03554166871503,-1.06204553196961,-0.988170170703556,-0.23734689635691,-0.711723935456612,-0.499054282946046,-0.40396757987639,-0.733761991012793,-0.494985009227102,-0.46181479629317,-0.459792280598255,-0.604113316723105,0.0485789826833285,-0.441307116211791,-0.726858264788276,-0.799627433488171,-0.948963104743004,-0.873584491168614,-0.489102988494374,-0.179112732906631,-0.0809741625388813,-0.638680669024161,-0.514047137033812,-1.05200981533779,-0.782990895118223,-0.83737178208745
"e25ef47f374d93454b340499c284a37e",-0.547792484098578,-1.96686194597839,-1.71401580823921,-0.45303957721356,-2.43125713952505,-5.18709537343821,-1.3050205271667,-2.71756802689874,-0.675324641578335,-0.18020530645833,-0.420026484731294,-0.243012277675891,0.0835561792429917,-0.092222620225562,-0.248887267733387,-0.0261603039129739,-0.305225204663691,-0.315520820882603,-0.211332045637691,-0.22269321786489,-0.599414306500176,-0.386937157030234,-1.64870147020134,-0.762229246421945,-0.7360559052137,-1.40509791920802,-0.790419210682048,-0.368898351409665,0.343064413233308,0.374454644749083,0.0354904663736089,-0.668953319741444,-0.374980043003138,0.247067261998934,0.550983545955587,0.231332384266775,0.161895935979546,0.243184543664098,-0.454524594988751,0.154676315894506,0.24072576147343,0.270813978213243,-0.492204702247289,-1.56673167172856,-0.0671085784349987,-0.199732020109366,-0.420841988161233,0.0415631066998765,-0.0572887345380977,-0.188963597982448,0.251082872412315,0.26124050658066
"9b13767ad70a5aba75dfb8ab53b41a60",0.0953442758867062,-1.27371476541844,-0.764935253542063,0.10948742092932,-1.13197415539479,-0.462732396284318,-0.329640878922543,0.115645317157474,-0.436094952512501,-0.525951179864871,-0.10335687540626,-0.431603447483441,-0.268420243914187,-0.384133028786864,-0.456526632511631,-0.956635670779086,-0.661900148602423,-0.228509443892974,-0.450561734703526,-0.304371248879157,-0.625389792903436,-0.804672357730213,-1.64870147020134,-0.853201024627672,-0.602524512589178,-0.616640558843748,-0.399552901995036,0.303195419952448,0.0616519537951219,-0.119563860700527,-0.306258827348448,-0.468282624279293,-0.794833888563402,0.0718631729738428,-0.256573985782103,-0.0199820440141307,-0.0204256208144091,-0.414871317084577,-0.644568197876616,-0.0995578224897349,-0.23731003946957,-0.240011645552748,-0.155732465626076,-0.768223975510788,-0.37131995283799,-0.433346871290872,-0.632151081828439,0.186394054578332,-0.200389578178771,-0.00404125948843514,0.405233552239573,0.384300599337887
"0c7670c78174029f9a51b3ea18daa319",0.120662083870996,-1.4560363222124,-1.71401580823921,-0.761340936868077,-0.927179742748776,-0.809008633002152,-0.702845124812486,-0.800645414716681,-1.51365383198278,-1.05875571034964,-1.3073296797322,-0.450651642454135,0.0386047913807257,0.22967740953656,0.255668743019008,-0.129957097594618,-0.615380132967531,-0.857118103315348,-1.17110788945159,-0.465639396475279,-0.525306334346454,-0.411629769620605,-1.75406198585917,-1.18967326124888,-4.62226733001074,-0.449586474180582,-0.667816888589716,0.116609464372035,0.36175654624546,-0.301885417494481,-0.711723935456612,-0.873747732387457,-1.29127077487729,-0.482447562731886,-0.115495387522198,0.369482722747593,0.490400002951581,0.278275863475368,-0.380416622835029,-0.74141170866213,0.22052305415591,-0.31411961770647,-0.367041559293283,-0.545080424196578,0.712366685613444,0.428876639313008,0.318825208033606,0.1521049810997,-0.144300111527727,-0.204711954950587,-0.2056755300834,0.134488800941517
"9c190e263c6058544027bc229643bb29",-0.150490686629574,-0.500524877184962,-5.14216408241798,-0.319508184589037,-0.485346990469737,-0.679796901522146,0.164655442892237,0.0550206953410388,-0.394422256111933,-0.525951179864871,-0.362868070891345,-0.530694350127672,-0.556102316365967,-0.418619204858033,-0.400437165860588,-0.651254021227904,-0.507749468775165,-0.163970922755403,0.0493942168255614,-0.203275132007788,-0.0885886827341853,0.203555869469628,-0.655449697191057,0.196621099871006,0.0695692587729351,-0.0441213660724178,-4.9308373117294,-0.0812162789578843,-0.25993167033234,-0.26909559467149,0.00882221929144755,-4.82665508447195,0.18054575968076,0.028378061034104,-0.42087703707338,-0.0199820440141307,-0.393100906099582,0.0244953426992685,-0.216113571543754,0.113003619493938,-0.452421419086515,0.227011355554849,0.249732642482088,-0.126370089338393,-0.306781431700419,-0.382053576903321,-0.169527559880327,-0.541042199460245,-0.685897393960472,-5.27880093579787,-0.297483079336522,-0.385386658344392
"f36c50279a8fa1c121cb9dda1ab1cb42",-5.25306806980266,-0.138734832579459,-0.702414896560729,-0.250515313102087,0.298771968295935,-0.26428145756048,-5.41468765551418,-0.0928994347355827,-0.159108169177467,-0.260248014131866,-0.0751859984395642,-0.243012277675891,-0.0834979054201739,-0.144182359156273,-5.40653527159296,-0.417639170046398,0.00714948037846153,0.107962792728239,-0.660282265685594,-0.32587745410012,-0.104092869270151,-5.04904565191029,-5.01207366007041,-4.78961900325413,-4.6476395790218,-0.0441213660724178,-4.95152770498685,-4.38522120835257,-4.486703281775,-4.56346912304539,-4.45255861378164,0.194092897613899,0.19680628055254,-4.63247821315685,0.254251637983888,-0.0440795955931912,-4.70529425745577,0.0244953426992685,0.137526468699825,0.113003619493938,-0.49324341360677,0.379027562853475,-4.75588300720844,0.48453899298458,0.204044192065571,-0.0455813402821077,-0.098068595898182,0.0672055373132139,-0.259812998649572,0.0341799533317619,0.228610016560257,-0.0264415658711208
"ac5d3573c9d359127ab8ba3c0ff67142",-0.894068720816411,-1.76619125051624,-1.63397310056567,-1.85995322553619,-1.27857762958666,-1.69139781320063,-1.87556538563432,-0.959710109346368,-1.6471852246073,-0.987296746367492,-0.567662483537358,-0.573253964546468,-0.268420243914187,-0.334536087647492,-0.131104232077004,-0.177966316780978,-0.28869590271248,0.14305411253951,-0.129654014623424,-0.0113841241976829,-0.0885886827341853,0.342142032755775,0.282819941401873,0.556623833902413,0.496087776078932,0.674343622471817,-0.593708916435994,-0.112964977272465,0.380105684913657,0.304250386075835,0.182093940565484,0.630329664388817,0.797059714219789,-0.0647123620319077,0.0311080866696773,0.30279134824892,0.283785753588583,-0.449962636895847,-0.246885230210507,-0.153625043760011,0.455837141090376,-1.20509254159634,-1.18535188280723,-1.36606097626641,-1.61303308514677,-1.12649405185082,-1.38592288420482,-1.90434704235544,-1.10711085903678,-1.3033242436187,-1.35835504002179,-1.77168101946428
"f672aa3aea2d03f0b297739022e9b716",-0.102481467443214,-5.18724885148612,-5.208752484697,0.13247693915402,-0.534137154639169,-5.26175690220722,-0.150055301947464,-1.10813011446464,-0.374219548794413,-0.570402942435706,-0.132344412279513,-0.153400118986204,0.0944852497751825,-0.104961646002992,-0.103705257888889,0.345888807275347,-0.0301219144187703,-0.451652995207183,-0.397918001218104,-0.32587745410012,-5.26109256758158,-0.604001662268062,-5.05797166909198,-4.8355170122757,-4.69353758804336,-4.63417714100796,-4.99742571400842,-4.43111921737414,-4.53260129079657,-4.60936713206696,-0.343999155331295,-4.89324348675097,-4.84603253599646,0.028378061034104,0.307361463297835,0.134168635813127,-0.0204256208144091,0.169076571510376,0.105091192946671,0.113003619493938,-0.413200705933234,-0.366763351191892,-0.309883145453334,-4.75147038942427,-0.207690529056188,-0.158910025589111,-0.15117842121213,0.116598292642791,0.111046580281117,0.0948045751481974,0.395664101223423,0.0200784497637718
"a554015845e41971da76224984ba3c3f",-0.706016489313472,0.763167161842596,0.977227274546619,0.187739617829069,0.401956204531166,0.0578020416086336,-0.508689110371529,-0.375762220751415,-0.954038044047355,-5.46249450617369,-1.3073296797322,-5.50021561990571,-5.50714732543022,-5.53250205237351,-5.49196411937116,-5.35171578245579,-5.42315727548429,-0.921656624452919,-5.0702547908343,-0.599170789099802,0.119050682044059,0.133597280862718,-0.26240710908145,-4.87504785103234,0.00361129098113766,0.75822510645252,-5.03695655276505,-4.47065005613077,-4.5721321295532,-0.26909559467149,-4.53798746155985,-4.9327743255076,0.0950235862425983,-4.71790706093506,-0.169562608792474,-0.46181479629317,-0.361352207785002,-0.524070609049569,-5.4397978354954,1.20449844039318,-1.27340197115635,-4.94982628310539,-0.459414879424298,-4.79100122818091,-0.265959437180164,0.323516123655182,0.559987264850493,-0.0255761961377523,-0.0572887345380977,-0.071180562326064,-0.029219092741843,-0.218332573681226
"289b013e05ce05084c771e1d951d8f97",-0.6237783910765,-5.23439877471919,-0.980046633159009,-0.413034242599861,-0.234032562188831,-0.679796901522146,-0.0460655884234153,0.183853567184007,-0.479580064452239,-0.365608529789692,-0.638280050751312,-0.227508091139926,-0.620640837503538,-0.384133028786864,-0.418786304528784,-0.854852976469143,-0.136889889844476,-0.431033708004448,0.158028057828357,0.135940590559176,-0.311732234048395,-0.188486218306396,-5.10512159232505,-0.160053844067726,-4.74068751127644,-4.68132706424104,-5.04457563724149,-0.179656351771137,-4.57975121402964,-0.567588583227487,-0.657656714186337,0.0956528248006463,-0.0183050990644054,0.172959289845212,0.00811856844497871,-1.19270230483596,-0.393100906099582,-0.604113316723105,-0.115308872421788,0.35720058000598,-0.452421419086515,0.0653700039984337,-0.28248417126522,-0.180437310608669,0.0561240619889496,-0.738728520842054,-0.226685973720275,-0.638680669024161,-0.625272772144037,-5.39253926130996,-0.637808885273726,-0.703840389462927
"e68c674b1a1a7605afd87276062dc93e",-0.390163539894994,-0.272266225203982,-0.286899452599064,-0.848352313857707,-0.351815597845214,-0.7105685601889,-0.528491737667709,-0.319672754100371,-0.572670487518251,-0.525951179864871,-0.344518932223148,-0.664225742752194,-0.871955265784444,-0.655007982922264,-0.646570235399496,-0.599960726840353,-0.685997700181484,-0.857118103315348,-0.595743744548023,-0.97646502024127,-0.549403885925514,-0.634773320934815,-0.424926038579225,-0.463736257865949,-0.0429087246537549,-0.529629181854118,-5.06827686760868,-0.411457965828461,-0.130719938852334,-0.444986261135154,-0.894045492250567,-0.499054282946046,-0.464592201692825,-0.642790212807066,-0.226721022632422,-0.146733749653275,-0.0204256208144091,-0.0685950803667432,-0.768182153843793,0.0240561334774418,-0.339092733779512,-0.0458556311117908,0.131949606825705,0.167869383659547,-0.0508480575632184,0.219526410131134,0.13194783470379,-0.775881790537646,-0.41396367847683,-0.456026383231493,-0.814739593432804,-0.911479754241171
"36b97543fe5f44e30f46474e8c99f62e",-1.08331072045494,-0.945210698446408,-1.55986512841195,-0.977564045337713,-5.38585819762051,-5.33899157858928,-1.66792602085607,-1.84209928954484,-1.98365746122851,-0.88885667355424,-5.51118267607621,-1.45745638186912,-0.816385414629634,-1.46593819913859,-1.0065729694309,-0.823104278154563,-1.10373290088146,-0.99064949593987,0.307968205119272,-0.658011289122735,-1.69802659516829,-1.26729587967833,1.97029185644843,-0.565518952175891,-4.77077226442542,-4.71141181739002,1.74740984056029,0.141927272356325,-0.582705062595391,-0.525028968808691,-0.383219868484576,-1.39984082828424,-1.15773938225277,-0.887912670840051,-0.980492825008803,-0.813212683131059,-0.993874766528513,-0.948953803014835,-5.47750167312082,-1.43455888922207,-1.03223991433946,-1.1444679197799,-4.87901569261206,-4.82870506580633,-0.489102988494374,0.14857467415885,-0.420841988161233,-0.207897752931707,0.566865574534896,-0.32249499060697,-1.15768434455963,0.989479006951876
"04b4ed8ceabf387ba2caa3e54509965d",0.701480079457022,-0.945210698446408,-1.25448347886077,-0.155205133297762,-1.08752239282396,-2.09686292130879,-0.726942676391547,-1.10813011446464,-1.24172011649914,-1.52137923229775,-1.21635790152647,-0.967908156550417,-0.738423873159922,-1.2035739346711,-0.770184191366673,-0.376817175526143,-0.903062205419312,-0.561653890421512,0.415857167130457,-0.060174288367115,-0.861778570967667,-1.05598678601112,-0.955554289641396,-1.18967326124888,-0.645084127007974,-0.711950738648073,0.0443784869409241,1.09743871738376,0.201413896170281,0.103579690613683,0.0614659527768695,-0.969057912191782,-0.985889125326111,-0.0894049746222794,-1.26817489746058,-1.04960146119529,-0.882649131418288,-0.737644709347628,-0.216113571543754,0.00052563606724787,0.279946474626712,0.0476704268990331,-0.635305545887962,-4.83910377302722,-5.22800407236435,-1.12649405185082,-1.51945427682934,-0.294909129921336,-0.390433181066636,-0.11374017674486,0.133299836755931,0.48438405789487
"c619014dce44f401c196cf7f60af4e54",0.550819804569532,-1.4560363222124,-2.00169788069099,-0.233986011150876,-2.02579203141689,-2.23039431393331,-0.656325109177593,-2.53524647010479,-2.67680464178846,-2.05200748335992,-1.5186387733994,-1.26640114510641,-0.150637208257803,-0.491378559140462,-0.0510615244034671,-0.012174061938234,-1.14147322886431,-0.767505944625661,1.07431878970251,0.276297948254098,-0.967139086625493,-0.922455393386596,-2.34184865076129,-1.41281681256309,-0.44837383276192,-0.306485630539909,-0.288327266884812,0.930384632720596,0.0616519537951219,-0.0142033450427004,-0.0185767548966669,-0.92026774802235,-2.32089019205845,-0.312548525936489,-0.980492825008803,-0.924438318241283,-0.138208656470793,-0.563291322202851,-0.380416622835029,0.30590728561843,0.548210461221391,0.607286214834456,-0.459414879424298,-1.12489891944952,-5.24153472228935,-2.46149511858316,-1.96128702910838,-0.901044933491652,-1.84904820376615,-0.634274614637811,-0.259742751353675,0.0200784497637718
"93511a07736bc1b8ec2f933852cf38ba",-0.735004026186724,-0.762889141652453,-0.764935253542063,-0.943662493662031,-1.04496277840516,-0.775107081326471,-1.22163891822765,-0.301654248597693,-0.191897992000459,0.398997614752398,0.65209418848984,0.162452830432273,0.528523730327403,0.309014151773082,0.379721391688987,0.188496633523918,-0.24068668352612,-0.3338699595508,-0.300279531654188,-0.896422312567733,-0.736615428013661,-1.00946677037623,-1.38633720573385,-0.719669632003149,-1.00798962069734,-1.30978773940369,-5.11692019968035,-0.838901980655401,-0.988170170703556,-0.86986945510042,0.0614659527768695,-0.353872273101548,-0.672231566471069,-0.6872419753779,-1.18813218978705,-0.924438318241283,-0.831355837030738,-0.891795389174887,-0.262633587178646,-1.5399194048799,-0.963247042852506,-2.36824335140202,-0.897669810355453,-1.27904959927678,-1.78008716980994,-1.58602638122926,-1.11398916872118,-1.5941921140516,-1.44358309565799,-1.78289732388058,-1.30428781875151,-1.07853383890434
"9989d74d098a74794ff16b8ffcbe7de4",-0.291072637250763,0.656195042290428,-0.155871190192659,0.10948742092932,-0.639497670296995,-0.438634844705258,-0.206408238498595,-0.249468495427123,-1.10818872387461,-0.799244514864553,-0.917864912970473,-0.617705727117302,-0.738423873159922,-1.12946596251738,-0.973783146607913,-1.34440120178785,-2.45365961783048,-2.02026891312103,-0.694183817361276,-1.75662357779084,-1.31853697346338,-2.49107131130044,1.32171299536836,-4.96482309227923,-3.08743116237718,-2.32138865108217,0.551423387867009,-1.34972760442139,-4.66190737080009,-4.73867321207048,-1.81033622412472,-1.02035120657933,-2.54403374337266,-1.21333507127468,-0.351884165586428,-1.2727450125095,-1.11903790948252,-0.891795389174887,-1.41003604001619,-0.692621544492698,-1.59185570227488,0.227011355554849,-0.0867395941391247,-0.719433811341356,-0.514420796478664,0.0234115312048431,-0.397311490751039,-0.390219309725662,0.2672073110364,0.0341799533317619,-0.278434884365828,-0.0264415658711208
"c3b9e67755c1877b5055fcf237ee8a2c",0.204543567851698,-0.252063517886463,0.0915369831211814,0.491422031627291,0.372103241381485,0.8988693522452,0.7468710627449,0.468784606263899,-0.0815499348315933,-0.260248014131866,-0.32650042672047,-0.967908156550417,-0.495477694549532,-0.569850174581957,-0.601107861322739,-0.417639170046398,-0.998372385223636,-1.23181155275676,-1.7588945543537,-1.44646864948701,-5.42363832075394,-1.70261395093617,-5.22051742226433,-4.99806276544806,-4.85608334121572,-1.62824147052223,-5.15997146718077,-4.59366497054649,-4.69514704396892,-4.77191288523931,-4.66100237597556,-5.05578923992332,-5.00857828916881,-4.84092197535077,-4.8312652374137,-4.84982276239322,-4.91373801964969,-2.68355485840294,-1.36124587584676,-1.65770244053628,-4.7893550286229,-0.681844397831787,-1.49550681111107,-1.56673167172856,-1.61303308514677,-0.703637201030783,-1.26813984854844,0.241052467116196,0.291017959730119,-0.2874036707957,-0.722366273301788,-0.144224601527504
"a1b5c22937f5d5a044f7d3d1769975c3",-0.43272315431379,-1.21964754414817,-1.71401580823921,-0.655980421210251,-2.27710645969779,-1.87371936999458,-0.569313732187963,-1.06890940131136,-1.80133590443456,-1.35886030279998,-0.886116214655893,-1.22384153068762,-0.738423873159922,-1.12946596251738,-0.942034448293332,-0.460198784465194,-1.35504732916237,-1.23181155275676,-0.211332045637691,-1.01902463466007,-1.42976260857361,-2.02106768205471,1.53351037029527,-5.02635627409067,-1.47799324994308,-1.22277636241406,0.810285021783298,0.00839587973180267,-0.854638778079033,-0.86986945510042,-0.424041863004831,-1.25673998464356,-0.985889125326111,-0.410988598749741,-0.757349273694593,-1.67821012061766,-0.459792280598255,-1.38427187427268,-1.10993144756585,-1.25223733242812,-0.963247042852506,-0.240011645552748,-0.0867395941391247,-1.27904959927678,-0.37131995283799,0.0234115312048431,-0.444939539740293,-0.159107588762275,0.138826144388193,-0.158191939315694,-0.2056755300834,0.134488800941517
"1a226ce3860520d178a1fef1d5ef6ed4",-0.477174916884624,-1.27371476541844,-1.30855070013105,-0.761340936868077,-1.38980326469689,-0.99825063264068,-0.82959683045163,-0.56580582363928,-0.918946724236085,-0.987296746367492,-0.662972663341683,-1.06969085086036,-0.871955265784444,-1.37062801933427,-1.57455700703684,-1.2931079074003,-5.58222197011398,-5.51987378072232,-5.22931948546398,-1.66961220080122,-0.679457014173712,-1.00946677037623,-0.190086447501824,-5.03411254566203,-4.89213312142969,0.792126658128201,0.293594278564909,0.32424882915028,-0.369130962297332,-4.80796266545328,-0.768882349296561,-0.969057912191782,-0.634491238488222,-1.00569570649643,0.405801536111088,0.624374972376382,0.316046615806804,0.480512729970264,-1.07356380339498,-0.0995578224897349,-0.413200705933234,-0.31411961770647,-0.635305545887962,-0.46811938306045,-0.265959437180164,-0.852057206149057,-0.757314224782446,-0.638680669024161,-0.43806123005589,-0.358862634777845,0.43340442920627,0.503252542199252
"b33a05a84db41534fb328a963611580f",0.0824408710507987,-0.762889141652453,-0.866717947852006,-0.607190257040819,-1.13197415539479,-0.206012549436504,-0.281631659736183,0.115645317157474,0.120476693041694,0.336755305875177,0.545987682495292,0.442291725423028,0.351820165837672,0.366643264609718,0.197399834895033,-0.04034493890493,-1.06736525671059,-1.43248224821891,-1.22826630329153,-1.75662357779084,-2.0657513752936,-2.71421486261465,-5.28476986129439,-2.5114291012312,-4.92033578024577,-4.86097533321037,-5.22422390621082,-4.65791740957655,-4.75939948299897,-4.83616532426936,-4.72525481500562,-5.12004167895337,-5.07283072819887,-4.90517441438083,-4.89551767644376,-2.37135730117761,-2.21765019815063,-1.83625699801574,-0.879407788954017,-1.33924870941775,-4.85360746765295,-1.67509617084207,-1.40849543412144,-1.19900689160324,-1.08693998924999,-0.636945826532111,-1.06746915308628,-0.970037804978604,-0.750435915098043,-0.586646565648557,-0.336703792489804,0.0499314129134536
"ba0a5157f621548f0a487dc25bf3fada",-5.53150152141678,-5.41978429407867,-5.44128792728955,-5.62057991689455,-5.54115896383101,-1.04081024705948,-0.528491737667709,-0.266562928786423,0.565787709697058,0.579881356776725,0.492334969002972,0.00482388622869045,0.384881028098559,0.220460754431636,0.328428097301437,0.0806076715127322,0.122218810163249,-0.018788912910904,-5.26325939467021,-0.304371248879157,-0.185438508724102,0.0266251613105499,-0.732410738327186,-0.639626924329613,-4.92607303063592,-4.86671258360051,-5.22996115660097,-4.66365465996669,-4.76513673338912,-1.40049770616259,-4.73099206539576,-5.12577892934352,-5.07856797858901,-4.91091166477097,-4.9012549268339,-4.91981245181342,-4.98372770906989,-4.9323361172165,-0.201075694179213,-2.12770606978202,-4.8593447180431,-5.1428308869413,-5.03431645882256,-4.98400583201682,-1.28761068471215,-1.58602638122926,-0.900415068423119,-1.52965359291403,-1.26126153886403,-0.851339119875639,-0.356906499807323,0.0499314129134536
"66950cf19482c3f3ee1b7971a304e6c4",-0.547792484098578,-0.86824965731028,-0.437722342333647,-0.301808607489637,-0.416354118982786,-1.61135510552709,-0.751635288981918,-1.49379259527663,-0.918946724236085,-0.828232051737805,-1.17379828710767,-1.62930663879578,-1.59408998321764,-1.57129871479642,-1.92286370130506,-0.705321242498179,-0.661900148602423,-0.796493481498913,-1.98203810566791,-0.416849232305847,-0.574096498515886,-0.168683591010216,-0.367767624739276,-0.342375400861681,-0.413282512950649,-0.152334950712651,-0.881390988887775,-0.179656351771137,0.156962133599447,-0.26909559467149,-0.606363419798786,-0.327204026019387,0.244059165403085,-0.410988598749741,0.272270143486566,-0.261144100831019,-0.163526464455082,-0.691124693712735,-0.742206667440533,-0.404939472040917,0.112892389963545,-1.08730950593995,-1.25434475429419,-1.19900689160324,-0.0508480575632184,-0.382053576903321,0.0311431355818241,-0.970037804978604,-0.367443662841937,-0.851339119875639,-0.814739593432804,-1.07853383890434
"ac8ef36c8cdc2b87bf3d486a0c629706",-1.55331434970068,0.040606096076357,-0.797725076365054,-0.707273715597801,-0.128672046531005,0.366990319281378,0.387798994206447,-0.152618669437206,1.07504961148687,0.354937624958367,0.202024774144921,-0.790977448391339,-0.763741681144212,-0.798108826562937,-0.557622749383,-1.06996435608609,-0.638369651192229,-0.71193609347085,-1.42242231773249,-1.321305506533,-1.17193349927151,-1.21013746583838,-1.11807321913917,-0.762229246421945,-1.83466819388181,-1.40509791920802,-5.2357315130623,-4.66942501642803,-4.77090708985045,-1.50585822182042,-1.40487111601656,-1.88534864406594,-5.08433833505035,-4.91668202123231,-1.67364000556875,-1.45506656930345,-1.74764656890489,-1.38427187427268,-1.6331795913304,-2.12770606978202,-1.7253870948994,-1.49277461404812,-1.25434475429419,0.127864049045848,-0.776785060946155,-0.407371384887611,-0.632151081828439,-0.901044933491652,-0.41396367847683,-0.851339119875639,-1.02985097304975,-1.12505385453923
"4da1ab0190b065b4136bce78f2a475b7",0.192982745450622,-5.42961380369246,-5.45111743690334,-0.789511813834773,-5.55098847344481,-5.50412185441357,-5.7029506167421,-1.1489521089849,-1.6471852246073,-1.58200385411419,-5.6763129519005,-5.70304973335543,-0.349765883368138,-0.334536087647492,-0.796852438448834,-0.177966316780978,0.122218810163249,-0.431033708004448,0.828869480874004,-0.465639396475279,-5.50345751978793,-5.33730861313821,-5.30033662129833,-0.762229246421945,-4.93590254024971,-4.87654209321431,0.0253302919702296,1.05821800423048,0.398124190416335,-0.26909559467149,-4.74082157500956,-5.13560843895732,-5.08839748820281,0.0718631729738428,-0.142163634604359,-0.425447152122295,0.0849348948434172,-0.226819085581638,0.0940413567600862,0.0240561334774418,0.22052305415591,0.441159343960482,-0.459414879424298,-4.99383534163062,-0.188998396044036,-1.12649405185082,-1.26813984854844,-0.191368450980496,-1.26126153886403,-5.58775429028324,-0.398579196207892,-0.456004225558345
"7d2c0bf77d1048b740a0eb47b3f80c23",-0.291072637250763,-5.43954089251474,-0.510043003913273,-0.910872670839041,-1.38980326469689,-5.51404894323585,-0.944007181629374,-5.63954964748361,-1.10818872387461,-1.21909836042482,-1.13297629258742,-5.7129768221777,-5.71990852770221,-0.935309948076422,-1.14967381307158,-0.887642799292134,-0.339126756339373,-0.516191516344755,-0.842603822479549,-0.628158325973054,-0.311732234048395,-0.922455393386596,-0.655449697191057,-0.0475758606410364,-0.379380961274968,-0.273695807716918,-5.24971775503704,-0.0504446202911306,0.133972615374748,0.407791065016675,0.309927312075369,0.224864556280652,0.0770050807399199,0.0503569677528795,0.307361463297835,0.113549348610392,-0.330580549118249,-0.0444975287876828,-5.65255903776739,-0.601649766286971,0.199903766953175,-0.264109197131809,-0.229840437779798,-0.719433811341356,-0.567064529964086,-0.812836492995775,-0.9396357815764,-0.638680669024161,-0.685897393960472,-0.304795413507569,-0.75221923645147,-0.506014646133007
"4c8746f3547392b9c03247cbb43cc244",-1.17032209744457,-0.730099318829462,-0.643574396537796,-1.12598405045599,-0.271772890171678,-0.775107081326471,-1.14467787709153,-0.994801429157639,-0.730894492733146,-1.13571675148577,-0.688290471325973,-1.06969085086036,-1.33626087391554,-1.57129871479642,-1.57455700703684,-1.39846842305812,-0.998372385223636,-1.14480017576713,-1.11704066818131,-1.75662357779084,-1.96039085963578,-1.39245902263233,1.5293523601466,-1.33277410488956,-2.68196605426901,-1.62824147052223,1.67250853238718,-1.06204553196961,-1.54778595863898,-2.31678843803675,-0.466601477423627,-1.32573285613051,-1.36537874703101,-1.38038915593784,-0.757349273694593,-0.985062940057718,-0.782565672861306,-1.58494256973483,-1.36124587584676,-1.17219462475458,-1.27340197115635,-1.67509617084207,-1.12081336166966,-0.0027561333712165,-0.440312824324942,-0.179112732906631,-0.826307096269397,-0.868255110668661,-0.322991900271103,-0.913859476856973,-0.356906499807323,-0.058702428089342
"d3b3be305047d5f15ae23ce7a43bfc82",0.0824408710507987,-5.45075375711754,-5.47225739032842,-5.65154937993343,-5.57212842686988,-5.52526180783865,-5.72409057016718,-5.6507625120864,-5.6220153971015,-5.68646857304848,-5.69745290532558,-0.0978302678313927,0.0500334872043489,-5.7564761192483,-5.71593818624595,-5.57568984933058,0.379553726225738,0.0838652411491791,1.65225315816162,0.367269726459825,-5.52459747321301,-0.634773320934815,-5.3214765747234,-5.09902191790713,-4.95704249367479,-4.89768204663939,-5.26093061963984,1.09743871738376,0.562427241707611,0.678943835517245,0.792353461319662,-5.15674839238239,-5.10953744162789,-4.94188112780985,-4.93222438987278,-4.9507819148523,-0.425890728922573,-0.316431244271325,-5.66377190237019,-0.692621544492698,0.548210461221391,0.227011355554849,-5.06528592186143,-5.0149752950557,-0.13493117477376,-0.979890577658941,-0.791215776458127,0.104476932110446,-5.44008960954874,-5.60889424370831,-0.356906499807323,-0.768378910600498
"ace403a774c89bf097b07f3c27a52df9",-1.62230722118763,-0.831882013139405,-0.90308559202288,-1.20936565939504,-0.726509047286625,-0.0819599007665257,-0.548694444985228,-0.414982933904696,0.168104742030948,-0.164937834327541,-0.11774561285836,-0.0711620207492318,-0.0578554748068365,0.19228987746494,0.207350165748201,-0.161705795909198,-0.410585720321517,-0.538664372196813,-0.803383109326268,-0.688782947789489,-0.2926840390777,-0.250361622024483,-0.773232732847441,-0.463736257865949,-1.14152101332186,-0.411846146197735,-5.2621182682355,-1.75519271252956,-2.01778958788471,-1.06402546954138,-0.711723935456612,-0.706693647724291,-0.885805666769128,-1.13922709912096,-1.11402421763333,-1.19270230483596,-1.42919283778636,-0.948953803014835,-0.644568197876616,-0.846772224319956,-1.59185570227488,-1.67509617084207,-1.94749193485413,-1.12489891944952,-1.23354346344187,-1.36288282991505,-0.9396357815764,-1.99965722215976,-1.20719431759376,-1.3033242436187,-1.30428781875151,-1.39698757002287
"f52ef9e9d534b765b5b0300d5ed37442",-0.929160040627682,-0.402886407621046,-0.414732824108949,-0.655980421210251,-0.82181922709095,-0.844099952813422,-0.776953096966208,-0.455804928424951,-0.789734992756079,-0.616922958070598,-0.688290471325973,-0.738333714905917,-0.332958765051758,-0.334536087647492,-0.0133211964206197,-0.21130273704857,-0.2724353818407,-0.371610287533647,-0.47796070889164,-0.283317839681324,-0.828988748144676,-0.965015007805392,-1.24323636209318,-0.901991188797104,-0.890206585040959,-0.616640558843748,-1.4410067768232,-0.713738837701395,-0.988170170703556,-0.612040345798321,-0.424041863004831,-0.438429661129611,-0.101686708003456,-0.833845449569775,-0.862709789352419,-0.761919388743508,-1.05449938834495,-0.486330281066722,-0.186260608394072,-0.74141170866213,-0.49324341360677,-1.03324228466968,-0.635305545887962,-1.19900689160324,-1.34476909855209,-0.605197128217531,-1.21407262727816,-0.868255110668661,-0.717646092275052,-1.05200981533779,-1.76382014812995,-1.53051896264739
"099670139bb042a04878c5faac723f2c",-0.291072637250763,-1.07304406995629,-1.10788000466889,-0.516218478835092,-0.310993603324959,-0.957428638120426,-0.751635288981918,-0.498364542843747,-0.885045172560404,-1.26355012299565,-0.740934204811395,-0.551747759325504,-0.789717167547472,-0.700470356999021,-0.973783146607913,-0.438692579244231,-0.615380132967531,-0.71193609347085,-1.11704066818131,-0.628158325973054,-1.04410012776162,-0.545161162245128,-1.24323636209318,-0.496526080688939,-0.522481804915641,-0.241947109402338,-1.21786322550899,-1.06204553196961,-0.449173669970869,-0.301885417494481,-0.711723935456612,-0.563592804083617,-0.101686708003456,-1.07023422763401,-0.38578571726211,-0.499555124276017,-0.0894184923013603,-0.524070609049569,-0.644568197876616,-0.51826815734792,-0.413200705933234,-0.842187047906967,-0.802359630551128,-0.768223975510788,-0.440312824324942,-0.286743397098996,-0.397311490751039,-0.518052681235547,-0.685897393960472,-0.710260521615734,-0.952889931913621,-0.991522461914708
"9227fb3f470a6f03b9434ebedc7a8a10",-0.735004026186724,-0.762889141652453,-0.797725076365054,-0.818499350708025,-0.39437521226401,-1.18057218943464,-0.885166681606441,-0.338021892768568,-1.06736672935436,-0.593392460660404,-0.740934204811395,-0.376543670300413,-0.384252059439308,-0.302787389332912,-0.536569340185168,-0.460198784465194,-0.736008120756146,-0.609281939410766,-1.35342944624554,-0.822314340414012,-0.549403885925514,-0.699311842072386,-1.00684758402895,-0.160053844067726,-0.522481804915641,-1.06862568258681,-1.98000327755588,-1.06204553196961,-0.408351675450614,-0.335786969170162,-1.03714633589124,-0.873747732387457,-0.885805666769128,-0.782552155182225,-0.980492825008803,-1.11859433268224,-1.34218146079673,-0.563291322202851,-0.328230869664459,-0.369848152229646,-0.5802547905964,-0.366763351191892,-0.635305545887962,-1.97219677983672,-0.776785060946155,-0.574425469550777,-0.632151081828439,-0.495579825383488,-0.685897393960472,-0.634274614637811,-0.464537163999689,-0.218332573681226
"80f6c62af8a91fce6b60c53a999bdd7d",-1.08331072045494,-1.02859230738546,-0.561336298300824,-1.0867633373027,-0.179965340918555,-0.679796901522146,-0.802928583369469,-0.689419779606457,-0.354416921498233,-0.483391565446075,-0.208717391064087,-0.153400118986204,-0.316429463100547,-0.418619204858033,-0.264635624701526,-0.527640065260727,-0.225182496990155,-0.297502315379925,-0.803383109326268,-0.283317839681324,-0.152102088456511,-0.188486218306396,-0.424926038579225,-0.136523346657532,-0.645084127007974,-0.181322487585903,-1.03554166871503,-0.982002824296074,-0.988170170703556,-0.707350525602646,-1.11718904356478,-0.873747732387457,-0.634491238488222,-1.00569570649643,-0.980492825008803,-1.11859433268224,-1.34218146079673,-1.70272560539122,-0.398435128337708,-1.25223733242812,-0.413200705933234,-1.7804566864999,-2.28396417147534,-1.56673167172856,-1.78008716980994,-0.935438815088108,-1.16277933289061,-1.73729295769227,-1.37904457452042,-0.980550851355645,-1.20420436019453,-0.83737178208745
"e4452a2addb8dcad50e0966ef9ccfb6e",-0.735004026186724,-0.831882013139405,-0.39225996825689,-0.761340936868077,-1.04496277840516,-0.305103452080735,-0.726942676391547,-0.893018734847696,-0.191897992000459,-0.422766943629641,-0.439829112027474,-0.688323294331255,-0.5771557255638,-0.724000854409215,-0.418786304528784,-0.397019882843663,-0.225182496990155,-0.71193609347085,-0.803383109326268,-0.51693269086283,-0.434334556140727,-0.168683591010216,-0.815792347266237,-0.463736257865949,-0.484741476932794,-0.0967650995578397,-1.72868884927498,-0.502429744034188,-0.988170170703556,-0.612040345798321,-0.200898311690621,-0.136148789256678,-0.464592201692825,-0.60023059838827,-0.534205722380383,-0.425447152122295,-0.782565672861306,-0.198648208614941,-0.311423751348078,-0.964555259976339,-0.780925486058551,-1.33862393422086,-0.757907867980295,-0.505859711043297,-1.23354346344187,-1.67303775821889,-1.45046140534239,-1.52965359291403,-1.84904820376615,-1.57525795910234,-1.68377744045641,-2.3778168230346
"e51072f054476c7d775a498ebc7dfcb7",-1.26563227724889,-0.831882013139405,-1.42633373578743,-1.94696460252582,-5.60408773413229,-1.23186548382219,-1.26246091274791,-1.06890940131136,-0.820506651422833,-0.92060537186882,-0.76833317899951,-0.688323294331255,-0.900942802657696,-0.510426754111156,-0.852422289603645,-0.956635670779086,-0.661900148602423,-1.48964066205886,-2.26972017811969,-1.85193375759517,-5.55655678047542,-5.3904078738257,-5.35343588198581,-5.13098122516954,-4.9890018009372,-4.9296413539018,-5.29288992690225,-1.46751064007778,-1.22933222752044,-0.707350525602646,-0.269891183177573,-0.0527671803176268,-0.0801805027824929,0.229048756496256,0.272270143486566,0.599057164392093,0.683771395932121,0.660484109419265,-0.822249375114069,0.389990402828971,-1.10634788649318,0.19670600605952,0.265480999450227,0.579849172788905,-0.207690529056188,-0.382053576903321,-0.603163544955188,-0.664656155427422,-0.932757471891998,-1.05200981533779,-0.722366273301788,-0.911479754241171
"c9f9355d32e264f6bc060415332587bb",-0.454702061032566,-1.86150143032056,-1.25448347886077,-0.0681937563081316,-1.04496277840516,-0.775107081326471,-0.221007037919748,-0.435185641222216,-0.278909368990088,0.0398565783184726,-0.381560203903498,-0.664225742752194,-0.438319280709583,-0.798108826562937,-0.796852438448834,-1.58078997985208,-1.22151593653785,-0.9555581761286,-2.26972017811969,-0.935643025721015,-1.12748173670067,-0.699311842072386,-1.38633720573385,-0.601886596346766,-0.44837383276192,-0.529629181854118,-1.09270008255498,-0.502429744034188,-0.582705062595391,-1.50585822182042,-1.52265415167294,-1.13157684168956,-1.09711476043634,-0.887912670840051,-1.55585696991236,-0.538775837429299,-0.608212285716528,-0.285659585604571,-1.22771448322223,-0.601649766286971,-0.898708521714935,-0.0858609657254901,-0.459414879424298,-0.505859711043297,-0.999928612260364,-0.738728520842054,-1.02301739051545,-0.901044933491652,-0.390433181066636,-0.980550851355645,-0.511057179634582,-1.12505385453923
"406d2049afc545fff9ca66c77497f9c1",-1.55331434970068,-5.53749541057216,-1.89633736503316,-1.45448811742802,-5.6588700803245,-1.69139781320063,-1.39599230537243,-0.455804928424951,-0.457601157733464,-0.547930086583647,-0.381560203903498,-0.412911314471288,-0.47605960869243,-0.510426754111156,-0.495747345664913,-0.48217769118397,-0.933833864086065,-0.767505944625661,-1.17110788945159,-0.935643025721015,-0.478786318711561,-0.462923064008156,-0.815792347266237,-0.342375400861681,-0.0429087246537549,-0.616640558843748,-0.524716044949042,-0.0205916571414493,0.0863445663854936,0.0104892675476713,-0.0467476318633633,-0.438429661129611,0.0014975282317744,-0.281776867269735,-0.256573985782103,-0.202303600808086,0.0230594911253297,-0.691124693712735,-0.55562071186012,-0.335946600553965,-0.23731003946957,-1.03324228466968,-1.25434475429419,-1.05590604796257,-0.845777932433106,-1.23771968696104,-1.11398916872118,-5.63012695006819,-1.44358309565799,-1.70878935172686,-1.9461417049239,-1.60462693480112
"d0d0714792ef3b5a6951ca3d28020d4c",-0.827377346317739,-0.335445126825514,-0.672561933411048,-5.7725274251807,-1.04496277840516,-0.99825063264068,-0.415163052360705,-0.959710109346368,-0.334998835641132,-0.717006416627581,-0.460031819344993,-0.790977448391339,-0.789717167547472,-0.611522870982525,-0.475944718368733,-0.22839717040787,-0.122903647869737,-0.609281939410766,-0.149456641919604,-0.32587745410012,-0.273991906065548,-0.666522019249395,-0.955554289641396,-1.18967326124888,-1.21562898547559,-1.76177286314675,-5.38190866488711,-1.24436708876356,-1.14232085053081,-4.99385008294565,-4.88293957368191,-5.27772643762967,-0.292741944766166,-0.6872419753779,-0.575027716900638,-5.07175996009957,-0.649034280236783,-0.226819085581638,-0.716888859456243,-0.79270500304968,-0.8380838998985,-0.54369405935097,-0.28248417126522,-0.298220346265052,-1.23354346344187,-0.544572506401096,-0.603163544955188,-0.901044933491652,-0.784337466773724,-5.72987228895559,-1.02985097304975,-1.33636294820644
"54bfe2ef4daddf3bb8a3529ab176f5ec",-0.86016716914073,-0.526500363588223,-0.0880485938538982,-0.733941962679963,-0.585430449026719,-1.04081024705948,-1.18241820507437,-1.1489521089849,-0.820506651422833,-1.41015359718753,-1.01964760728042,-0.936159458235836,-1.24924949692591,-1.02768326820744,-1.07556584091786,-1.45562683689807,-0.816050828429682,-0.826346444648594,-5.43550529947542,-0.465639396475279,-0.861778570967667,-0.362839605451173,-0.51729935871024,-0.806681008992779,-0.689535889578807,-0.0700968524756784,-5.40220706140618,-1.24436708876356,-0.449173669970869,-1.1381334416951,-1.03714633589124,-0.873747732387457,-0.634491238488222,-0.446079918561012,-1.04503134614637,-0.579597831949553,-0.649034280236783,-0.837728167904611,-1.18689248870198,-0.601649766286971,-1.03223991433946,-1.20509254159634,-0.715348253561499,-0.628462033135629,-0.464410375904002,-0.286743397098996,0.0311431355818241,-0.294909129921336,-0.750435915098043,-0.658967227228183,-0.611140638191564,-1.0340820763335
